ykiho,dgsbjtCd,dgsbjtCdNm,dgsbjtPrSdrCnt,cdiagDrCnt,yadmNm,clCdNm,sgguCdNm
JDQ4MTg4MSM1MSMkMSMkMCMkOTkkMzgxMzUxIzQxIyQxIyQ3IyQwMyQ0NjEwMDIjNTEjJDEjJDIjJDgz,1,내과,4,0,(의)가산의료재단 광동병원,병원,강남구
JDQ4MTg4MSM1MSMkMSMkMCMkOTkkMzgxMzUxIzQxIyQxIyQ3IyQwMyQ0NjEwMDIjNTEjJDEjJDIjJDgz,2,신경과,1,0,(의)가산의료재단 광동병원,병원,강남구
JDQ4MTg4MSM1MSMkMSMkMCMkOTkkMzgxMzUxIzQxIyQxIyQ3IyQwMyQ0NjEwMDIjNTEjJDEjJDIjJDgz,5,정형외과,0,0,(의)가산의료재단 광동병원,병원,강남구
JDQ4MTg4MSM1MSMkMSMkMCMkOTkkMzgxMzUxIzQxIyQxIyQ3IyQwMyQ0NjEwMDIjNTEjJDEjJDIjJDgz,6,신경외과,0,0,(의)가산의료재단 광동병원,병원,강남구
JDQ4MTg4MSM1MSMkMSMkMCMkOTkkMzgxMzUxIzQxIyQxIyQ3IyQwMyQ0NjEwMDIjNTEjJDEjJDIjJDgz,16,영상의학과,1,0,(의)가산의료재단 광동병원,병원,강남구
JDQ4MTg4MSM1MSMkMSMkMCMkOTkkMzgxMzUxIzQxIyQxIyQ3IyQwMyQ0NjEwMDIjNTEjJDEjJDIjJDgz,21,재활의학과,1,0,(의)가산의료재단 광동병원,병원,강남구
JDQ4MTg4MSM1MSMkMSMkMCMkOTkkMzgxMzUxIzQxIyQxIyQ3IyQwMyQ0NjEwMDIjNTEjJDEjJDIjJDgz,23,가정의학과,1,0,(의)가산의료재단 광동병원,병원,강남구
JDQ4MTg4MSM1MSMkMSMkMCMkOTkkMzgxMzUxIzQxIyQxIyQ3IyQwMyQ0NjEwMDIjNTEjJDEjJDIjJDgz,80,한방내과,1,0,(의)가산의료재단 광동병원,병원,강남구
JDQ4MTg4MSM1MSMkMSMkMCMkOTkkMzgxMzUxIzQxIyQxIyQ3IyQwMyQ0NjEwMDIjNTEjJDEjJDIjJDgz,87,사상체질과,1,0,(의)가산의료재단 광동병원,병원,강남구
JDQ4MTg4MSM1MSMkMSMkMCMkOTkkMzgxMzUxIzUxIyQxIyQxIyQ3OSQzNjEwMDIjODEjJDEjJDIjJDgz,1,내과,0,0,123스텝업병원,병원,강동구
JDQ4MTg4MSM1MSMkMSMkMCMkOTkkMzgxMzUxIzUxIyQxIyQxIyQ3OSQzNjEwMDIjODEjJDEjJDIjJDgz,5,정형외과,2,0,123스텝업병원,병원,강동구
JDQ4MTg4MSM1MSMkMSMkMCMkOTkkMzgxMzUxIzUxIyQxIyQxIyQ3OSQzNjEwMDIjODEjJDEjJDIjJDgz,6,신경외과,1,0,123스텝업병원,병원,강동구
JDQ4MTg4MSM1MSMkMSMkMCMkOTkkMzgxMzUxIzUxIyQxIyQxIyQ3OSQzNjEwMDIjODEjJDEjJDIjJDgz,9,마취통증의학과,0,0,123스텝업병원,병원,강동구
JDQ4MTg4MSM1MSMkMSMkMCMkOTkkMzgxMzUxIzUxIyQxIyQxIyQ3OSQzNjEwMDIjODEjJDEjJDIjJDgz,16,영상의학과,1,0,123스텝업병원,병원,강동구
JDQ4MTg4MSM1MSMkMSMkMCMkOTkkMzgxMzUxIzMxIyQxIyQ3IyQ5OSQ0NjE0ODEjNjEjJDEjJDAjJDgz,4,외과,1,0,365엠씨(mc)병원,병원,서초구
JDQ4MTg4MSM1MSMkMSMkMCMkOTkkMzgxMzUxIzMxIyQxIyQ3IyQ5OSQ0NjE0ODEjNjEjJDEjJDAjJDgz,8,성형외과,1,0,365엠씨(mc)병원,병원,서초구
JDQ4MTg4MSM1MSMkMSMkMCMkOTkkMzgxMzUxIzMxIyQxIyQ3IyQ5OSQ0NjE0ODEjNjEjJDEjJDAjJDgz,14,피부과,0,0,365엠씨(mc)병원,병원,서초구
JDQ4MTg4MSM1MSMkMSMkMCMkOTkkMzgxMzUxIzMxIyQxIyQ3IyQ5OSQ0NjE0ODEjNjEjJDEjJDAjJDgz,23,가정의학과,11,0,365엠씨(mc)병원,병원,서초구
JDQ4MTg4MSM1MSMkMSMkMCMkOTkkMzgxMzUxIzQxIyQxIyQ3IyQ5OSQzNjE0ODEjODEjJDEjJDIjJDgz,1,내과,1,0,9988병원,병원,성동구
JDQ4MTg4MSM1MSMkMSMkMCMkOTkkMzgxMzUxIzQxIyQxIyQ3IyQ5OSQzNjE0ODEjODEjJDEjJDIjJDgz,5,정형외과,2,0,9988병원,병원,성동구
JDQ4MTg4MSM1MSMkMSMkMCMkOTkkMzgxMzUxIzQxIyQxIyQ3IyQ5OSQzNjE0ODEjODEjJDEjJDIjJDgz,6,신경외과,0,0,9988병원,병원,성동구
JDQ4MTg4MSM1MSMkMSMkMCMkOTkkMzgxMzUxIzQxIyQxIyQ3IyQ5OSQzNjE0ODEjODEjJDEjJDIjJDgz,9,마취통증의학과,2,0,9988병원,병원,성동구
JDQ4MTg4MSM1MSMkMSMkMCMkOTkkMzgxMzUxIzQxIyQxIyQ3IyQ5OSQzNjE0ODEjODEjJDEjJDIjJDgz,16,영상의학과,1,0,9988병원,병원,성동구
JDQ4MTg4MSM1MSMkMSMkMCMkOTkkMzgxMzUxIzQxIyQxIyQ3IyQ5OSQzNjE0ODEjODEjJDEjJDIjJDgz,19,진단검사의학과,0,0,9988병원,병원,성동구
JDQ4MTg4MSM1MSMkMSMkMCMkOTkkMzgxMzUxIzQxIyQxIyQ3IyQ4OSQ0NjEwMDIjNDEjJDEjJDgjJDgz,1,내과,0,0,가자연세병원,병원,서대문구
JDQ4MTg4MSM1MSMkMSMkMCMkOTkkMzgxMzUxIzQxIyQxIyQ3IyQ4OSQ0NjEwMDIjNDEjJDEjJDgjJDgz,5,정형외과,6,0,가자연세병원,병원,서대문구
JDQ4MTg4MSM1MSMkMSMkMCMkOTkkMzgxMzUxIzQxIyQxIyQ3IyQ4OSQ0NjEwMDIjNDEjJDEjJDgjJDgz,6,신경외과,0,0,가자연세병원,병원,서대문구
JDQ4MTg4MSM1MSMkMSMkMCMkOTkkMzgxMzUxIzQxIyQxIyQ3IyQ4OSQ0NjEwMDIjNDEjJDEjJDgjJDgz,9,마취통증의학과,1,0,가자연세병원,병원,서대문구
JDQ4MTg4MSM1MSMkMSMkMCMkOTkkMzgxMzUxIzQxIyQxIyQ3IyQ4OSQ0NjEwMDIjNDEjJDEjJDgjJDgz,16,영상의학과,1,0,가자연세병원,병원,서대문구
JDQ4MTg4MSM1MSMkMSMkMCMkOTkkMzgxMzUxIzQxIyQxIyQ3IyQ4OSQ0NjEwMDIjNDEjJDEjJDgjJDgz,19,진단검사의학과,0,0,가자연세병원,병원,서대문구
JDQ4MTg4MSM1MSMkMSMkMCMkOTkkMzgxMzUxIzQxIyQxIyQ3IyQ4MiQzNjEyMjIjNTEjJDEjJDYjJDgz,1,내과,0,0,강남고려병원,병원,관악구
JDQ4MTg4MSM1MSMkMSMkMCMkOTkkMzgxMzUxIzQxIyQxIyQ3IyQ4MiQzNjEyMjIjNTEjJDEjJDYjJDgz,4,외과,0,0,강남고려병원,병원,관악구
JDQ4MTg4MSM1MSMkMSMkMCMkOTkkMzgxMzUxIzQxIyQxIyQ3IyQ4MiQzNjEyMjIjNTEjJDEjJDYjJDgz,5,정형외과,1,0,강남고려병원,병원,관악구
JDQ4MTg4MSM1MSMkMSMkMCMkOTkkMzgxMzUxIzQxIyQxIyQ3IyQ4MiQzNjEyMjIjNTEjJDEjJDYjJDgz,6,신경외과,0,0,강남고려병원,병원,관악구
JDQ4MTg4MSM1MSMkMSMkMCMkOTkkMzgxMzUxIzQxIyQxIyQ3IyQ4MiQzNjEyMjIjNTEjJDEjJDYjJDgz,9,마취통증의학과,0,0,강남고려병원,병원,관악구
JDQ4MTg4MSM1MSMkMSMkMCMkOTkkMzgxMzUxIzQxIyQxIyQ3IyQ4MiQzNjEyMjIjNTEjJDEjJDYjJDgz,10,산부인과,0,0,강남고려병원,병원,관악구
JDQ4MTg4MSM1MSMkMSMkMCMkOTkkMzgxMzUxIzQxIyQxIyQ3IyQ4MiQzNjEyMjIjNTEjJDEjJDYjJDgz,16,영상의학과,0,0,강남고려병원,병원,관악구
JDQ4MTg4MSM1MSMkMSMkMCMkOTkkMzgxMzUxIzQxIyQxIyQ3IyQ4MiQzNjEyMjIjNTEjJDEjJDYjJDgz,19,진단검사의학과,0,0,강남고려병원,병원,관악구
JDQ4MTg4MSM1MSMkMSMkMCMkOTkkMzgxMzUxIzQxIyQxIyQ3IyQ4MiQzNjEyMjIjNTEjJDEjJDYjJDgz,21,재활의학과,0,0,강남고려병원,병원,관악구
JDQ4MTg4MSM1MSMkMSMkMCMkOTkkMzgxMzUxIzQxIyQxIyQ3IyQ4MiQzNjEyMjIjNTEjJDEjJDYjJDgz,23,가정의학과,0,0,강남고려병원,병원,관악구
JDQ4MTg4MSM1MSMkMSMkMCMkOTkkMzgxMzUxIzQxIyQxIyQ3IyQ4MiQzNjEyMjIjNTEjJDEjJDYjJDgz,25,직업환경의학과,1,0,강남고려병원,병원,관악구
JDQ4MTg4MSM1MSMkMSMkMCMkOTkkMzgxMzUxIzQxIyQxIyQ3IyQ4MiQzNjEyMjIjNTEjJDEjJDYjJDgz,54,치주과,0,0,강남고려병원,병원,관악구
JDQ4MTg4MSM1MSMkMSMkMCMkOTkkMzgxMzUxIzQxIyQxIyQ3IyQ4MiQzNjEyMjIjNTEjJDEjJDYjJDgz,80,한방내과,0,0,강남고려병원,병원,관악구
JDQ4MTg4MSM1MSMkMSMkMCMkOTkkMzgxMzUxIzQxIyQxIyQ3IyQ4MiQzNjEyMjIjNTEjJDEjJDYjJDgz,81,한방부인과,0,0,강남고려병원,병원,관악구
JDQ4MTg4MSM1MSMkMSMkMCMkOTkkMzgxMzUxIzQxIyQxIyQ3IyQ4MiQzNjEyMjIjNTEjJDEjJDYjJDgz,82,한방소아과,0,0,강남고려병원,병원,관악구
JDQ4MTg4MSM1MSMkMSMkMCMkOTkkMzgxMzUxIzQxIyQxIyQ3IyQ4MiQzNjEyMjIjNTEjJDEjJDYjJDgz,83,한방안·이비인후·피부과,0,0,강남고려병원,병원,관악구
JDQ4MTg4MSM1MSMkMSMkMCMkOTkkMzgxMzUxIzQxIyQxIyQ3IyQ4MiQzNjEyMjIjNTEjJDEjJDYjJDgz,84,한방신경정신과,0,0,강남고려병원,병원,관악구
JDQ4MTg4MSM1MSMkMSMkMCMkOTkkMzgxMzUxIzQxIyQxIyQ3IyQ4MiQzNjEyMjIjNTEjJDEjJDYjJDgz,85,침구과,0,0,강남고려병원,병원,관악구
JDQ4MTg4MSM1MSMkMSMkMCMkOTkkMzgxMzUxIzQxIyQxIyQ3IyQ4MiQzNjEyMjIjNTEjJDEjJDYjJDgz,86,한방재활의학과,0,0,강남고려병원,병원,관악구
JDQ4MTg4MSM1MSMkMSMkMCMkOTkkMzgxMzUxIzQxIyQxIyQ3IyQ4MiQzNjEyMjIjNTEjJDEjJDYjJDgz,87,사상체질과,0,0,강남고려병원,병원,관악구
JDQ4MTg4MSM1MSMkMSMkMCMkOTkkMzgxMzUxIzMxIyQxIyQzIyQ4MiQ0NjE0ODEjNzEjJDEjJDgjJDgz,5,정형외과,1,0,강남수병원,병원,송파구
JDQ4MTg4MSM1MSMkMSMkMCMkOTkkMzgxMzUxIzMxIyQxIyQzIyQ4MiQ0NjE0ODEjNzEjJDEjJDgjJDgz,8,성형외과,1,0,강남수병원,병원,송파구
JDQ4MTg4MSM1MSMkMSMkMCMkOTkkMzgxMzUxIzMxIyQxIyQzIyQ4MiQ0NjE0ODEjNzEjJDEjJDgjJDgz,9,마취통증의학과,1,0,강남수병원,병원,송파구
JDQ4MTg4MSM1MSMkMSMkMCMkOTkkMzgxMzUxIzMxIyQxIyQzIyQ4MiQ0NjE0ODEjNzEjJDEjJDgjJDgz,23,가정의학과,0,0,강남수병원,병원,송파구
JDQ4MTg4MSM1MSMkMSMkMCMkOTkkMzgxMzUxIzQxIyQxIyQ3IyQ5OSQyNjE4MzIjNDEjJDEjJDQjJDgz,1,내과,2,0,강남유나이티드병원,병원,강남구
JDQ4MTg4MSM1MSMkMSMkMCMkOTkkMzgxMzUxIzQxIyQxIyQ3IyQ5OSQyNjE4MzIjNDEjJDEjJDQjJDgz,5,정형외과,1,0,강남유나이티드병원,병원,강남구
JDQ4MTg4MSM1MSMkMSMkMCMkOTkkMzgxMzUxIzQxIyQxIyQ3IyQ5OSQyNjE4MzIjNDEjJDEjJDQjJDgz,6,신경외과,1,0,강남유나이티드병원,병원,강남구
JDQ4MTg4MSM1MSMkMSMkMCMkOTkkMzgxMzUxIzQxIyQxIyQ3IyQ5OSQyNjE4MzIjNDEjJDEjJDQjJDgz,9,마취통증의학과,1,0,강남유나이티드병원,병원,강남구
JDQ4MTg4MSM1MSMkMSMkMCMkOTkkMzgxMzUxIzQxIyQxIyQ3IyQ5OSQyNjE4MzIjNDEjJDEjJDQjJDgz,16,영상의학과,1,0,강남유나이티드병원,병원,강남구
JDQ4MTg4MSM1MSMkMSMkMCMkOTkkMzgxMzUxIzQxIyQxIyQ3IyQ5OSQyNjE4MzIjNDEjJDEjJDQjJDgz,23,가정의학과,0,0,강남유나이티드병원,병원,강남구
JDQ4MTg4MSM1MSMkMSMkMCMkOTkkMzgxMzUxIzMxIyQxIyQ3IyQ4OSQyNjEyMjIjODEjJDEjJDIjJDgz,1,내과,0,0,강남을지대학교병원,병원,강남구
JDQ4MTg4MSM1MSMkMSMkMCMkOTkkMzgxMzUxIzMxIyQxIyQ3IyQ4OSQyNjEyMjIjODEjJDEjJDIjJDgz,16,영상의학과,0,0,강남을지대학교병원,병원,강남구
JDQ4MTg4MSM1MSMkMSMkMCMkOTkkMzgxMzUxIzMxIyQxIyQ3IyQ4OSQyNjEyMjIjODEjJDEjJDIjJDgz,23,가정의학과,1,0,강남을지대학교병원,병원,강남구
JDQ4MTg4MSM1MSMkMSMkMCMkOTkkMzgxMzUxIzMxIyQxIyQ3IyQ2MiQyNjE4MzIjODEjJDEjJDIjJDgz,5,정형외과,2,0,강남제이에스병원,병원,강남구
JDQ4MTg4MSM1MSMkMSMkMCMkOTkkMzgxMzUxIzMxIyQxIyQ3IyQ2MiQyNjE4MzIjODEjJDEjJDIjJDgz,6,신경외과,1,0,강남제이에스병원,병원,강남구
JDQ4MTg4MSM1MSMkMSMkMCMkOTkkMzgxMzUxIzMxIyQxIyQ3IyQ2MiQyNjE4MzIjODEjJDEjJDIjJDgz,9,마취통증의학과,1,0,강남제이에스병원,병원,강남구
JDQ4MTg4MSM1MSMkMSMkMCMkOTkkMzgxMzUxIzMxIyQxIyQ3IyQ2MiQyNjE4MzIjODEjJDEjJDIjJDgz,16,영상의학과,1,0,강남제이에스병원,병원,강남구
JDQ4MTg4MSM1MSMkMSMkMCMkOTkkMzgxMzUxIzQxIyQyIyQ3IyQwMCQzNjEwMDIjNTEjJDEjJDYjJDgz,1,내과,7,0,강남지인병원,병원,강남구
JDQ4MTg4MSM1MSMkMSMkMCMkOTkkMzgxMzUxIzQxIyQyIyQ3IyQwMCQzNjEwMDIjNTEjJDEjJDYjJDgz,4,외과,2,0,강남지인병원,병원,강남구
JDQ4MTg4MSM1MSMkMSMkMCMkOTkkMzgxMzUxIzQxIyQyIyQ3IyQwMCQzNjEwMDIjNTEjJDEjJDYjJDgz,5,정형외과,1,0,강남지인병원,병원,강남구
JDQ4MTg4MSM1MSMkMSMkMCMkOTkkMzgxMzUxIzQxIyQyIyQ3IyQwMCQzNjEwMDIjNTEjJDEjJDYjJDgz,23,가정의학과,1,0,강남지인병원,병원,강남구
JDQ4MTg4MSM1MSMkMSMkMCMkOTkkMzgxMzUxIzMxIyQxIyQzIyQ3MiQyNjEwMDIjNTEjJDEjJDIjJDgz,5,정형외과,2,0,강남초이스병원,병원,강남구
JDQ4MTg4MSM1MSMkMSMkMCMkOTkkMzgxMzUxIzMxIyQxIyQzIyQ3MiQyNjEwMDIjNTEjJDEjJDIjJDgz,6,신경외과,1,0,강남초이스병원,병원,강남구
JDQ4MTg4MSM1MSMkMSMkMCMkOTkkMzgxMzUxIzMxIyQxIyQzIyQ3MiQyNjEwMDIjNTEjJDEjJDIjJDgz,8,성형외과,0,0,강남초이스병원,병원,강남구
JDQ4MTg4MSM1MSMkMSMkMCMkOTkkMzgxMzUxIzMxIyQxIyQzIyQ3MiQyNjEwMDIjNTEjJDEjJDIjJDgz,9,마취통증의학과,0,0,강남초이스병원,병원,강남구
JDQ4MTg4MSM1MSMkMSMkMCMkOTkkMzgxMzUxIzMxIyQxIyQzIyQ3MiQyNjEwMDIjNTEjJDEjJDIjJDgz,14,피부과,0,0,강남초이스병원,병원,강남구
JDQ4MTg4MSM1MSMkMSMkMCMkOTkkMzgxMzUxIzMxIyQxIyQzIyQ3MiQyNjEwMDIjNTEjJDEjJDIjJDgz,16,영상의학과,1,0,강남초이스병원,병원,강남구
JDQ4MTg4MSM1MSMkMSMkMCMkOTkkMzgxMzUxIzMxIyQxIyQzIyQ3MiQyNjEwMDIjNTEjJDEjJDIjJDgz,85,침구과,0,0,강남초이스병원,병원,강남구
JDQ4MTg4MSM1MSMkMSMkMCMkOTkkMzgxMzUxIzMxIyQxIyQzIyQ3MiQyNjEwMDIjNTEjJDEjJDIjJDgz,86,한방재활의학과,0,0,강남초이스병원,병원,강남구
JDQ4MTg4MSM1MSMkMSMkMCMkOTkkMzgxMzUxIzUxIyQxIyQxIyQ5OSQyNjE4MzIjNjEjJDEjJDgjJDgz,1,내과,1,0,강남힐병원,병원,관악구
JDQ4MTg4MSM1MSMkMSMkMCMkOTkkMzgxMzUxIzUxIyQxIyQxIyQ5OSQyNjE4MzIjNjEjJDEjJDgjJDgz,4,외과,0,0,강남힐병원,병원,관악구
JDQ4MTg4MSM1MSMkMSMkMCMkOTkkMzgxMzUxIzUxIyQxIyQxIyQ5OSQyNjE4MzIjNjEjJDEjJDgjJDgz,5,정형외과,1,0,강남힐병원,병원,관악구
JDQ4MTg4MSM1MSMkMSMkMCMkOTkkMzgxMzUxIzUxIyQxIyQxIyQ5OSQyNjE4MzIjNjEjJDEjJDgjJDgz,6,신경외과,0,0,강남힐병원,병원,관악구
JDQ4MTg4MSM1MSMkMSMkMCMkOTkkMzgxMzUxIzUxIyQxIyQxIyQ5OSQyNjE4MzIjNjEjJDEjJDgjJDgz,16,영상의학과,1,0,강남힐병원,병원,관악구
JDQ4MTg4MSM1MSMkMSMkMCMkOTkkMzgxMzUxIzUxIyQxIyQxIyQ5OSQyNjE4MzIjNjEjJDEjJDgjJDgz,23,가정의학과,0,0,강남힐병원,병원,관악구
JDQ4MTg4MSM1MSMkMSMkMCMkOTkkMzgxMzUxIzUxIyQxIyQxIyQ5OSQyNjE4MzIjNjEjJDEjJDgjJDgz,24,응급의학과,0,0,강남힐병원,병원,관악구
JDQ4MTg4MSM1MSMkMSMkMCMkOTkkMzgxMzUxIzUxIyQxIyQxIyQ5OSQyNjEyMjIjODEjJDEjJDIjJDgz,1,내과,0,0,강동삼성재활의학과병원,병원,강동구
JDQ4MTg4MSM1MSMkMSMkMCMkOTkkMzgxMzUxIzUxIyQxIyQxIyQ5OSQyNjEyMjIjODEjJDEjJDIjJDgz,2,신경과,0,0,강동삼성재활의학과병원,병원,강동구
JDQ4MTg4MSM1MSMkMSMkMCMkOTkkMzgxMzUxIzUxIyQxIyQxIyQ5OSQyNjEyMjIjODEjJDEjJDIjJDgz,9,마취통증의학과,0,0,강동삼성재활의학과병원,병원,강동구
JDQ4MTg4MSM1MSMkMSMkMCMkOTkkMzgxMzUxIzUxIyQxIyQxIyQ5OSQyNjEyMjIjODEjJDEjJDIjJDgz,21,재활의학과,3,0,강동삼성재활의학과병원,병원,강동구
JDQ4MTg4MSM1MSMkMSMkMCMkOTkkMzgxMzUxIzUxIyQxIyQxIyQ4OSQyNjEwMDIjNTEjJDEjJDIjJDgz,1,내과,4,0,강동아너스힐병원,병원,강동구
JDQ4MTg4MSM1MSMkMSMkMCMkOTkkMzgxMzUxIzUxIyQxIyQxIyQ4OSQyNjEwMDIjNTEjJDEjJDIjJDgz,2,신경과,0,0,강동아너스힐병원,병원,강동구
JDQ4MTg4MSM1MSMkMSMkMCMkOTkkMzgxMzUxIzUxIyQxIyQxIyQ4OSQyNjEwMDIjNTEjJDEjJDIjJDgz,14,피부과,0,0,강동아너스힐병원,병원,강동구
JDQ4MTg4MSM1MSMkMSMkMCMkOTkkMzgxMzUxIzUxIyQxIyQxIyQ4OSQyNjEwMDIjNTEjJDEjJDIjJDgz,21,재활의학과,1,0,강동아너스힐병원,병원,강동구
JDQ4MTg4MSM1MSMkMSMkMCMkOTkkMzgxMzUxIzUxIyQxIyQxIyQ4OSQyNjEwMDIjNTEjJDEjJDIjJDgz,23,가정의학과,0,0,강동아너스힐병원,병원,강동구
JDQ4MTg4MSM1MSMkMSMkMCMkOTkkMzgxMzUxIzUxIyQxIyQxIyQ4OSQyNjEwMDIjNTEjJDEjJDIjJDgz,80,한방내과,0,0,강동아너스힐병원,병원,강동구
JDQ4MTg4MSM1MSMkMSMkMCMkOTkkMzgxMzUxIzMxIyQxIyQzIyQxMyQ0NjEwMDIjNzEjJDEjJDgjJDgz,5,정형외과,4,0,강동연세병원,병원,강동구
JDQ4MTg4MSM1MSMkMSMkMCMkOTkkMzgxMzUxIzMxIyQxIyQzIyQxMyQ0NjEwMDIjNzEjJDEjJDgjJDgz,23,가정의학과,0,0,강동연세병원,병원,강동구
JDQ4MTg4MSM1MSMkMSMkMCMkOTkkMzgxMzUxIzMxIyQxIyQzIyQ3OSQyNjEwMDIjNjEjJDEjJDgjJDgz,1,내과,1,0,강북21세기병원,병원,중랑구
JDQ4MTg4MSM1MSMkMSMkMCMkOTkkMzgxMzUxIzMxIyQxIyQzIyQ3OSQyNjEwMDIjNjEjJDEjJDgjJDgz,5,정형외과,2,0,강북21세기병원,병원,중랑구
JDQ4MTg4MSM1MSMkMSMkMCMkOTkkMzgxMzUxIzMxIyQxIyQzIyQ3OSQyNjEwMDIjNjEjJDEjJDgjJDgz,6,신경외과,2,0,강북21세기병원,병원,중랑구
JDQ4MTg4MSM1MSMkMSMkMCMkOTkkMzgxMzUxIzMxIyQxIyQzIyQ3OSQyNjEwMDIjNjEjJDEjJDgjJDgz,9,마취통증의학과,1,0,강북21세기병원,병원,중랑구
JDQ4MTg4MSM1MSMkMSMkMCMkOTkkMzgxMzUxIzMxIyQxIyQzIyQ3OSQyNjEwMDIjNjEjJDEjJDgjJDgz,16,영상의학과,1,0,강북21세기병원,병원,중랑구
JDQ4MTg4MSM1MSMkMSMkMCMkOTkkMzgxMzUxIzQxIyQxIyQ3IyQ3OSQyNjEwMDIjODEjJDEjJDYjJDgz,1,내과,1,0,강북연세병원,병원,노원구
JDQ4MTg4MSM1MSMkMSMkMCMkOTkkMzgxMzUxIzQxIyQxIyQ3IyQ3OSQyNjEwMDIjODEjJDEjJDYjJDgz,5,정형외과,8,0,강북연세병원,병원,노원구
JDQ4MTg4MSM1MSMkMSMkMCMkOTkkMzgxMzUxIzQxIyQxIyQ3IyQ3OSQyNjEwMDIjODEjJDEjJDYjJDgz,6,신경외과,0,0,강북연세병원,병원,노원구
JDQ4MTg4MSM1MSMkMSMkMCMkOTkkMzgxMzUxIzQxIyQxIyQ3IyQ3OSQyNjEwMDIjODEjJDEjJDYjJDgz,9,마취통증의학과,1,0,강북연세병원,병원,노원구
JDQ4MTg4MSM1MSMkMSMkMCMkOTkkMzgxMzUxIzQxIyQxIyQ3IyQ3OSQyNjEwMDIjODEjJDEjJDYjJDgz,16,영상의학과,1,0,강북연세병원,병원,노원구
JDQ4MTg4MSM1MSMkMSMkMCMkOTkkMzgxMzUxIzQxIyQxIyQ3IyQ3OSQyNjEwMDIjODEjJDEjJDYjJDgz,19,진단검사의학과,0,0,강북연세병원,병원,노원구
JDQ4MTg4MSM1MSMkMSMkMCMkOTkkMzgxMzUxIzQxIyQxIyQ3IyQ3OSQyNjEwMDIjODEjJDEjJDYjJDgz,21,재활의학과,0,0,강북연세병원,병원,노원구
JDQ4MTg4MSM1MSMkMSMkMCMkOTkkMzgxMzUxIzMxIyQxIyQ3IyQ5OSQyNjEyMjIjNjEjJDEjJDQjJDgz,1,내과,0,0,강북우리병원,병원,강북구
JDQ4MTg4MSM1MSMkMSMkMCMkOTkkMzgxMzUxIzMxIyQxIyQ3IyQ5OSQyNjEyMjIjNjEjJDEjJDQjJDgz,6,신경외과,4,0,강북우리병원,병원,강북구
JDQ4MTg4MSM1MSMkMSMkMCMkOTkkMzgxMzUxIzMxIyQxIyQ3IyQ5OSQyNjEyMjIjNjEjJDEjJDQjJDgz,9,마취통증의학과,0,0,강북우리병원,병원,강북구
JDQ4MTg4MSM1MSMkMSMkMCMkOTkkMzgxMzUxIzMxIyQxIyQ3IyQ5OSQyNjEyMjIjNjEjJDEjJDQjJDgz,16,영상의학과,1,0,강북우리병원,병원,강북구
JDQ4MTg4MSM1MSMkMSMkMCMkOTkkMzgxMzUxIzQxIyQxIyQ3IyQ3MiQyNjEwMDIjNjEjJDEjJDQjJDgz,1,내과,2,0,강북으뜸병원,병원,강북구
JDQ4MTg4MSM1MSMkMSMkMCMkOTkkMzgxMzUxIzQxIyQxIyQ3IyQ3MiQyNjEwMDIjNjEjJDEjJDQjJDgz,2,신경과,0,0,강북으뜸병원,병원,강북구
JDQ4MTg4MSM1MSMkMSMkMCMkOTkkMzgxMzUxIzQxIyQxIyQ3IyQ3MiQyNjEwMDIjNjEjJDEjJDQjJDgz,5,정형외과,3,0,강북으뜸병원,병원,강북구
JDQ4MTg4MSM1MSMkMSMkMCMkOTkkMzgxMzUxIzQxIyQxIyQ3IyQ3MiQyNjEwMDIjNjEjJDEjJDQjJDgz,6,신경외과,1,0,강북으뜸병원,병원,강북구
JDQ4MTg4MSM1MSMkMSMkMCMkOTkkMzgxMzUxIzQxIyQxIyQ3IyQ3MiQyNjEwMDIjNjEjJDEjJDQjJDgz,9,마취통증의학과,0,0,강북으뜸병원,병원,강북구
JDQ4MTg4MSM1MSMkMSMkMCMkOTkkMzgxMzUxIzQxIyQxIyQ3IyQ3MiQyNjEwMDIjNjEjJDEjJDQjJDgz,16,영상의학과,1,0,강북으뜸병원,병원,강북구
JDQ4MTg4MSM1MSMkMSMkMCMkOTkkMzgxMzUxIzQxIyQxIyQ3IyQ3MiQyNjEwMDIjNjEjJDEjJDQjJDgz,23,가정의학과,0,0,강북으뜸병원,병원,강북구
JDQ4MTg4MSM1MSMkMSMkMCMkOTkkMzgxMzUxIzQxIyQxIyQ3IyQ2MiQyNjE4MzIjNjEjJDEjJDAjJDgz,21,재활의학과,2,0,강서바른세상병원,병원,강서구
JDQ4MTg4MSM1MSMkMSMkMCMkOTkkMzgxMzUxIzQxIyQxIyQ3IyQ2MiQyNjE4MzIjNjEjJDEjJDAjJDgz,80,한방내과,0,0,강서바른세상병원,병원,강서구
JDQ4MTg4MSM1MSMkMSMkMCMkOTkkMzgxMzUxIzQxIyQxIyQ3IyQ2MiQyNjE4MzIjNjEjJDEjJDAjJDgz,81,한방부인과,0,0,강서바른세상병원,병원,강서구
JDQ4MTg4MSM1MSMkMSMkMCMkOTkkMzgxMzUxIzQxIyQxIyQ3IyQ2MiQyNjE4MzIjNjEjJDEjJDAjJDgz,82,한방소아과,0,0,강서바른세상병원,병원,강서구
JDQ4MTg4MSM1MSMkMSMkMCMkOTkkMzgxMzUxIzQxIyQxIyQ3IyQ2MiQyNjE4MzIjNjEjJDEjJDAjJDgz,83,한방안·이비인후·피부과,0,0,강서바른세상병원,병원,강서구
JDQ4MTg4MSM1MSMkMSMkMCMkOTkkMzgxMzUxIzQxIyQxIyQ3IyQ2MiQyNjE4MzIjNjEjJDEjJDAjJDgz,84,한방신경정신과,0,0,강서바른세상병원,병원,강서구
JDQ4MTg4MSM1MSMkMSMkMCMkOTkkMzgxMzUxIzQxIyQxIyQ3IyQ2MiQyNjE4MzIjNjEjJDEjJDAjJDgz,85,침구과,0,0,강서바른세상병원,병원,강서구
JDQ4MTg4MSM1MSMkMSMkMCMkOTkkMzgxMzUxIzQxIyQxIyQ3IyQ2MiQyNjE4MzIjNjEjJDEjJDAjJDgz,86,한방재활의학과,0,0,강서바른세상병원,병원,강서구
JDQ4MTg4MSM1MSMkMSMkMCMkOTkkMzgxMzUxIzQxIyQxIyQ3IyQ2MiQyNjE4MzIjNjEjJDEjJDAjJDgz,87,사상체질과,0,0,강서바른세상병원,병원,강서구
JDQ4MTg4MSM1MSMkMSMkMCMkOTkkMzgxMzUxIzMxIyQyIyQzIyQwMCQzNjEyMjIjODEjJDEjJDYjJDgz,1,내과,1,0,강서송도병원,병원,강서구
JDQ4MTg4MSM1MSMkMSMkMCMkOTkkMzgxMzUxIzMxIyQyIyQzIyQwMCQzNjEyMjIjODEjJDEjJDYjJDgz,4,외과,5,0,강서송도병원,병원,강서구
JDQ4MTg4MSM1MSMkMSMkMCMkOTkkMzgxMzUxIzMxIyQyIyQzIyQwMCQzNjEyMjIjODEjJDEjJDYjJDgz,9,마취통증의학과,0,0,강서송도병원,병원,강서구
JDQ4MTg4MSM1MSMkMSMkMCMkOTkkMzgxMzUxIzMxIyQyIyQzIyQwMCQzNjEyMjIjODEjJDEjJDYjJDgz,16,영상의학과,1,0,강서송도병원,병원,강서구
JDQ4MTg4MSM1MSMkMSMkMCMkOTkkMzgxMzUxIzMxIyQyIyQzIyQwMCQzNjEyMjIjODEjJDEjJDYjJDgz,23,가정의학과,1,0,강서송도병원,병원,강서구
JDQ4MTg4MSM1MSMkMSMkMCMkOTkkMzgxMzUxIzQxIyQxIyQ3IyQxMyQyNjE4MzIjNDEjJDEjJDgjJDgz,1,내과,1,0,강서케이병원,병원,강서구
JDQ4MTg4MSM1MSMkMSMkMCMkOTkkMzgxMzUxIzQxIyQxIyQ3IyQxMyQyNjE4MzIjNDEjJDEjJDgjJDgz,5,정형외과,4,0,강서케이병원,병원,강서구
JDQ4MTg4MSM1MSMkMSMkMCMkOTkkMzgxMzUxIzQxIyQxIyQ3IyQxMyQyNjE4MzIjNDEjJDEjJDgjJDgz,6,신경외과,2,0,강서케이병원,병원,강서구
JDQ4MTg4MSM1MSMkMSMkMCMkOTkkMzgxMzUxIzQxIyQxIyQ3IyQxMyQyNjE4MzIjNDEjJDEjJDgjJDgz,9,마취통증의학과,0,0,강서케이병원,병원,강서구
JDQ4MTg4MSM1MSMkMSMkMCMkOTkkMzgxMzUxIzQxIyQxIyQ3IyQxMyQyNjE4MzIjNDEjJDEjJDgjJDgz,16,영상의학과,1,0,강서케이병원,병원,강서구
JDQ4MTg4MSM1MSMkMSMkMCMkOTkkMzgxMzUxIzUxIyQxIyQxIyQ3OSQzNjE0ODEjNDEjJDEjJDQjJDgz,1,내과,0,0,강서푸른꿈성모어린이병원,병원,강서구
JDQ4MTg4MSM1MSMkMSMkMCMkOTkkMzgxMzUxIzUxIyQxIyQxIyQ3OSQzNjE0ODEjNDEjJDEjJDQjJDgz,11,소아청소년과,5,0,강서푸른꿈성모어린이병원,병원,강서구
JDQ4MTg4MSM1MSMkMSMkMCMkOTkkMzgxMzUxIzMxIyQxIyQ3IyQ4MiQzNjEwMDIjODEjJDEjJDYjJDgz,1,내과,1,0,강서힘찬병원,병원,강서구
JDQ4MTg4MSM1MSMkMSMkMCMkOTkkMzgxMzUxIzMxIyQxIyQ3IyQ4MiQzNjEwMDIjODEjJDEjJDYjJDgz,2,신경과,0,0,강서힘찬병원,병원,강서구
JDQ4MTg4MSM1MSMkMSMkMCMkOTkkMzgxMzUxIzMxIyQxIyQ3IyQ4MiQzNjEwMDIjODEjJDEjJDYjJDgz,5,정형외과,4,0,강서힘찬병원,병원,강서구
JDQ4MTg4MSM1MSMkMSMkMCMkOTkkMzgxMzUxIzMxIyQxIyQ3IyQ4MiQzNjEwMDIjODEjJDEjJDYjJDgz,6,신경외과,1,0,강서힘찬병원,병원,강서구
JDQ4MTg4MSM1MSMkMSMkMCMkOTkkMzgxMzUxIzMxIyQxIyQ3IyQ4MiQzNjEwMDIjODEjJDEjJDYjJDgz,9,마취통증의학과,0,0,강서힘찬병원,병원,강서구
JDQ4MTg4MSM1MSMkMSMkMCMkOTkkMzgxMzUxIzMxIyQxIyQ3IyQ4MiQzNjEwMDIjODEjJDEjJDYjJDgz,16,영상의학과,1,0,강서힘찬병원,병원,강서구
JDQ4MTg4MSM1MSMkMSMkMCMkOTkkMzgxMzUxIzMxIyQxIyQ3IyQ4MiQzNjEwMDIjODEjJDEjJDYjJDgz,19,진단검사의학과,0,0,강서힘찬병원,병원,강서구
JDQ4MTg4MSM1MSMkMSMkMCMkOTkkMzgxMzUxIzMxIyQxIyQ3IyQ4MiQzNjEwMDIjODEjJDEjJDYjJDgz,21,재활의학과,0,0,강서힘찬병원,병원,강서구
JDQ4MTg4MSM1MSMkMSMkMCMkOTkkMzgxMzUxIzMxIyQxIyQ3IyQ4MiQzNjEwMDIjODEjJDEjJDYjJDgz,23,가정의학과,0,0,강서힘찬병원,병원,강서구
JDQ4MTg4MSM1MSMkMSMkMCMkOTkkMzgxMzUxIzQxIyQxIyQ3IyQxMyQ0NjEwMDIjNDEjJDEjJDQjJDgz,1,내과,1,0,강철병원,병원,송파구
JDQ4MTg4MSM1MSMkMSMkMCMkOTkkMzgxMzUxIzQxIyQxIyQ3IyQxMyQ0NjEwMDIjNDEjJDEjJDQjJDgz,5,정형외과,2,0,강철병원,병원,송파구
JDQ4MTg4MSM1MSMkMSMkMCMkOTkkMzgxMzUxIzQxIyQxIyQ3IyQxMyQ0NjEwMDIjNDEjJDEjJDQjJDgz,6,신경외과,1,0,강철병원,병원,송파구
JDQ4MTg4MSM1MSMkMSMkMCMkOTkkMzgxMzUxIzQxIyQxIyQ3IyQxMyQ0NjEwMDIjNDEjJDEjJDQjJDgz,9,마취통증의학과,0,0,강철병원,병원,송파구
JDQ4MTg4MSM1MSMkMSMkMCMkOTkkMzgxMzUxIzQxIyQxIyQ3IyQxMyQ0NjEwMDIjNDEjJDEjJDQjJDgz,16,영상의학과,1,0,강철병원,병원,송파구
JDQ4MTg4MSM1MSMkMSMkMCMkOTkkMzgxMzUxIzIxIyQxIyQxIyQ5OSQzNjEyMjIjNTEjJDEjJDIjJDgz,1,내과,1,0,건양의료재단 김안과병원,병원,영등포구
JDQ4MTg4MSM1MSMkMSMkMCMkOTkkMzgxMzUxIzIxIyQxIyQxIyQ5OSQzNjEyMjIjNTEjJDEjJDIjJDgz,9,마취통증의학과,3,0,건양의료재단 김안과병원,병원,영등포구
JDQ4MTg4MSM1MSMkMSMkMCMkOTkkMzgxMzUxIzIxIyQxIyQxIyQ5OSQzNjEyMjIjNTEjJDEjJDIjJDgz,12,안과,47,0,건양의료재단 김안과병원,병원,영등포구
JDQ4MTg4MSM1MSMkMSMkMCMkOTkkMzgxMzUxIzIxIyQxIyQxIyQ5OSQzNjEyMjIjNTEjJDEjJDIjJDgz,16,영상의학과,1,0,건양의료재단 김안과병원,병원,영등포구
JDQ4MTg4MSM1MSMkMSMkMCMkOTkkMzgxMzUxIzIxIyQxIyQxIyQ5OSQzNjEyMjIjNTEjJDEjJDIjJDgz,19,진단검사의학과,1,0,건양의료재단 김안과병원,병원,영등포구
JDQ4MTg4MSM1MSMkMSMkMCMkOTkkMzgxMzUxIzMxIyQyIyQzIyQwMCQ0NjE0ODEjNjEjJDEjJDQjJDgz,2,신경과,1,0,고도일병원,병원,서초구
JDQ4MTg4MSM1MSMkMSMkMCMkOTkkMzgxMzUxIzMxIyQyIyQzIyQwMCQ0NjE0ODEjNjEjJDEjJDQjJDgz,5,정형외과,1,0,고도일병원,병원,서초구
JDQ4MTg4MSM1MSMkMSMkMCMkOTkkMzgxMzUxIzMxIyQyIyQzIyQwMCQ0NjE0ODEjNjEjJDEjJDQjJDgz,6,신경외과,2,0,고도일병원,병원,서초구
JDQ4MTg4MSM1MSMkMSMkMCMkOTkkMzgxMzUxIzMxIyQyIyQzIyQwMCQ0NjE0ODEjNjEjJDEjJDQjJDgz,9,마취통증의학과,3,0,고도일병원,병원,서초구
JDQ4MTg4MSM1MSMkMSMkMCMkOTkkMzgxMzUxIzMxIyQyIyQzIyQwMCQ0NjE0ODEjNjEjJDEjJDQjJDgz,16,영상의학과,1,0,고도일병원,병원,서초구
JDQ4MTg4MSM1MSMkMSMkMCMkOTkkMzgxMzUxIzMxIyQyIyQzIyQwMCQ0NjE0ODEjNjEjJDEjJDQjJDgz,19,진단검사의학과,0,0,고도일병원,병원,서초구
JDQ4MTg4MSM1MSMkMSMkMCMkOTkkMzgxMzUxIzMxIyQyIyQzIyQwMCQ0NjE0ODEjNjEjJDEjJDQjJDgz,21,재활의학과,2,0,고도일병원,병원,서초구
JDQ4MTg4MSM1MSMkMSMkMCMkOTkkMzgxMzUxIzMxIyQyIyQzIyQwMCQ0NjE0ODEjNjEjJDEjJDQjJDgz,23,가정의학과,0,0,고도일병원,병원,서초구
JDQ4MTg4MSM1MSMkMSMkMCMkOTkkMzgxMzUxIzQxIyQxIyQ3IyQ5OSQ0NjE0ODEjNDEjJDEjJDgjJDgz,1,내과,0,0,고은빛여성병원,병원,강동구
JDQ4MTg4MSM1MSMkMSMkMCMkOTkkMzgxMzUxIzQxIyQxIyQ3IyQ5OSQ0NjE0ODEjNDEjJDEjJDgjJDgz,4,외과,1,0,고은빛여성병원,병원,강동구
JDQ4MTg4MSM1MSMkMSMkMCMkOTkkMzgxMzUxIzQxIyQxIyQ3IyQ5OSQ0NjE0ODEjNDEjJDEjJDgjJDgz,9,마취통증의학과,2,0,고은빛여성병원,병원,강동구
JDQ4MTg4MSM1MSMkMSMkMCMkOTkkMzgxMzUxIzQxIyQxIyQ3IyQ5OSQ0NjE0ODEjNDEjJDEjJDgjJDgz,10,산부인과,11,0,고은빛여성병원,병원,강동구
JDQ4MTg4MSM1MSMkMSMkMCMkOTkkMzgxMzUxIzQxIyQxIyQ3IyQ5OSQ0NjE0ODEjNDEjJDEjJDgjJDgz,11,소아청소년과,0,0,고은빛여성병원,병원,강동구
JDQ4MTg4MSM1MSMkMSMkMCMkOTkkMzgxMzUxIzQxIyQxIyQ3IyQ4MiQzNjE0ODEjNzEjJDEjJDgjJDgz,1,내과,1,0,공안과병원,병원,강동구
JDQ4MTg4MSM1MSMkMSMkMCMkOTkkMzgxMzUxIzQxIyQxIyQ3IyQ4MiQzNjE0ODEjNzEjJDEjJDgjJDgz,12,안과,9,0,공안과병원,병원,강동구
JDQ4MTg4MSM1MSMkMSMkMCMkOTkkMzgxMzUxIzIxIyQxIyQxIyQ5OSQ0NjE0ODEjODEjJDEjJDYjJDgz,1,내과,1,0,광혜병원,병원,강남구
JDQ4MTg4MSM1MSMkMSMkMCMkOTkkMzgxMzUxIzIxIyQxIyQxIyQ5OSQ0NjE0ODEjODEjJDEjJDYjJDgz,6,신경외과,2,0,광혜병원,병원,강남구
JDQ4MTg4MSM1MSMkMSMkMCMkOTkkMzgxMzUxIzIxIyQxIyQxIyQ5OSQ0NjE0ODEjODEjJDEjJDYjJDgz,9,마취통증의학과,5,0,광혜병원,병원,강남구
JDQ4MTg4MSM1MSMkMSMkMCMkOTkkMzgxMzUxIzIxIyQxIyQxIyQ5OSQ0NjE0ODEjODEjJDEjJDYjJDgz,16,영상의학과,1,0,광혜병원,병원,강남구
JDQ4MTg4MSM1MSMkMSMkMCMkOTkkMzgxMzUxIzIxIyQxIyQxIyQ5OSQ0NjE0ODEjODEjJDEjJDYjJDgz,23,가정의학과,0,0,광혜병원,병원,강남구
JDQ4MTg4MSM1MSMkMSMkMCMkOTkkMzgxMzUxIzIxIyQxIyQxIyQ2MiQ0NjE0ODEjNTEjJDEjJDYjJDgz,1,내과,2,0,국립재활원,병원,강북구
JDQ4MTg4MSM1MSMkMSMkMCMkOTkkMzgxMzUxIzIxIyQxIyQxIyQ2MiQ0NjE0ODEjNTEjJDEjJDYjJDgz,3,정신건강의학과,0,0,국립재활원,병원,강북구
JDQ4MTg4MSM1MSMkMSMkMCMkOTkkMzgxMzUxIzIxIyQxIyQxIyQ2MiQ0NjE0ODEjNTEjJDEjJDYjJDgz,10,산부인과,0,0,국립재활원,병원,강북구
JDQ4MTg4MSM1MSMkMSMkMCMkOTkkMzgxMzUxIzIxIyQxIyQxIyQ2MiQ0NjE0ODEjNTEjJDEjJDYjJDgz,12,안과,0,0,국립재활원,병원,강북구
JDQ4MTg4MSM1MSMkMSMkMCMkOTkkMzgxMzUxIzIxIyQxIyQxIyQ2MiQ0NjE0ODEjNTEjJDEjJDYjJDgz,16,영상의학과,0,0,국립재활원,병원,강북구
JDQ4MTg4MSM1MSMkMSMkMCMkOTkkMzgxMzUxIzIxIyQxIyQxIyQ2MiQ0NjE0ODEjNTEjJDEjJDYjJDgz,21,재활의학과,9,0,국립재활원,병원,강북구
JDQ4MTg4MSM1MSMkMSMkMCMkOTkkMzgxMzUxIzIxIyQxIyQxIyQ2MiQ0NjE0ODEjNTEjJDEjJDYjJDgz,61,통합치의학과,0,0,국립재활원,병원,강북구
JDQ4MTg4MSM1MSMkMSMkMCMkOTkkMzgxMzUxIzIxIyQxIyQxIyQ2MiQ0NjE0ODEjNTEjJDEjJDYjJDgz,80,한방내과,1,0,국립재활원,병원,강북구
JDQ4MTg4MSM1MSMkMSMkMCMkOTkkMzgxMzUxIzIxIyQxIyQxIyQ2MiQ0NjE0ODEjNTEjJDEjJDYjJDgz,85,침구과,1,0,국립재활원,병원,강북구
JDQ4MTg4MSM1MSMkMSMkMCMkOTkkMzgxMzUxIzIxIyQxIyQxIyQ2MiQ0NjE0ODEjNTEjJDEjJDYjJDgz,86,한방재활의학과,0,0,국립재활원,병원,강북구
JDQ4MTg4MSM1MSMkMSMkMCMkOTkkMzgxMzUxIzMxIyQxIyQzIyQ5OSQyNjEwMDIjNDEjJDEjJDgjJDgz,1,내과,3,0,금강아산병원(재단법인 아산사회복지재단),병원,용산구
JDQ4MTg4MSM1MSMkMSMkMCMkOTkkMzgxMzUxIzMxIyQxIyQzIyQ5OSQyNjEwMDIjNDEjJDEjJDgjJDgz,4,외과,1,0,금강아산병원(재단법인 아산사회복지재단),병원,용산구
JDQ4MTg4MSM1MSMkMSMkMCMkOTkkMzgxMzUxIzMxIyQxIyQzIyQ5OSQyNjEwMDIjNDEjJDEjJDgjJDgz,5,정형외과,1,0,금강아산병원(재단법인 아산사회복지재단),병원,용산구
JDQ4MTg4MSM1MSMkMSMkMCMkOTkkMzgxMzUxIzMxIyQxIyQzIyQ5OSQyNjEwMDIjNDEjJDEjJDgjJDgz,9,마취통증의학과,0,0,금강아산병원(재단법인 아산사회복지재단),병원,용산구
JDQ4MTg4MSM1MSMkMSMkMCMkOTkkMzgxMzUxIzMxIyQxIyQzIyQ5OSQyNjEwMDIjNDEjJDEjJDgjJDgz,10,산부인과,1,0,금강아산병원(재단법인 아산사회복지재단),병원,용산구
JDQ4MTg4MSM1MSMkMSMkMCMkOTkkMzgxMzUxIzMxIyQxIyQzIyQ5OSQyNjEwMDIjNDEjJDEjJDgjJDgz,16,영상의학과,2,0,금강아산병원(재단법인 아산사회복지재단),병원,용산구
JDQ4MTg4MSM1MSMkMSMkMCMkOTkkMzgxMzUxIzMxIyQxIyQzIyQ5OSQyNjEwMDIjNDEjJDEjJDgjJDgz,19,진단검사의학과,0,0,금강아산병원(재단법인 아산사회복지재단),병원,용산구
JDQ4MTg4MSM1MSMkMSMkMCMkOTkkMzgxMzUxIzMxIyQxIyQzIyQ5OSQyNjEwMDIjNDEjJDEjJDgjJDgz,21,재활의학과,1,0,금강아산병원(재단법인 아산사회복지재단),병원,용산구
JDQ4MTg4MSM1MSMkMSMkMCMkOTkkMzgxMzUxIzMxIyQxIyQzIyQ5OSQyNjEwMDIjNDEjJDEjJDgjJDgz,23,가정의학과,1,0,금강아산병원(재단법인 아산사회복지재단),병원,용산구
JDQ4MTg4MSM1MSMkMSMkMCMkOTkkMzgxMzUxIzUxIyQxIyQxIyQ3OSQyNjEwMDIjNjEjJDEjJDQjJDgz,1,내과,2,0,금천수병원,병원,금천구
JDQ4MTg4MSM1MSMkMSMkMCMkOTkkMzgxMzUxIzUxIyQxIyQxIyQ3OSQyNjEwMDIjNjEjJDEjJDQjJDgz,2,신경과,0,0,금천수병원,병원,금천구
JDQ4MTg4MSM1MSMkMSMkMCMkOTkkMzgxMzUxIzUxIyQxIyQxIyQ3OSQyNjEwMDIjNjEjJDEjJDQjJDgz,17,방사선종양학과,1,0,금천수병원,병원,금천구
JDQ4MTg4MSM1MSMkMSMkMCMkOTkkMzgxMzUxIzUxIyQxIyQxIyQ3OSQyNjEwMDIjNjEjJDEjJDQjJDgz,21,재활의학과,2,0,금천수병원,병원,금천구
JDQ4MTg4MSM1MSMkMSMkMCMkOTkkMzgxMzUxIzUxIyQxIyQxIyQ3OSQyNjEwMDIjNjEjJDEjJDQjJDgz,23,가정의학과,1,0,금천수병원,병원,금천구
JDQ4MTg4MSM1MSMkMSMkMCMkOTkkMzgxMzUxIzUxIyQxIyQxIyQ3OSQyNjEwMDIjNjEjJDEjJDQjJDgz,85,침구과,0,0,금천수병원,병원,금천구
JDQ4MTg4MSM1MSMkMSMkMCMkOTkkMzgxMzUxIzIxIyQyIyQ5IyQwMCQyNjEyMjIjNDEjJDEjJDQjJDgz,5,정형외과,0,0,김정수여러분병원,병원,강남구
JDQ4MTg4MSM1MSMkMSMkMCMkOTkkMzgxMzUxIzIxIyQyIyQ5IyQwMCQyNjEyMjIjNDEjJDEjJDQjJDgz,6,신경외과,1,0,김정수여러분병원,병원,강남구
JDQ4MTg4MSM1MSMkMSMkMCMkOTkkMzgxMzUxIzIxIyQyIyQ5IyQwMCQyNjEyMjIjNDEjJDEjJDQjJDgz,9,마취통증의학과,0,0,김정수여러분병원,병원,강남구
JDQ4MTg4MSM1MSMkMSMkMCMkOTkkMzgxMzUxIzIxIyQyIyQ5IyQwMCQyNjEyMjIjNDEjJDEjJDQjJDgz,16,영상의학과,1,0,김정수여러분병원,병원,강남구
JDQ4MTg4MSM1MSMkMSMkMCMkOTkkMzgxMzUxIzIxIyQxIyQ5IyQ3OSQzNjE4MzIjODEjJDEjJDYjJDgz,1,내과,1,0,나누리병원,병원,강남구
JDQ4MTg4MSM1MSMkMSMkMCMkOTkkMzgxMzUxIzIxIyQxIyQ5IyQ3OSQzNjE4MzIjODEjJDEjJDYjJDgz,2,신경과,2,0,나누리병원,병원,강남구
JDQ4MTg4MSM1MSMkMSMkMCMkOTkkMzgxMzUxIzIxIyQxIyQ5IyQ3OSQzNjE4MzIjODEjJDEjJDYjJDgz,4,외과,1,0,나누리병원,병원,강남구
JDQ4MTg4MSM1MSMkMSMkMCMkOTkkMzgxMzUxIzIxIyQxIyQ5IyQ3OSQzNjE4MzIjODEjJDEjJDYjJDgz,5,정형외과,2,0,나누리병원,병원,강남구
JDQ4MTg4MSM1MSMkMSMkMCMkOTkkMzgxMzUxIzIxIyQxIyQ5IyQ3OSQzNjE4MzIjODEjJDEjJDYjJDgz,6,신경외과,6,0,나누리병원,병원,강남구
JDQ4MTg4MSM1MSMkMSMkMCMkOTkkMzgxMzUxIzIxIyQxIyQ5IyQ3OSQzNjE4MzIjODEjJDEjJDYjJDgz,9,마취통증의학과,3,0,나누리병원,병원,강남구
JDQ4MTg4MSM1MSMkMSMkMCMkOTkkMzgxMzUxIzIxIyQxIyQ5IyQ3OSQzNjE4MzIjODEjJDEjJDYjJDgz,16,영상의학과,1,0,나누리병원,병원,강남구
JDQ4MTg4MSM1MSMkMSMkMCMkOTkkMzgxMzUxIzMxIyQxIyQzIyQ5MiQ0NjEwMDIjNTEjJDEjJDIjJDgz,1,내과,0,0,날개병원,병원,동대문구
JDQ4MTg4MSM1MSMkMSMkMCMkOTkkMzgxMzUxIzMxIyQxIyQzIyQ5MiQ0NjEwMDIjNTEjJDEjJDIjJDgz,4,외과,0,0,날개병원,병원,동대문구
JDQ4MTg4MSM1MSMkMSMkMCMkOTkkMzgxMzUxIzMxIyQxIyQzIyQ5MiQ0NjEwMDIjNTEjJDEjJDIjJDgz,5,정형외과,3,0,날개병원,병원,동대문구
JDQ4MTg4MSM1MSMkMSMkMCMkOTkkMzgxMzUxIzMxIyQxIyQzIyQ5MiQ0NjEwMDIjNTEjJDEjJDIjJDgz,6,신경외과,0,0,날개병원,병원,동대문구
JDQ4MTg4MSM1MSMkMSMkMCMkOTkkMzgxMzUxIzMxIyQxIyQzIyQ5MiQ0NjEwMDIjNTEjJDEjJDIjJDgz,15,비뇨의학과,0,0,날개병원,병원,동대문구
JDQ4MTg4MSM1MSMkMSMkMCMkOTkkMzgxMzUxIzMxIyQxIyQzIyQ5MiQ0NjEwMDIjNTEjJDEjJDIjJDgz,16,영상의학과,1,0,날개병원,병원,동대문구
JDQ4MTg4MSM1MSMkMSMkMCMkOTkkMzgxMzUxIzMxIyQxIyQ3IyQ3MiQ0NjE0ODEjNjEjJDEjJDgjJDgz,1,내과,1,0,남기세병원,병원,강동구
JDQ4MTg4MSM1MSMkMSMkMCMkOTkkMzgxMzUxIzMxIyQxIyQ3IyQ3MiQ0NjE0ODEjNjEjJDEjJDgjJDgz,5,정형외과,3,0,남기세병원,병원,강동구
JDQ4MTg4MSM1MSMkMSMkMCMkOTkkMzgxMzUxIzMxIyQxIyQ3IyQ3MiQ0NjE0ODEjNjEjJDEjJDgjJDgz,6,신경외과,0,0,남기세병원,병원,강동구
JDQ4MTg4MSM1MSMkMSMkMCMkOTkkMzgxMzUxIzMxIyQxIyQ3IyQ3MiQ0NjE0ODEjNjEjJDEjJDgjJDgz,9,마취통증의학과,1,0,남기세병원,병원,강동구
JDQ4MTg4MSM1MSMkMSMkMCMkOTkkMzgxMzUxIzMxIyQxIyQ3IyQ3MiQ0NjE0ODEjNjEjJDEjJDgjJDgz,16,영상의학과,1,0,남기세병원,병원,강동구
JDQ4MTg4MSM1MSMkMSMkMCMkOTkkMzgxMzUxIzMxIyQxIyQ3IyQ3MiQ0NjE0ODEjNjEjJDEjJDgjJDgz,23,가정의학과,0,0,남기세병원,병원,강동구
JDQ4MTg4MSM1MSMkMSMkMCMkOTkkMzgxMzUxIzIxIyQxIyQ5IyQ4MiQzNjEwMDIjNjEjJDEjJDgjJDgz,1,내과,2,0,누네안과병원,병원,강남구
JDQ4MTg4MSM1MSMkMSMkMCMkOTkkMzgxMzUxIzIxIyQxIyQ5IyQ4MiQzNjEwMDIjNjEjJDEjJDgjJDgz,12,안과,25,0,누네안과병원,병원,강남구
JDQ4MTg4MSM1MSMkMSMkMCMkOTkkMzgxMzUxIzQxIyQxIyQ3IyQxMyQzNjE0ODEjODEjJDEjJDYjJDgz,1,내과,0,0,뉴민병원,병원,서초구
JDQ4MTg4MSM1MSMkMSMkMCMkOTkkMzgxMzUxIzQxIyQxIyQ3IyQxMyQzNjE0ODEjODEjJDEjJDYjJDgz,2,신경과,0,0,뉴민병원,병원,서초구
JDQ4MTg4MSM1MSMkMSMkMCMkOTkkMzgxMzUxIzQxIyQxIyQ3IyQxMyQzNjE0ODEjODEjJDEjJDYjJDgz,4,외과,0,0,뉴민병원,병원,서초구
JDQ4MTg4MSM1MSMkMSMkMCMkOTkkMzgxMzUxIzQxIyQxIyQ3IyQxMyQzNjE0ODEjODEjJDEjJDYjJDgz,5,정형외과,4,0,뉴민병원,병원,서초구
JDQ4MTg4MSM1MSMkMSMkMCMkOTkkMzgxMzUxIzQxIyQxIyQ3IyQxMyQzNjE0ODEjODEjJDEjJDYjJDgz,6,신경외과,0,0,뉴민병원,병원,서초구
JDQ4MTg4MSM1MSMkMSMkMCMkOTkkMzgxMzUxIzQxIyQxIyQ3IyQxMyQzNjE0ODEjODEjJDEjJDYjJDgz,9,마취통증의학과,1,0,뉴민병원,병원,서초구
JDQ4MTg4MSM1MSMkMSMkMCMkOTkkMzgxMzUxIzQxIyQxIyQ3IyQxMyQzNjE0ODEjODEjJDEjJDYjJDgz,10,산부인과,0,0,뉴민병원,병원,서초구
JDQ4MTg4MSM1MSMkMSMkMCMkOTkkMzgxMzUxIzQxIyQxIyQ3IyQxMyQzNjE0ODEjODEjJDEjJDYjJDgz,14,피부과,0,0,뉴민병원,병원,서초구
JDQ4MTg4MSM1MSMkMSMkMCMkOTkkMzgxMzUxIzQxIyQxIyQ3IyQxMyQzNjE0ODEjODEjJDEjJDYjJDgz,16,영상의학과,1,0,뉴민병원,병원,서초구
JDQ4MTg4MSM1MSMkMSMkMCMkOTkkMzgxMzUxIzQxIyQxIyQ3IyQxMyQzNjE0ODEjODEjJDEjJDYjJDgz,21,재활의학과,0,0,뉴민병원,병원,서초구
JDQ4MTg4MSM1MSMkMSMkMCMkOTkkMzgxMzUxIzQxIyQxIyQ3IyQxMyQzNjE0ODEjODEjJDEjJDYjJDgz,23,가정의학과,0,0,뉴민병원,병원,서초구
JDQ4MTg4MSM1MSMkMSMkMCMkOTkkMzgxMzUxIzIxIyQxIyQ5IyQwMyQ0NjE0ODEjNjEjJDEjJDQjJDgz,1,내과,1,0,뉴스타트병원,병원,송파구
JDQ4MTg4MSM1MSMkMSMkMCMkOTkkMzgxMzUxIzIxIyQxIyQ5IyQwMyQ0NjE0ODEjNjEjJDEjJDQjJDgz,4,외과,0,0,뉴스타트병원,병원,송파구
JDQ4MTg4MSM1MSMkMSMkMCMkOTkkMzgxMzUxIzIxIyQxIyQ5IyQwMyQ0NjE0ODEjNjEjJDEjJDQjJDgz,5,정형외과,3,0,뉴스타트병원,병원,송파구
JDQ4MTg4MSM1MSMkMSMkMCMkOTkkMzgxMzUxIzIxIyQxIyQ5IyQwMyQ0NjE0ODEjNjEjJDEjJDQjJDgz,6,신경외과,0,0,뉴스타트병원,병원,송파구
JDQ4MTg4MSM1MSMkMSMkMCMkOTkkMzgxMzUxIzIxIyQxIyQ5IyQwMyQ0NjE0ODEjNjEjJDEjJDQjJDgz,8,성형외과,0,0,뉴스타트병원,병원,송파구
JDQ4MTg4MSM1MSMkMSMkMCMkOTkkMzgxMzUxIzIxIyQxIyQ5IyQwMyQ0NjE0ODEjNjEjJDEjJDQjJDgz,9,마취통증의학과,0,0,뉴스타트병원,병원,송파구
JDQ4MTg4MSM1MSMkMSMkMCMkOTkkMzgxMzUxIzIxIyQxIyQ5IyQwMyQ0NjE0ODEjNjEjJDEjJDQjJDgz,11,소아청소년과,0,0,뉴스타트병원,병원,송파구
JDQ4MTg4MSM1MSMkMSMkMCMkOTkkMzgxMzUxIzIxIyQxIyQ5IyQwMyQ0NjE0ODEjNjEjJDEjJDQjJDgz,16,영상의학과,1,0,뉴스타트병원,병원,송파구
JDQ4MTg4MSM1MSMkMSMkMCMkOTkkMzgxMzUxIzQxIyQxIyQ3IyQ3OSQyNjEyMjIjNzEjJDEjJDgjJDgz,1,내과,0,0,늘찬병원,병원,중랑구
JDQ4MTg4MSM1MSMkMSMkMCMkOTkkMzgxMzUxIzQxIyQxIyQ3IyQ3OSQyNjEyMjIjNzEjJDEjJDgjJDgz,5,정형외과,5,0,늘찬병원,병원,중랑구
JDQ4MTg4MSM1MSMkMSMkMCMkOTkkMzgxMzUxIzQxIyQxIyQ3IyQ3OSQyNjEyMjIjNzEjJDEjJDgjJDgz,6,신경외과,1,0,늘찬병원,병원,중랑구
JDQ4MTg4MSM1MSMkMSMkMCMkOTkkMzgxMzUxIzQxIyQxIyQ3IyQ3OSQyNjEyMjIjNzEjJDEjJDgjJDgz,9,마취통증의학과,0,0,늘찬병원,병원,중랑구
JDQ4MTg4MSM1MSMkMSMkMCMkOTkkMzgxMzUxIzQxIyQxIyQ3IyQ3OSQyNjEyMjIjNzEjJDEjJDgjJDgz,16,영상의학과,1,0,늘찬병원,병원,중랑구
JDQ4MTg4MSM1MSMkMSMkMCMkOTkkMzgxMzUxIzQxIyQxIyQ3IyQ3OSQyNjEyMjIjNzEjJDEjJDgjJDgz,23,가정의학과,1,0,늘찬병원,병원,중랑구
JDQ4MTg4MSM1MSMkMSMkMCMkOTkkMzgxMzUxIzIxIyQxIyQ1IyQwMyQyNjEyMjIjNDEjJDEjJDQjJDgz,1,내과,0,0,다일천사병원,병원,동대문구
JDQ4MTg4MSM1MSMkMSMkMCMkOTkkMzgxMzUxIzIxIyQxIyQ1IyQwMyQyNjEyMjIjNDEjJDEjJDQjJDgz,3,정신건강의학과,0,0,다일천사병원,병원,동대문구
JDQ4MTg4MSM1MSMkMSMkMCMkOTkkMzgxMzUxIzIxIyQxIyQ1IyQwMyQyNjEyMjIjNDEjJDEjJDQjJDgz,4,외과,0,0,다일천사병원,병원,동대문구
JDQ4MTg4MSM1MSMkMSMkMCMkOTkkMzgxMzUxIzIxIyQxIyQ1IyQwMyQyNjEyMjIjNDEjJDEjJDQjJDgz,5,정형외과,0,0,다일천사병원,병원,동대문구
JDQ4MTg4MSM1MSMkMSMkMCMkOTkkMzgxMzUxIzIxIyQxIyQ1IyQwMyQyNjEyMjIjNDEjJDEjJDQjJDgz,6,신경외과,0,0,다일천사병원,병원,동대문구
JDQ4MTg4MSM1MSMkMSMkMCMkOTkkMzgxMzUxIzIxIyQxIyQ1IyQwMyQyNjEyMjIjNDEjJDEjJDQjJDgz,23,가정의학과,0,0,다일천사병원,병원,동대문구
JDQ4MTg4MSM1MSMkMSMkMCMkOTkkMzgxMzUxIzMxIyQyIyQ3IyQwMCQyNjEwMDIjNjEjJDEjJDAjJDgz,1,내과,1,0,달려라병원,병원,강동구
JDQ4MTg4MSM1MSMkMSMkMCMkOTkkMzgxMzUxIzMxIyQyIyQ3IyQwMCQyNjEwMDIjNjEjJDEjJDAjJDgz,2,신경과,1,0,달려라병원,병원,강동구
JDQ4MTg4MSM1MSMkMSMkMCMkOTkkMzgxMzUxIzMxIyQyIyQ3IyQwMCQyNjEwMDIjNjEjJDEjJDAjJDgz,5,정형외과,10,0,달려라병원,병원,강동구
JDQ4MTg4MSM1MSMkMSMkMCMkOTkkMzgxMzUxIzMxIyQyIyQ3IyQwMCQyNjEwMDIjNjEjJDEjJDAjJDgz,6,신경외과,1,0,달려라병원,병원,강동구
JDQ4MTg4MSM1MSMkMSMkMCMkOTkkMzgxMzUxIzMxIyQyIyQ3IyQwMCQyNjEwMDIjNjEjJDEjJDAjJDgz,9,마취통증의학과,1,0,달려라병원,병원,강동구
JDQ4MTg4MSM1MSMkMSMkMCMkOTkkMzgxMzUxIzMxIyQyIyQ3IyQwMCQyNjEwMDIjNjEjJDEjJDAjJDgz,16,영상의학과,1,0,달려라병원,병원,강동구
JDQ4MTg4MSM1MSMkMSMkMCMkOTkkMzgxMzUxIzMxIyQxIyQ3IyQwMyQyNjEyMjIjODEjJDEjJDYjJDgz,4,외과,5,0,담소유병원,병원,강남구
JDQ4MTg4MSM1MSMkMSMkMCMkOTkkMzgxMzUxIzMxIyQxIyQ3IyQwMyQyNjEyMjIjODEjJDEjJDYjJDgz,9,마취통증의학과,3,0,담소유병원,병원,강남구
JDQ4MTg4MSM1MSMkMSMkOCMkOTkkMzgxMzUxIzExIyQxIyQzIyQ3OSQyNjEwMDIjNDEjJDEjJDgjJDgz,1,내과,5,0,대항병원,병원,서초구
JDQ4MTg4MSM1MSMkMSMkOCMkOTkkMzgxMzUxIzExIyQxIyQzIyQ3OSQyNjEwMDIjNDEjJDEjJDgjJDgz,4,외과,10,0,대항병원,병원,서초구
JDQ4MTg4MSM1MSMkMSMkOCMkOTkkMzgxMzUxIzExIyQxIyQzIyQ3OSQyNjEwMDIjNDEjJDEjJDgjJDgz,7,심장혈관흉부외과,0,0,대항병원,병원,서초구
JDQ4MTg4MSM1MSMkMSMkOCMkOTkkMzgxMzUxIzExIyQxIyQzIyQ3OSQyNjEwMDIjNDEjJDEjJDgjJDgz,9,마취통증의학과,2,0,대항병원,병원,서초구
JDQ4MTg4MSM1MSMkMSMkOCMkOTkkMzgxMzUxIzExIyQxIyQzIyQ3OSQyNjEwMDIjNDEjJDEjJDgjJDgz,10,산부인과,1,0,대항병원,병원,서초구
JDQ4MTg4MSM1MSMkMSMkOCMkOTkkMzgxMzUxIzExIyQxIyQzIyQ3OSQyNjEwMDIjNDEjJDEjJDgjJDgz,15,비뇨의학과,1,0,대항병원,병원,서초구
JDQ4MTg4MSM1MSMkMSMkOCMkOTkkMzgxMzUxIzExIyQxIyQzIyQ3OSQyNjEwMDIjNDEjJDEjJDgjJDgz,16,영상의학과,1,0,대항병원,병원,서초구
JDQ4MTg4MSM1MSMkMSMkOCMkOTkkMzgxMzUxIzExIyQxIyQzIyQ3OSQyNjEwMDIjNDEjJDEjJDgjJDgz,18,병리과,1,0,대항병원,병원,서초구
JDQ4MTg4MSM1MSMkMSMkOCMkOTkkMzgxMzUxIzExIyQxIyQzIyQ3OSQyNjEwMDIjNDEjJDEjJDgjJDgz,23,가정의학과,2,0,대항병원,병원,서초구
JDQ4MTg4MSM1MSMkMSMkMCMkOTkkMzgxMzUxIzQxIyQxIyQ3IyQ5MiQyNjE0ODEjNDEjJDEjJDgjJDgz,1,내과,1,0,더드림병원,병원,강남구
JDQ4MTg4MSM1MSMkMSMkMCMkOTkkMzgxMzUxIzQxIyQxIyQ3IyQ5MiQyNjE0ODEjNDEjJDEjJDgjJDgz,5,정형외과,6,0,더드림병원,병원,강남구
JDQ4MTg4MSM1MSMkMSMkMCMkOTkkMzgxMzUxIzQxIyQxIyQ3IyQ5MiQyNjE0ODEjNDEjJDEjJDgjJDgz,6,신경외과,1,0,더드림병원,병원,강남구
JDQ4MTg4MSM1MSMkMSMkMCMkOTkkMzgxMzUxIzQxIyQxIyQ3IyQ5MiQyNjE0ODEjNDEjJDEjJDgjJDgz,9,마취통증의학과,0,0,더드림병원,병원,강남구
JDQ4MTg4MSM1MSMkMSMkMCMkOTkkMzgxMzUxIzQxIyQxIyQ3IyQ5MiQyNjE0ODEjNDEjJDEjJDgjJDgz,11,소아청소년과,1,0,더드림병원,병원,강남구
JDQ4MTg4MSM1MSMkMSMkMCMkOTkkMzgxMzUxIzQxIyQxIyQ3IyQ5MiQyNjE0ODEjNDEjJDEjJDgjJDgz,16,영상의학과,1,0,더드림병원,병원,강남구
JDQ4MTg4MSM1MSMkMSMkMCMkOTkkMzgxMzUxIzQxIyQxIyQ3IyQ4OSQzNjEwMDIjODEjJDEjJDYjJDgz,1,내과,1,0,더서울병원,병원,성북구
JDQ4MTg4MSM1MSMkMSMkMCMkOTkkMzgxMzUxIzQxIyQxIyQ3IyQ4OSQzNjEwMDIjODEjJDEjJDYjJDgz,5,정형외과,5,0,더서울병원,병원,성북구
JDQ4MTg4MSM1MSMkMSMkMCMkOTkkMzgxMzUxIzQxIyQxIyQ3IyQ4OSQzNjEwMDIjODEjJDEjJDYjJDgz,6,신경외과,1,0,더서울병원,병원,성북구
JDQ4MTg4MSM1MSMkMSMkMCMkOTkkMzgxMzUxIzQxIyQxIyQ3IyQ4OSQzNjEwMDIjODEjJDEjJDYjJDgz,9,마취통증의학과,1,0,더서울병원,병원,성북구
JDQ4MTg4MSM1MSMkMSMkMCMkOTkkMzgxMzUxIzQxIyQxIyQ3IyQ4OSQzNjEwMDIjODEjJDEjJDYjJDgz,16,영상의학과,1,0,더서울병원,병원,성북구
JDQ4MTg4MSM1MSMkMSMkMCMkOTkkMzgxMzUxIzQxIyQxIyQ3IyQ4OSQzNjEwMDIjODEjJDEjJDYjJDgz,21,재활의학과,0,0,더서울병원,병원,성북구
JDQ4MTg4MSM1MSMkMSMkMCMkOTkkMzgxMzUxIzQxIyQxIyQ3IyQ4OSQzNjEwMDIjODEjJDEjJDYjJDgz,23,가정의학과,0,0,더서울병원,병원,성북구
JDQ4MTg4MSM1MSMkMSMkMCMkOTkkMzgxMzUxIzMxIyQxIyQ3IyQ2MiQ0NjE0ODEjODEjJDEjJDYjJDgz,1,내과,0,0,더셀채원병원,병원,강동구
JDQ4MTg4MSM1MSMkMSMkMCMkOTkkMzgxMzUxIzMxIyQxIyQ3IyQ2MiQ0NjE0ODEjODEjJDEjJDYjJDgz,2,신경과,0,0,더셀채원병원,병원,강동구
JDQ4MTg4MSM1MSMkMSMkMCMkOTkkMzgxMzUxIzMxIyQxIyQ3IyQ2MiQ0NjE0ODEjODEjJDEjJDYjJDgz,14,피부과,0,0,더셀채원병원,병원,강동구
JDQ4MTg4MSM1MSMkMSMkMCMkOTkkMzgxMzUxIzMxIyQxIyQ3IyQ2MiQ0NjE0ODEjODEjJDEjJDYjJDgz,21,재활의학과,0,0,더셀채원병원,병원,강동구
JDQ4MTg4MSM1MSMkMSMkOCMkOTkkMzgxMzUxIzExIyQxIyQzIyQ3OSQzNjE0ODEjNjEjJDEjJDgjJDgz,1,내과,2,0,더힐병원,병원,송파구
JDQ4MTg4MSM1MSMkMSMkOCMkOTkkMzgxMzUxIzExIyQxIyQzIyQ3OSQzNjE0ODEjNjEjJDEjJDgjJDgz,13,이비인후과,0,0,더힐병원,병원,송파구
JDQ4MTg4MSM1MSMkMSMkOCMkOTkkMzgxMzUxIzExIyQxIyQzIyQ3OSQzNjE0ODEjNjEjJDEjJDgjJDgz,14,피부과,0,0,더힐병원,병원,송파구
JDQ4MTg4MSM1MSMkMSMkOCMkOTkkMzgxMzUxIzExIyQxIyQzIyQ3OSQzNjE0ODEjNjEjJDEjJDgjJDgz,16,영상의학과,0,0,더힐병원,병원,송파구
JDQ4MTg4MSM1MSMkMSMkOCMkOTkkMzgxMzUxIzExIyQxIyQzIyQ3OSQzNjE0ODEjNjEjJDEjJDgjJDgz,17,방사선종양학과,1,0,더힐병원,병원,송파구
JDQ4MTg4MSM1MSMkMSMkOCMkOTkkMzgxMzUxIzExIyQxIyQzIyQ3OSQzNjE0ODEjNjEjJDEjJDgjJDgz,19,진단검사의학과,0,0,더힐병원,병원,송파구
JDQ4MTg4MSM1MSMkMSMkOCMkOTkkMzgxMzUxIzExIyQxIyQzIyQ3OSQzNjE0ODEjNjEjJDEjJDgjJDgz,21,재활의학과,0,0,더힐병원,병원,송파구
JDQ4MTg4MSM1MSMkMSMkOCMkOTkkMzgxMzUxIzExIyQxIyQzIyQ3OSQzNjE0ODEjNjEjJDEjJDgjJDgz,23,가정의학과,0,0,더힐병원,병원,송파구
JDQ4MTg4MSM1MSMkMSMkMCMkOTkkMzgxMzUxIzQxIyQxIyQ3IyQ4MiQzNjE4MzIjNDEjJDEjJDgjJDgz,1,내과,1,0,두발로병원,병원,강남구
JDQ4MTg4MSM1MSMkMSMkMCMkOTkkMzgxMzUxIzQxIyQxIyQ3IyQ4MiQzNjE4MzIjNDEjJDEjJDgjJDgz,2,신경과,0,0,두발로병원,병원,강남구
JDQ4MTg4MSM1MSMkMSMkMCMkOTkkMzgxMzUxIzQxIyQxIyQ3IyQ4MiQzNjE4MzIjNDEjJDEjJDgjJDgz,5,정형외과,6,0,두발로병원,병원,강남구
JDQ4MTg4MSM1MSMkMSMkMCMkOTkkMzgxMzUxIzQxIyQxIyQ3IyQ4MiQzNjE4MzIjNDEjJDEjJDgjJDgz,9,마취통증의학과,0,0,두발로병원,병원,강남구
JDQ4MTg4MSM1MSMkMSMkMCMkOTkkMzgxMzUxIzQxIyQxIyQ3IyQ4MiQzNjE4MzIjNDEjJDEjJDgjJDgz,11,소아청소년과,0,0,두발로병원,병원,강남구
JDQ4MTg4MSM1MSMkMSMkMCMkOTkkMzgxMzUxIzQxIyQxIyQ3IyQ4MiQzNjE4MzIjNDEjJDEjJDgjJDgz,16,영상의학과,1,0,두발로병원,병원,강남구
JDQ4MTg4MSM1MSMkMSMkMCMkOTkkMzgxMzUxIzQxIyQxIyQ3IyQ4MiQzNjE4MzIjNDEjJDEjJDgjJDgz,21,재활의학과,0,0,두발로병원,병원,강남구
JDQ4MTg4MSM1MSMkMSMkMCMkOTkkMzgxMzUxIzQxIyQxIyQ3IyQxMyQzNjEwMDIjNzEjJDEjJDgjJDgz,2,신경과,0,0,러스크서울병원,병원,중랑구
JDQ4MTg4MSM1MSMkMSMkMCMkOTkkMzgxMzUxIzQxIyQxIyQ3IyQxMyQzNjEwMDIjNzEjJDEjJDgjJDgz,21,재활의학과,3,0,러스크서울병원,병원,중랑구
JDQ4MTg4MSM1MSMkMSMkMCMkOTkkMzgxMzUxIzQxIyQxIyQ3IyQxMyQzNjEwMDIjNzEjJDEjJDgjJDgz,80,한방내과,0,0,러스크서울병원,병원,중랑구
JDQ4MTg4MSM1MSMkMSMkMCMkOTkkMzgxMzUxIzQxIyQxIyQ3IyQxMyQzNjEwMDIjNzEjJDEjJDgjJDgz,85,침구과,0,0,러스크서울병원,병원,중랑구
JDQ4MTg4MSM1MSMkMSMkMCMkOTkkMzgxMzUxIzQxIyQxIyQ3IyQxMyQzNjEwMDIjNzEjJDEjJDgjJDgz,87,사상체질과,0,0,러스크서울병원,병원,중랑구
JDQ4MTg4MSM1MSMkMSMkMCMkOTkkMzgxMzUxIzMxIyQxIyQ3IyQ3OSQyNjEyMjIjNDEjJDEjJDgjJDgz,1,내과,1,0,로이병원,병원,종로구
JDQ4MTg4MSM1MSMkMSMkMCMkOTkkMzgxMzUxIzMxIyQxIyQ3IyQ3OSQyNjEyMjIjNDEjJDEjJDgjJDgz,2,신경과,0,0,로이병원,병원,종로구
JDQ4MTg4MSM1MSMkMSMkMCMkOTkkMzgxMzUxIzMxIyQxIyQ3IyQ3OSQyNjEyMjIjNDEjJDEjJDgjJDgz,11,소아청소년과,0,0,로이병원,병원,종로구
JDQ4MTg4MSM1MSMkMSMkMCMkOTkkMzgxMzUxIzMxIyQxIyQ3IyQ3OSQyNjEyMjIjNDEjJDEjJDgjJDgz,14,피부과,0,0,로이병원,병원,종로구
JDQ4MTg4MSM1MSMkMSMkMCMkOTkkMzgxMzUxIzMxIyQxIyQ3IyQ3OSQyNjEyMjIjNDEjJDEjJDgjJDgz,16,영상의학과,0,0,로이병원,병원,종로구
JDQ4MTg4MSM1MSMkMSMkMCMkOTkkMzgxMzUxIzMxIyQxIyQ3IyQ3OSQyNjEyMjIjNDEjJDEjJDgjJDgz,19,진단검사의학과,0,0,로이병원,병원,종로구
JDQ4MTg4MSM1MSMkMSMkMCMkOTkkMzgxMzUxIzMxIyQxIyQ3IyQ3OSQyNjEyMjIjNDEjJDEjJDgjJDgz,21,재활의학과,4,0,로이병원,병원,종로구
JDQ4MTg4MSM1MSMkMSMkMCMkOTkkMzgxMzUxIzMxIyQxIyQ3IyQ3OSQyNjEyMjIjNDEjJDEjJDgjJDgz,23,가정의학과,0,0,로이병원,병원,종로구
JDQ4MTg4MSM1MSMkMSMkMCMkOTkkMzgxMzUxIzMxIyQxIyQ3IyQ3OSQyNjEyMjIjNDEjJDEjJDgjJDgz,86,한방재활의학과,0,0,로이병원,병원,종로구
JDQ4MTg4MSM1MSMkMSMkMCMkOTkkMzgxMzUxIzIxIyQxIyQ5IyQ2MiQzNjE0ODEjNTEjJDEjJDYjJDgz,1,내과,1,0,리더스병원,병원,강동구
JDQ4MTg4MSM1MSMkMSMkMCMkOTkkMzgxMzUxIzIxIyQxIyQ5IyQ2MiQzNjE0ODEjNTEjJDEjJDYjJDgz,5,정형외과,2,0,리더스병원,병원,강동구
JDQ4MTg4MSM1MSMkMSMkMCMkOTkkMzgxMzUxIzIxIyQxIyQ5IyQ2MiQzNjE0ODEjNTEjJDEjJDYjJDgz,8,성형외과,0,0,리더스병원,병원,강동구
JDQ4MTg4MSM1MSMkMSMkMCMkOTkkMzgxMzUxIzIxIyQxIyQ5IyQ2MiQzNjE0ODEjNTEjJDEjJDYjJDgz,16,영상의학과,1,0,리더스병원,병원,강동구
JDQ4MTg4MSM1MSMkMSMkMCMkOTkkMzgxMzUxIzQxIyQxIyQ3IyQ5OSQyNjEwMDIjNTEjJDEjJDYjJDgz,1,내과,1,0,리드힐병원,병원,은평구
JDQ4MTg4MSM1MSMkMSMkMCMkOTkkMzgxMzUxIzQxIyQxIyQ3IyQ5OSQyNjEwMDIjNTEjJDEjJDYjJDgz,5,정형외과,2,0,리드힐병원,병원,은평구
JDQ4MTg4MSM1MSMkMSMkMCMkOTkkMzgxMzUxIzQxIyQxIyQ3IyQ5OSQyNjEwMDIjNTEjJDEjJDYjJDgz,6,신경외과,1,0,리드힐병원,병원,은평구
JDQ4MTg4MSM1MSMkMSMkMCMkOTkkMzgxMzUxIzQxIyQxIyQ3IyQ5OSQyNjEwMDIjNTEjJDEjJDYjJDgz,9,마취통증의학과,1,0,리드힐병원,병원,은평구
JDQ4MTg4MSM1MSMkMSMkMCMkOTkkMzgxMzUxIzQxIyQxIyQ3IyQ5OSQyNjEwMDIjNTEjJDEjJDYjJDgz,16,영상의학과,1,0,리드힐병원,병원,은평구
JDQ4MTg4MSM1MSMkMSMkMCMkOTkkMzgxMzUxIzMxIyQxIyQzIyQxMyQyNjEyMjIjNDEjJDEjJDQjJDgz,1,내과,1,0,린여성병원,병원,동대문구
JDQ4MTg4MSM1MSMkMSMkMCMkOTkkMzgxMzUxIzMxIyQxIyQzIyQxMyQyNjEyMjIjNDEjJDEjJDQjJDgz,4,외과,1,0,린여성병원,병원,동대문구
JDQ4MTg4MSM1MSMkMSMkMCMkOTkkMzgxMzUxIzMxIyQxIyQzIyQxMyQyNjEyMjIjNDEjJDEjJDQjJDgz,10,산부인과,16,0,린여성병원,병원,동대문구
JDQ4MTg4MSM1MSMkMSMkMCMkOTkkMzgxMzUxIzMxIyQxIyQzIyQxMyQyNjEyMjIjNDEjJDEjJDQjJDgz,11,소아청소년과,0,0,린여성병원,병원,동대문구
JDQ4MTg4MSM1MSMkMSMkMCMkOTkkMzgxMzUxIzMxIyQxIyQzIyQxMyQyNjEyMjIjNDEjJDEjJDQjJDgz,14,피부과,0,0,린여성병원,병원,동대문구
JDQ4MTg4MSM1MSMkMSMkMCMkOTkkMzgxMzUxIzMxIyQxIyQzIyQxMyQyNjEyMjIjNDEjJDEjJDQjJDgz,54,치주과,0,0,린여성병원,병원,동대문구
JDQ4MTg4MSM1MSMkMSMkMCMkOTkkMzgxMzUxIzQxIyQxIyQ3IyQ2MiQzNjEwMDIjNDEjJDEjJDgjJDgz,1,내과,1,0,마디세상병원,병원,중랑구
JDQ4MTg4MSM1MSMkMSMkMCMkOTkkMzgxMzUxIzQxIyQxIyQ3IyQ2MiQzNjEwMDIjNDEjJDEjJDgjJDgz,2,신경과,0,0,마디세상병원,병원,중랑구
JDQ4MTg4MSM1MSMkMSMkMCMkOTkkMzgxMzUxIzQxIyQxIyQ3IyQ2MiQzNjEwMDIjNDEjJDEjJDgjJDgz,5,정형외과,6,0,마디세상병원,병원,중랑구
JDQ4MTg4MSM1MSMkMSMkMCMkOTkkMzgxMzUxIzQxIyQxIyQ3IyQ2MiQzNjEwMDIjNDEjJDEjJDgjJDgz,6,신경외과,1,0,마디세상병원,병원,중랑구
JDQ4MTg4MSM1MSMkMSMkMCMkOTkkMzgxMzUxIzQxIyQxIyQ3IyQ2MiQzNjEwMDIjNDEjJDEjJDgjJDgz,9,마취통증의학과,0,0,마디세상병원,병원,중랑구
JDQ4MTg4MSM1MSMkMSMkMCMkOTkkMzgxMzUxIzQxIyQxIyQ3IyQ2MiQzNjEwMDIjNDEjJDEjJDgjJDgz,11,소아청소년과,0,0,마디세상병원,병원,중랑구
JDQ4MTg4MSM1MSMkMSMkMCMkOTkkMzgxMzUxIzQxIyQxIyQ3IyQ2MiQzNjEwMDIjNDEjJDEjJDgjJDgz,14,피부과,0,0,마디세상병원,병원,중랑구
JDQ4MTg4MSM1MSMkMSMkMCMkOTkkMzgxMzUxIzQxIyQxIyQ3IyQ2MiQzNjEwMDIjNDEjJDEjJDgjJDgz,15,비뇨의학과,0,0,마디세상병원,병원,중랑구
JDQ4MTg4MSM1MSMkMSMkMCMkOTkkMzgxMzUxIzQxIyQxIyQ3IyQ2MiQzNjEwMDIjNDEjJDEjJDgjJDgz,16,영상의학과,1,0,마디세상병원,병원,중랑구
JDQ4MTg4MSM1MSMkMSMkMCMkOTkkMzgxMzUxIzQxIyQxIyQ3IyQ2MiQzNjEwMDIjNDEjJDEjJDgjJDgz,23,가정의학과,0,0,마디세상병원,병원,중랑구
JDQ4MTg4MSM1MSMkMSMkMCMkOTkkMzgxMzUxIzQxIyQxIyQ3IyQ5OSQyNjE0ODEjNjEjJDEjJDQjJDgz,1,내과,1,0,메드렉스병원,병원,강남구
JDQ4MTg4MSM1MSMkMSMkMCMkOTkkMzgxMzUxIzQxIyQxIyQ3IyQ5OSQyNjE0ODEjNjEjJDEjJDQjJDgz,5,정형외과,4,0,메드렉스병원,병원,강남구
JDQ4MTg4MSM1MSMkMSMkMCMkOTkkMzgxMzUxIzQxIyQxIyQ3IyQ5OSQyNjE0ODEjNjEjJDEjJDQjJDgz,6,신경외과,2,0,메드렉스병원,병원,강남구
JDQ4MTg4MSM1MSMkMSMkMCMkOTkkMzgxMzUxIzQxIyQxIyQ3IyQ5OSQyNjE0ODEjNjEjJDEjJDQjJDgz,9,마취통증의학과,1,0,메드렉스병원,병원,강남구
JDQ4MTg4MSM1MSMkMSMkMCMkOTkkMzgxMzUxIzQxIyQxIyQ3IyQ5OSQyNjE0ODEjNjEjJDEjJDQjJDgz,16,영상의학과,1,0,메드렉스병원,병원,강남구
JDQ4MTg4MSM1MSMkMSMkMCMkOTkkMzgxMzUxIzQxIyQxIyQ3IyQ5OSQyNjE0ODEjNjEjJDEjJDQjJDgz,21,재활의학과,0,0,메드렉스병원,병원,강남구
JDQ4MTg4MSM1MSMkMSMkMCMkOTkkMzgxMzUxIzUxIyQxIyQxIyQ4OSQzNjE4MzIjNDEjJDEjJDgjJDgz,10,산부인과,9,0,메디아이여성병원,병원,노원구
JDQ4MTg4MSM1MSMkMSMkMCMkOTkkMzgxMzUxIzUxIyQxIyQxIyQ4OSQzNjE4MzIjNDEjJDEjJDgjJDgz,11,소아청소년과,1,0,메디아이여성병원,병원,노원구
JDQ4MTg4MSM1MSMkMSMkMCMkOTkkMzgxMzUxIzMxIyQxIyQ3IyQ2MiQyNjEyMjIjNDEjJDEjJDQjJDgz,1,내과,1,0,모두가행복한연세병원,병원,강남구
JDQ4MTg4MSM1MSMkMSMkMCMkOTkkMzgxMzUxIzMxIyQxIyQ3IyQ2MiQyNjEyMjIjNDEjJDEjJDQjJDgz,80,한방내과,1,0,모두가행복한연세병원,병원,강남구
JDQ4MTg4MSM1MSMkMSMkMCMkOTkkMzgxMzUxIzQxIyQyIyQ3IyQwMCQyNjEwMDIjNDEjJDEjJDgjJDgz,10,산부인과,3,0,목동제일여성병원,병원,양천구
JDQ4MTg4MSM1MSMkMSMkMCMkOTkkMzgxMzUxIzQxIyQyIyQ3IyQwMCQyNjEwMDIjNDEjJDEjJDgjJDgz,11,소아청소년과,0,0,목동제일여성병원,병원,양천구
JDQ4MTg4MSM1MSMkMSMkMCMkOTkkMzgxMzUxIzUxIyQxIyQxIyQ4OSQyNjE0ODEjNjEjJDEjJDAjJDgz,2,신경과,0,0,목동현대웰병원,병원,구로구
JDQ4MTg4MSM1MSMkMSMkMCMkOTkkMzgxMzUxIzUxIyQxIyQxIyQ4OSQyNjE0ODEjNjEjJDEjJDAjJDgz,5,정형외과,0,0,목동현대웰병원,병원,구로구
JDQ4MTg4MSM1MSMkMSMkMCMkOTkkMzgxMzUxIzUxIyQxIyQxIyQ4OSQyNjE0ODEjNjEjJDEjJDAjJDgz,6,신경외과,0,0,목동현대웰병원,병원,구로구
JDQ4MTg4MSM1MSMkMSMkMCMkOTkkMzgxMzUxIzUxIyQxIyQxIyQ4OSQyNjE0ODEjNjEjJDEjJDAjJDgz,21,재활의학과,1,0,목동현대웰병원,병원,구로구
JDQ4MTg4MSM1MSMkMSMkMCMkOTkkMzgxMzUxIzUxIyQxIyQxIyQ4OSQyNjE0ODEjNjEjJDEjJDAjJDgz,23,가정의학과,0,0,목동현대웰병원,병원,구로구
JDQ4MTg4MSM1MSMkMSMkMCMkOTkkMzgxMzUxIzUxIyQxIyQxIyQ4OSQyNjE0ODEjNjEjJDEjJDAjJDgz,80,한방내과,0,0,목동현대웰병원,병원,구로구
JDQ4MTg4MSM1MSMkMSMkMCMkOTkkMzgxMzUxIzUxIyQxIyQxIyQ4OSQyNjE0ODEjNjEjJDEjJDAjJDgz,85,침구과,0,0,목동현대웰병원,병원,구로구
JDQ4MTg4MSM1MSMkMSMkMCMkOTkkMzgxMzUxIzUxIyQxIyQxIyQ4OSQyNjE0ODEjNjEjJDEjJDAjJDgz,87,사상체질과,0,0,목동현대웰병원,병원,구로구
JDQ4MTg4MSM1MSMkMSMkNCMkOTkkMzgxMzUxIzExIyQxIyQzIyQ3OSQyNjE4MzIjNjEjJDEjJDAjJDgz,1,내과,0,0,미래본병원,병원,송파구
JDQ4MTg4MSM1MSMkMSMkNCMkOTkkMzgxMzUxIzExIyQxIyQzIyQ3OSQyNjE4MzIjNjEjJDEjJDAjJDgz,5,정형외과,1,0,미래본병원,병원,송파구
JDQ4MTg4MSM1MSMkMSMkNCMkOTkkMzgxMzUxIzExIyQxIyQzIyQ3OSQyNjE4MzIjNjEjJDEjJDAjJDgz,6,신경외과,1,0,미래본병원,병원,송파구
JDQ4MTg4MSM1MSMkMSMkNCMkOTkkMzgxMzUxIzExIyQxIyQzIyQ3OSQyNjE4MzIjNjEjJDEjJDAjJDgz,9,마취통증의학과,1,0,미래본병원,병원,송파구
JDQ4MTg4MSM1MSMkMSMkNCMkOTkkMzgxMzUxIzExIyQxIyQzIyQ3OSQyNjE4MzIjNjEjJDEjJDAjJDgz,16,영상의학과,1,0,미래본병원,병원,송파구
JDQ4MTg4MSM1MSMkMSMkNCMkOTkkMzgxMzUxIzExIyQxIyQzIyQ3OSQyNjE4MzIjNjEjJDEjJDAjJDgz,21,재활의학과,0,0,미래본병원,병원,송파구
JDQ4MTg4MSM1MSMkMSMkNCMkOTkkMzgxMzUxIzExIyQxIyQzIyQ3OSQyNjE4MzIjNjEjJDEjJDAjJDgz,23,가정의학과,0,0,미래본병원,병원,송파구
JDQ4MTg4MSM1MSMkMSMkMCMkOTkkMzgxMzUxIzIxIyQxIyQ5IyQxMyQyNjEyMjIjNTEjJDEjJDYjJDgz,8,성형외과,1,0,미병원,병원,강남구
JDQ4MTg4MSM1MSMkMSMkMCMkOTkkMzgxMzUxIzIxIyQxIyQ5IyQxMyQyNjEyMjIjNTEjJDEjJDYjJDgz,9,마취통증의학과,0,0,미병원,병원,강남구
JDQ4MTg4MSM1MSMkMSMkMCMkOTkkMzgxMzUxIzIxIyQxIyQ5IyQxMyQyNjEyMjIjNTEjJDEjJDYjJDgz,15,비뇨의학과,0,0,미병원,병원,강남구
JDQ4MTg4MSM1MSMkMSMkMCMkOTkkMzgxMzUxIzIxIyQxIyQ5IyQxMyQyNjEyMjIjNTEjJDEjJDYjJDgz,85,침구과,0,0,미병원,병원,강남구
JDQ4MTg4MSM1MSMkMSMkMCMkOTkkMzgxMzUxIzMxIyQxIyQzIyQ3OSQyNjE4MzIjNTEjJDEjJDIjJDgz,1,내과,5,0,민병원,병원,강북구
JDQ4MTg4MSM1MSMkMSMkMCMkOTkkMzgxMzUxIzMxIyQxIyQzIyQ3OSQyNjE4MzIjNTEjJDEjJDIjJDgz,4,외과,5,0,민병원,병원,강북구
JDQ4MTg4MSM1MSMkMSMkMCMkOTkkMzgxMzUxIzMxIyQxIyQzIyQ3OSQyNjE4MzIjNTEjJDEjJDIjJDgz,9,마취통증의학과,2,0,민병원,병원,강북구
JDQ4MTg4MSM1MSMkMSMkMCMkOTkkMzgxMzUxIzMxIyQxIyQzIyQ3OSQyNjE4MzIjNTEjJDEjJDIjJDgz,13,이비인후과,0,0,민병원,병원,강북구
JDQ4MTg4MSM1MSMkMSMkMCMkOTkkMzgxMzUxIzMxIyQxIyQzIyQ3OSQyNjE4MzIjNTEjJDEjJDIjJDgz,16,영상의학과,0,0,민병원,병원,강북구
JDQ4MTg4MSM1MSMkMSMkMCMkOTkkMzgxMzUxIzMxIyQxIyQzIyQ3OSQyNjE4MzIjNTEjJDEjJDIjJDgz,18,병리과,1,0,민병원,병원,강북구
JDQ4MTg4MSM1MSMkMSMkMCMkOTkkMzgxMzUxIzMxIyQxIyQzIyQ3OSQyNjE4MzIjNTEjJDEjJDIjJDgz,23,가정의학과,0,0,민병원,병원,강북구
JDQ4MTg4MSM1MSMkMSMkMCMkOTkkMzgxMzUxIzUxIyQxIyQxIyQ4OSQzNjEwMDIjNjEjJDEjJDQjJDgz,1,내과,1,0,민트병원,병원,송파구
JDQ4MTg4MSM1MSMkMSMkMCMkOTkkMzgxMzUxIzUxIyQxIyQxIyQ4OSQzNjEwMDIjNjEjJDEjJDQjJDgz,4,외과,2,0,민트병원,병원,송파구
JDQ4MTg4MSM1MSMkMSMkMCMkOTkkMzgxMzUxIzUxIyQxIyQxIyQ4OSQzNjEwMDIjNjEjJDEjJDQjJDgz,10,산부인과,3,0,민트병원,병원,송파구
JDQ4MTg4MSM1MSMkMSMkMCMkOTkkMzgxMzUxIzUxIyQxIyQxIyQ4OSQzNjEwMDIjNjEjJDEjJDQjJDgz,16,영상의학과,6,0,민트병원,병원,송파구
JDQ4MTg4MSM1MSMkMSMkMCMkOTkkMzgxMzUxIzIxIyQyIyQ5IyQwMCQyNjE0ODEjNTEjJDEjJDYjJDgz,1,내과,2,0,바로선병원,병원,도봉구
JDQ4MTg4MSM1MSMkMSMkMCMkOTkkMzgxMzUxIzIxIyQyIyQ5IyQwMCQyNjE0ODEjNTEjJDEjJDYjJDgz,2,신경과,1,0,바로선병원,병원,도봉구
JDQ4MTg4MSM1MSMkMSMkMCMkOTkkMzgxMzUxIzIxIyQyIyQ5IyQwMCQyNjE0ODEjNTEjJDEjJDYjJDgz,4,외과,0,0,바로선병원,병원,도봉구
JDQ4MTg4MSM1MSMkMSMkMCMkOTkkMzgxMzUxIzIxIyQyIyQ5IyQwMCQyNjE0ODEjNTEjJDEjJDYjJDgz,5,정형외과,8,0,바로선병원,병원,도봉구
JDQ4MTg4MSM1MSMkMSMkMCMkOTkkMzgxMzUxIzIxIyQyIyQ5IyQwMCQyNjE0ODEjNTEjJDEjJDYjJDgz,6,신경외과,0,0,바로선병원,병원,도봉구
JDQ4MTg4MSM1MSMkMSMkMCMkOTkkMzgxMzUxIzIxIyQyIyQ5IyQwMCQyNjE0ODEjNTEjJDEjJDYjJDgz,9,마취통증의학과,0,0,바로선병원,병원,도봉구
JDQ4MTg4MSM1MSMkMSMkMCMkOTkkMzgxMzUxIzIxIyQyIyQ5IyQwMCQyNjE0ODEjNTEjJDEjJDYjJDgz,11,소아청소년과,0,0,바로선병원,병원,도봉구
JDQ4MTg4MSM1MSMkMSMkMCMkOTkkMzgxMzUxIzIxIyQyIyQ5IyQwMCQyNjE0ODEjNTEjJDEjJDYjJDgz,16,영상의학과,2,0,바로선병원,병원,도봉구
JDQ4MTg4MSM1MSMkMSMkMCMkOTkkMzgxMzUxIzIxIyQyIyQ5IyQwMCQyNjE0ODEjNTEjJDEjJDYjJDgz,19,진단검사의학과,0,0,바로선병원,병원,도봉구
JDQ4MTg4MSM1MSMkMSMkMCMkOTkkMzgxMzUxIzIxIyQyIyQ5IyQwMCQyNjE0ODEjNTEjJDEjJDYjJDgz,21,재활의학과,0,0,바로선병원,병원,도봉구
JDQ4MTg4MSM1MSMkMSMkMCMkOTkkMzgxMzUxIzIxIyQyIyQ5IyQwMCQyNjE0ODEjNTEjJDEjJDYjJDgz,23,가정의학과,1,0,바로선병원,병원,도봉구
JDQ4MTg4MSM1MSMkMSMkMCMkOTkkMzgxMzUxIzMxIyQxIyQzIyQxMyQzNjEwMDIjNjEjJDEjJDAjJDgz,5,정형외과,2,0,바른본병원,병원,광진구
JDQ4MTg4MSM1MSMkMSMkMCMkOTkkMzgxMzUxIzMxIyQxIyQzIyQxMyQzNjEwMDIjNjEjJDEjJDAjJDgz,6,신경외과,0,0,바른본병원,병원,광진구
JDQ4MTg4MSM1MSMkMSMkMCMkOTkkMzgxMzUxIzMxIyQxIyQzIyQxMyQzNjEwMDIjNjEjJDEjJDAjJDgz,9,마취통증의학과,1,0,바른본병원,병원,광진구
JDQ4MTg4MSM1MSMkMSMkMCMkOTkkMzgxMzUxIzMxIyQxIyQzIyQxMyQzNjEwMDIjNjEjJDEjJDAjJDgz,16,영상의학과,1,0,바른본병원,병원,광진구
JDQ4MTg4MSM1MSMkMSMkMCMkOTkkMzgxMzUxIzQxIyQxIyQ3IyQ3MiQ0NjE0ODEjNTEjJDEjJDIjJDgz,5,정형외과,3,0,바른사랑병원,병원,관악구
JDQ4MTg4MSM1MSMkMSMkMCMkOTkkMzgxMzUxIzQxIyQxIyQ3IyQ3MiQ0NjE0ODEjNTEjJDEjJDIjJDgz,6,신경외과,1,0,바른사랑병원,병원,관악구
JDQ4MTg4MSM1MSMkMSMkMCMkOTkkMzgxMzUxIzQxIyQxIyQ3IyQ3MiQ0NjE0ODEjNTEjJDEjJDIjJDgz,9,마취통증의학과,1,0,바른사랑병원,병원,관악구
JDQ4MTg4MSM1MSMkMSMkMCMkOTkkMzgxMzUxIzQxIyQxIyQ3IyQ3MiQ0NjE0ODEjNTEjJDEjJDIjJDgz,16,영상의학과,1,0,바른사랑병원,병원,관악구
JDQ4MTg4MSM1MSMkMSMkMCMkOTkkMzgxMzUxIzIxIyQxIyQ5IyQ2MiQ0NjEwMDIjNjEjJDEjJDAjJDgz,1,내과,2,0,반도정형외과병원,병원,중구
JDQ4MTg4MSM1MSMkMSMkMCMkOTkkMzgxMzUxIzIxIyQxIyQ5IyQ2MiQ0NjEwMDIjNjEjJDEjJDAjJDgz,5,정형외과,2,0,반도정형외과병원,병원,중구
JDQ4MTg4MSM1MSMkMSMkMCMkOTkkMzgxMzUxIzIxIyQxIyQ5IyQ2MiQ0NjEwMDIjNjEjJDEjJDAjJDgz,6,신경외과,1,0,반도정형외과병원,병원,중구
JDQ4MTg4MSM1MSMkMSMkMCMkOTkkMzgxMzUxIzIxIyQxIyQ5IyQ2MiQ0NjEwMDIjNjEjJDEjJDAjJDgz,11,소아청소년과,0,0,반도정형외과병원,병원,중구
JDQ4MTg4MSM1MSMkMSMkMCMkOTkkMzgxMzUxIzIxIyQxIyQ5IyQ2MiQ0NjEwMDIjNjEjJDEjJDAjJDgz,14,피부과,0,0,반도정형외과병원,병원,중구
JDQ4MTg4MSM1MSMkMSMkMCMkOTkkMzgxMzUxIzIxIyQxIyQ5IyQ2MiQ0NjEwMDIjNjEjJDEjJDAjJDgz,16,영상의학과,1,0,반도정형외과병원,병원,중구
JDQ4MTg4MSM1MSMkMSMkMCMkOTkkMzgxMzUxIzIxIyQxIyQ5IyQ2MiQ0NjEwMDIjNjEjJDEjJDAjJDgz,19,진단검사의학과,0,0,반도정형외과병원,병원,중구
JDQ4MTg4MSM1MSMkMSMkMCMkOTkkMzgxMzUxIzIxIyQxIyQ5IyQ2MiQ0NjEwMDIjNjEjJDEjJDAjJDgz,21,재활의학과,0,0,반도정형외과병원,병원,중구
JDQ4MTg4MSM1MSMkMSMkMCMkOTkkMzgxMzUxIzIxIyQxIyQ5IyQxMyQzNjE4MzIjNjEjJDEjJDAjJDgz,1,내과,3,0,방병원,병원,노원구
JDQ4MTg4MSM1MSMkMSMkMCMkOTkkMzgxMzUxIzIxIyQxIyQ5IyQxMyQzNjE4MzIjNjEjJDEjJDAjJDgz,2,신경과,1,0,방병원,병원,노원구
JDQ4MTg4MSM1MSMkMSMkMCMkOTkkMzgxMzUxIzIxIyQxIyQ5IyQxMyQzNjE4MzIjNjEjJDEjJDAjJDgz,5,정형외과,6,0,방병원,병원,노원구
JDQ4MTg4MSM1MSMkMSMkMCMkOTkkMzgxMzUxIzIxIyQxIyQ5IyQxMyQzNjE4MzIjNjEjJDEjJDAjJDgz,6,신경외과,2,0,방병원,병원,노원구
JDQ4MTg4MSM1MSMkMSMkMCMkOTkkMzgxMzUxIzIxIyQxIyQ5IyQxMyQzNjE4MzIjNjEjJDEjJDAjJDgz,9,마취통증의학과,1,0,방병원,병원,노원구
JDQ4MTg4MSM1MSMkMSMkMCMkOTkkMzgxMzUxIzIxIyQxIyQ5IyQxMyQzNjE4MzIjNjEjJDEjJDAjJDgz,10,산부인과,0,0,방병원,병원,노원구
JDQ4MTg4MSM1MSMkMSMkMCMkOTkkMzgxMzUxIzIxIyQxIyQ5IyQxMyQzNjE4MzIjNjEjJDEjJDAjJDgz,11,소아청소년과,0,0,방병원,병원,노원구
JDQ4MTg4MSM1MSMkMSMkMCMkOTkkMzgxMzUxIzIxIyQxIyQ5IyQxMyQzNjE4MzIjNjEjJDEjJDAjJDgz,14,피부과,0,0,방병원,병원,노원구
JDQ4MTg4MSM1MSMkMSMkMCMkOTkkMzgxMzUxIzIxIyQxIyQ5IyQxMyQzNjE4MzIjNjEjJDEjJDAjJDgz,15,비뇨의학과,0,0,방병원,병원,노원구
JDQ4MTg4MSM1MSMkMSMkMCMkOTkkMzgxMzUxIzIxIyQxIyQ5IyQxMyQzNjE4MzIjNjEjJDEjJDAjJDgz,16,영상의학과,1,0,방병원,병원,노원구
JDQ4MTg4MSM1MSMkMSMkMCMkOTkkMzgxMzUxIzIxIyQxIyQ5IyQxMyQzNjE4MzIjNjEjJDEjJDAjJDgz,21,재활의학과,0,0,방병원,병원,노원구
JDQ4MTg4MSM1MSMkMSMkMCMkOTkkMzgxMzUxIzMxIyQxIyQ3IyQ4OSQyNjE0ODEjNDEjJDEjJDgjJDgz,5,정형외과,2,0,방화병원,병원,강서구
JDQ4MTg4MSM1MSMkMSMkMCMkOTkkMzgxMzUxIzUxIyQxIyQxIyQ4OSQzNjE0ODEjNzEjJDEjJDgjJDgz,1,내과,1,0,본바움병원,병원,은평구
JDQ4MTg4MSM1MSMkMSMkMCMkOTkkMzgxMzUxIzUxIyQxIyQxIyQ4OSQzNjE0ODEjNzEjJDEjJDgjJDgz,5,정형외과,2,0,본바움병원,병원,은평구
JDQ4MTg4MSM1MSMkMSMkMCMkOTkkMzgxMzUxIzUxIyQxIyQxIyQ4OSQzNjE0ODEjNzEjJDEjJDgjJDgz,6,신경외과,2,0,본바움병원,병원,은평구
JDQ4MTg4MSM1MSMkMSMkMCMkOTkkMzgxMzUxIzUxIyQxIyQxIyQ4OSQzNjE0ODEjNzEjJDEjJDgjJDgz,9,마취통증의학과,1,0,본바움병원,병원,은평구
JDQ4MTg4MSM1MSMkMSMkMCMkOTkkMzgxMzUxIzUxIyQxIyQxIyQ4OSQzNjE0ODEjNzEjJDEjJDgjJDgz,16,영상의학과,1,0,본바움병원,병원,은평구
JDQ4MTg4MSM1MSMkMSMkMCMkOTkkMzgxMzUxIzQxIyQxIyQ3IyQ5MiQ0NjEwMDIjNjEjJDEjJDQjJDgz,1,내과,1,0,본서부병원,병원,은평구
JDQ4MTg4MSM1MSMkMSMkMCMkOTkkMzgxMzUxIzQxIyQxIyQ3IyQ5MiQ0NjEwMDIjNjEjJDEjJDQjJDgz,5,정형외과,2,0,본서부병원,병원,은평구
JDQ4MTg4MSM1MSMkMSMkMCMkOTkkMzgxMzUxIzQxIyQxIyQ3IyQ5MiQ0NjEwMDIjNjEjJDEjJDQjJDgz,6,신경외과,2,0,본서부병원,병원,은평구
JDQ4MTg4MSM1MSMkMSMkMCMkOTkkMzgxMzUxIzQxIyQxIyQ3IyQ5MiQ0NjEwMDIjNjEjJDEjJDQjJDgz,9,마취통증의학과,1,0,본서부병원,병원,은평구
JDQ4MTg4MSM1MSMkMSMkMCMkOTkkMzgxMzUxIzQxIyQxIyQ3IyQ5MiQ0NjEwMDIjNjEjJDEjJDQjJDgz,16,영상의학과,1,0,본서부병원,병원,은평구
JDQ4MTg4MSM1MSMkMSMkMCMkOTkkMzgxMzUxIzMxIyQxIyQ3IyQ2MiQzNjEyMjIjNTEjJDEjJDIjJDgz,1,내과,8,0,비에비스나무병원,병원,강남구
JDQ4MTg4MSM1MSMkMSMkMCMkOTkkMzgxMzUxIzMxIyQxIyQ3IyQ2MiQzNjEyMjIjNTEjJDEjJDIjJDgz,4,외과,2,0,비에비스나무병원,병원,강남구
JDQ4MTg4MSM1MSMkMSMkMCMkOTkkMzgxMzUxIzMxIyQxIyQ3IyQ2MiQzNjEyMjIjNTEjJDEjJDIjJDgz,9,마취통증의학과,0,0,비에비스나무병원,병원,강남구
JDQ4MTg4MSM1MSMkMSMkMCMkOTkkMzgxMzUxIzMxIyQxIyQ3IyQ2MiQzNjEyMjIjNTEjJDEjJDIjJDgz,10,산부인과,0,0,비에비스나무병원,병원,강남구
JDQ4MTg4MSM1MSMkMSMkMCMkOTkkMzgxMzUxIzMxIyQxIyQ3IyQ2MiQzNjEyMjIjNTEjJDEjJDIjJDgz,16,영상의학과,1,0,비에비스나무병원,병원,강남구
JDQ4MTg4MSM1MSMkMSMkMCMkOTkkMzgxMzUxIzMxIyQxIyQ3IyQ2MiQzNjEyMjIjNTEjJDEjJDIjJDgz,23,가정의학과,1,0,비에비스나무병원,병원,강남구
JDQ4MTg4MSM1MSMkMSMkMCMkOTkkMzgxMzUxIzUxIyQxIyQxIyQ4OSQ0NjEwMDIjODEjJDEjJDIjJDgz,9,마취통증의학과,1,0,비에스코아이비인후과병원,병원,강서구
JDQ4MTg4MSM1MSMkMSMkMCMkOTkkMzgxMzUxIzUxIyQxIyQxIyQ4OSQ0NjEwMDIjODEjJDEjJDIjJDgz,13,이비인후과,7,0,비에스코아이비인후과병원,병원,강서구
JDQ4MTg4MSM1MSMkMSMkMCMkOTkkMzgxMzUxIzQxIyQxIyQ3IyQ2MiQyNjE0ODEjNDEjJDEjJDQjJDgz,1,내과,0,0,빠른병원,병원,송파구
JDQ4MTg4MSM1MSMkMSMkMCMkOTkkMzgxMzUxIzQxIyQxIyQ3IyQ2MiQyNjE0ODEjNDEjJDEjJDQjJDgz,5,정형외과,2,0,빠른병원,병원,송파구
JDQ4MTg4MSM1MSMkMSMkMCMkOTkkMzgxMzUxIzQxIyQxIyQ3IyQ2MiQyNjE0ODEjNDEjJDEjJDQjJDgz,8,성형외과,0,0,빠른병원,병원,송파구
JDQ4MTg4MSM1MSMkMSMkMCMkOTkkMzgxMzUxIzQxIyQxIyQ3IyQ2MiQyNjE0ODEjNDEjJDEjJDQjJDgz,16,영상의학과,1,0,빠른병원,병원,송파구
JDQ4MTg4MSM1MSMkMSMkMCMkOTkkMzgxMzUxIzQxIyQxIyQ3IyQ2MiQyNjE0ODEjNDEjJDEjJDQjJDgz,24,응급의학과,1,0,빠른병원,병원,송파구
JDQ4MTg4MSM1MSMkMSMkMCMkOTkkMzgxMzUxIzQxIyQxIyQ3IyQ5OSQzNjE4MzIjNTEjJDEjJDIjJDgz,1,내과,3,0,사랑의병원,병원,관악구
JDQ4MTg4MSM1MSMkMSMkMCMkOTkkMzgxMzUxIzQxIyQxIyQ3IyQ5OSQzNjE4MzIjNTEjJDEjJDIjJDgz,2,신경과,1,0,사랑의병원,병원,관악구
JDQ4MTg4MSM1MSMkMSMkMCMkOTkkMzgxMzUxIzQxIyQxIyQ3IyQ5OSQzNjE4MzIjNTEjJDEjJDIjJDgz,4,외과,1,0,사랑의병원,병원,관악구
JDQ4MTg4MSM1MSMkMSMkMCMkOTkkMzgxMzUxIzQxIyQxIyQ3IyQ5OSQzNjE4MzIjNTEjJDEjJDIjJDgz,5,정형외과,1,0,사랑의병원,병원,관악구
JDQ4MTg4MSM1MSMkMSMkMCMkOTkkMzgxMzUxIzQxIyQxIyQ3IyQ5OSQzNjE4MzIjNTEjJDEjJDIjJDgz,6,신경외과,0,0,사랑의병원,병원,관악구
JDQ4MTg4MSM1MSMkMSMkMCMkOTkkMzgxMzUxIzQxIyQxIyQ3IyQ5OSQzNjE4MzIjNTEjJDEjJDIjJDgz,9,마취통증의학과,1,0,사랑의병원,병원,관악구
JDQ4MTg4MSM1MSMkMSMkMCMkOTkkMzgxMzUxIzQxIyQxIyQ3IyQ5OSQzNjE4MzIjNTEjJDEjJDIjJDgz,16,영상의학과,1,0,사랑의병원,병원,관악구
JDQ4MTg4MSM1MSMkMSMkMCMkOTkkMzgxMzUxIzQxIyQxIyQ3IyQ5OSQzNjE4MzIjNTEjJDEjJDIjJDgz,23,가정의학과,0,0,사랑의병원,병원,관악구
JDQ4MTg4MSM1MSMkMSMkMCMkOTkkMzgxMzUxIzMxIyQxIyQ3IyQ4OSQzNjE0ODEjNjEjJDEjJDAjJDgz,1,내과,3,0,사랑플러스병원,병원,강동구
JDQ4MTg4MSM1MSMkMSMkMCMkOTkkMzgxMzUxIzMxIyQxIyQ3IyQ4OSQzNjE0ODEjNjEjJDEjJDAjJDgz,2,신경과,1,0,사랑플러스병원,병원,강동구
JDQ4MTg4MSM1MSMkMSMkMCMkOTkkMzgxMzUxIzMxIyQxIyQ3IyQ4OSQzNjE0ODEjNjEjJDEjJDAjJDgz,5,정형외과,2,0,사랑플러스병원,병원,강동구
JDQ4MTg4MSM1MSMkMSMkMCMkOTkkMzgxMzUxIzMxIyQxIyQ3IyQ4OSQzNjE0ODEjNjEjJDEjJDAjJDgz,6,신경외과,2,0,사랑플러스병원,병원,강동구
JDQ4MTg4MSM1MSMkMSMkMCMkOTkkMzgxMzUxIzMxIyQxIyQ3IyQ4OSQzNjE0ODEjNjEjJDEjJDAjJDgz,9,마취통증의학과,1,0,사랑플러스병원,병원,강동구
JDQ4MTg4MSM1MSMkMSMkMCMkOTkkMzgxMzUxIzMxIyQxIyQ3IyQ4OSQzNjE0ODEjNjEjJDEjJDAjJDgz,16,영상의학과,2,0,사랑플러스병원,병원,강동구
JDQ4MTg4MSM1MSMkMSMkMCMkOTkkMzgxMzUxIzMxIyQxIyQ3IyQ4OSQzNjE0ODEjNjEjJDEjJDAjJDgz,19,진단검사의학과,0,0,사랑플러스병원,병원,강동구
JDQ4MTg4MSM1MSMkMSMkMCMkOTkkMzgxMzUxIzMxIyQxIyQ3IyQ4OSQzNjE0ODEjNjEjJDEjJDAjJDgz,21,재활의학과,0,0,사랑플러스병원,병원,강동구
JDQ4MTg4MSM1MSMkMSMkMCMkOTkkMzgxMzUxIzMxIyQxIyQ3IyQ4OSQzNjE0ODEjNjEjJDEjJDAjJDgz,23,가정의학과,1,0,사랑플러스병원,병원,강동구
JDQ4MTg4MSM1MSMkMSMkMCMkOTkkMzgxMzUxIzIxIyQxIyQ5IyQ2MiQ0NjE0ODEjNjEjJDEjJDgjJDgz,1,내과,1,0,사회복지법인 성가소비녀회 성가복지병원,병원,성북구
JDQ4MTg4MSM1MSMkMSMkMCMkOTkkMzgxMzUxIzIxIyQxIyQ5IyQ2MiQ0NjE0ODEjNjEjJDEjJDgjJDgz,2,신경과,0,0,사회복지법인 성가소비녀회 성가복지병원,병원,성북구
JDQ4MTg4MSM1MSMkMSMkMCMkOTkkMzgxMzUxIzIxIyQxIyQ5IyQ2MiQ0NjE0ODEjNjEjJDEjJDgjJDgz,3,정신건강의학과,0,0,사회복지법인 성가소비녀회 성가복지병원,병원,성북구
JDQ4MTg4MSM1MSMkMSMkMCMkOTkkMzgxMzUxIzIxIyQxIyQ5IyQ2MiQ0NjE0ODEjNjEjJDEjJDgjJDgz,4,외과,1,0,사회복지법인 성가소비녀회 성가복지병원,병원,성북구
JDQ4MTg4MSM1MSMkMSMkMCMkOTkkMzgxMzUxIzIxIyQxIyQ5IyQ2MiQ0NjE0ODEjNjEjJDEjJDgjJDgz,5,정형외과,0,0,사회복지법인 성가소비녀회 성가복지병원,병원,성북구
JDQ4MTg4MSM1MSMkMSMkMCMkOTkkMzgxMzUxIzIxIyQxIyQ5IyQ2MiQ0NjE0ODEjNjEjJDEjJDgjJDgz,6,신경외과,0,0,사회복지법인 성가소비녀회 성가복지병원,병원,성북구
JDQ4MTg4MSM1MSMkMSMkMCMkOTkkMzgxMzUxIzIxIyQxIyQ5IyQ2MiQ0NjE0ODEjNjEjJDEjJDgjJDgz,9,마취통증의학과,0,0,사회복지법인 성가소비녀회 성가복지병원,병원,성북구
JDQ4MTg4MSM1MSMkMSMkMCMkOTkkMzgxMzUxIzIxIyQxIyQ5IyQ2MiQ0NjE0ODEjNjEjJDEjJDgjJDgz,10,산부인과,1,0,사회복지법인 성가소비녀회 성가복지병원,병원,성북구
JDQ4MTg4MSM1MSMkMSMkMCMkOTkkMzgxMzUxIzIxIyQxIyQ5IyQ2MiQ0NjE0ODEjNjEjJDEjJDgjJDgz,12,안과,0,0,사회복지법인 성가소비녀회 성가복지병원,병원,성북구
JDQ4MTg4MSM1MSMkMSMkMCMkOTkkMzgxMzUxIzIxIyQxIyQ5IyQ2MiQ0NjE0ODEjNjEjJDEjJDgjJDgz,13,이비인후과,0,0,사회복지법인 성가소비녀회 성가복지병원,병원,성북구
JDQ4MTg4MSM1MSMkMSMkMCMkOTkkMzgxMzUxIzIxIyQxIyQ5IyQ2MiQ0NjE0ODEjNjEjJDEjJDgjJDgz,14,피부과,0,0,사회복지법인 성가소비녀회 성가복지병원,병원,성북구
JDQ4MTg4MSM1MSMkMSMkMCMkOTkkMzgxMzUxIzIxIyQxIyQ5IyQ2MiQ0NjE0ODEjNjEjJDEjJDgjJDgz,15,비뇨의학과,0,0,사회복지법인 성가소비녀회 성가복지병원,병원,성북구
JDQ4MTg4MSM1MSMkMSMkMCMkOTkkMzgxMzUxIzIxIyQxIyQ5IyQ2MiQ0NjE0ODEjNjEjJDEjJDgjJDgz,16,영상의학과,0,0,사회복지법인 성가소비녀회 성가복지병원,병원,성북구
JDQ4MTg4MSM1MSMkMSMkMCMkOTkkMzgxMzUxIzIxIyQxIyQ5IyQ2MiQ0NjE0ODEjNjEjJDEjJDgjJDgz,19,진단검사의학과,0,0,사회복지법인 성가소비녀회 성가복지병원,병원,성북구
JDQ4MTg4MSM1MSMkMSMkMCMkOTkkMzgxMzUxIzIxIyQxIyQ5IyQ2MiQ0NjE0ODEjNjEjJDEjJDgjJDgz,50,구강악안면외과,0,0,사회복지법인 성가소비녀회 성가복지병원,병원,성북구
JDQ4MTg4MSM1MSMkMSMkMCMkOTkkMzgxMzUxIzIxIyQxIyQ5IyQ2MiQ0NjE0ODEjNjEjJDEjJDgjJDgz,51,치과보철과,0,0,사회복지법인 성가소비녀회 성가복지병원,병원,성북구
JDQ4MTg4MSM1MSMkMSMkMCMkOTkkMzgxMzUxIzIxIyQxIyQ5IyQ2MiQ0NjE0ODEjNjEjJDEjJDgjJDgz,54,치주과,0,0,사회복지법인 성가소비녀회 성가복지병원,병원,성북구
JDQ4MTg4MSM1MSMkMSMkMCMkOTkkMzgxMzUxIzIxIyQxIyQ5IyQ2MiQ0NjE0ODEjNjEjJDEjJDgjJDgz,55,치과보존과,0,0,사회복지법인 성가소비녀회 성가복지병원,병원,성북구
JDQ4MTg4MSM1MSMkMSMkMCMkOTkkMzgxMzUxIzIxIyQxIyQ5IyQ2MiQ0NjE0ODEjNjEjJDEjJDgjJDgz,56,구강내과,0,0,사회복지법인 성가소비녀회 성가복지병원,병원,성북구
JDQ4MTg4MSM1MSMkMSMkMCMkOTkkMzgxMzUxIzMxIyQxIyQ3IyQ3OSQ0NjE0ODEjNDEjJDEjJDQjJDgz,4,외과,1,0,삼성미래여성병원,병원,구로구
JDQ4MTg4MSM1MSMkMSMkMCMkOTkkMzgxMzUxIzMxIyQxIyQ3IyQ3OSQ0NjE0ODEjNDEjJDEjJDQjJDgz,9,마취통증의학과,0,0,삼성미래여성병원,병원,구로구
JDQ4MTg4MSM1MSMkMSMkMCMkOTkkMzgxMzUxIzMxIyQxIyQ3IyQ3OSQ0NjE0ODEjNDEjJDEjJDQjJDgz,10,산부인과,9,0,삼성미래여성병원,병원,구로구
JDQ4MTg4MSM1MSMkMSMkMCMkOTkkMzgxMzUxIzMxIyQxIyQ3IyQ3OSQ0NjE0ODEjNDEjJDEjJDQjJDgz,11,소아청소년과,2,0,삼성미래여성병원,병원,구로구
JDQ4MTg4MSM1MSMkMSMkMCMkOTkkMzgxMzUxIzMxIyQxIyQ3IyQ3OSQ0NjE0ODEjNDEjJDEjJDQjJDgz,14,피부과,0,0,삼성미래여성병원,병원,구로구
JDQ4MTg4MSM1MSMkMSMkMCMkOTkkMzgxMzUxIzMxIyQxIyQ3IyQ3OSQ0NjE0ODEjNDEjJDEjJDQjJDgz,15,비뇨의학과,0,0,삼성미래여성병원,병원,구로구
JDQ4MTg4MSM1MSMkMSMkMCMkOTkkMzgxMzUxIzMxIyQxIyQ3IyQ3OSQ0NjE0ODEjNDEjJDEjJDQjJDgz,16,영상의학과,0,0,삼성미래여성병원,병원,구로구
JDQ4MTg4MSM1MSMkMSMkMCMkOTkkMzgxMzUxIzMxIyQxIyQ3IyQ3OSQ0NjE0ODEjNDEjJDEjJDQjJDgz,19,진단검사의학과,0,0,삼성미래여성병원,병원,구로구
JDQ4MTg4MSM1MSMkMSMkMCMkOTkkMzgxMzUxIzMxIyQxIyQ3IyQxMyQyNjE0ODEjNDEjJDEjJDQjJDgz,1,내과,1,0,새길병원,병원,영등포구
JDQ4MTg4MSM1MSMkMSMkMCMkOTkkMzgxMzUxIzMxIyQxIyQ3IyQxMyQyNjE0ODEjNDEjJDEjJDQjJDgz,5,정형외과,2,0,새길병원,병원,영등포구
JDQ4MTg4MSM1MSMkMSMkMCMkOTkkMzgxMzUxIzMxIyQxIyQ3IyQxMyQyNjE0ODEjNDEjJDEjJDQjJDgz,6,신경외과,0,0,새길병원,병원,영등포구
JDQ4MTg4MSM1MSMkMSMkMCMkOTkkMzgxMzUxIzMxIyQxIyQ3IyQxMyQyNjE0ODEjNDEjJDEjJDQjJDgz,9,마취통증의학과,0,0,새길병원,병원,영등포구
JDQ4MTg4MSM1MSMkMSMkMCMkOTkkMzgxMzUxIzMxIyQxIyQ3IyQxMyQyNjE0ODEjNDEjJDEjJDQjJDgz,16,영상의학과,1,0,새길병원,병원,영등포구
JDQ4MTg4MSM1MSMkMSMkMCMkOTkkMzgxMzUxIzQxIyQxIyQ3IyQ4MiQyNjEyMjIjNDEjJDEjJDgjJDgz,1,내과,0,0,새로운병원,병원,강남구
JDQ4MTg4MSM1MSMkMSMkMCMkOTkkMzgxMzUxIzQxIyQxIyQ3IyQ4MiQyNjEyMjIjNDEjJDEjJDgjJDgz,2,신경과,0,0,새로운병원,병원,강남구
JDQ4MTg4MSM1MSMkMSMkMCMkOTkkMzgxMzUxIzQxIyQxIyQ3IyQ4MiQyNjEyMjIjNDEjJDEjJDgjJDgz,4,외과,0,0,새로운병원,병원,강남구
JDQ4MTg4MSM1MSMkMSMkMCMkOTkkMzgxMzUxIzQxIyQxIyQ3IyQ4MiQyNjEyMjIjNDEjJDEjJDgjJDgz,5,정형외과,3,0,새로운병원,병원,강남구
JDQ4MTg4MSM1MSMkMSMkMCMkOTkkMzgxMzUxIzQxIyQxIyQ3IyQ4MiQyNjEyMjIjNDEjJDEjJDgjJDgz,6,신경외과,3,0,새로운병원,병원,강남구
JDQ4MTg4MSM1MSMkMSMkMCMkOTkkMzgxMzUxIzQxIyQxIyQ3IyQ4MiQyNjEyMjIjNDEjJDEjJDgjJDgz,7,심장혈관흉부외과,0,0,새로운병원,병원,강남구
JDQ4MTg4MSM1MSMkMSMkMCMkOTkkMzgxMzUxIzQxIyQxIyQ3IyQ4MiQyNjEyMjIjNDEjJDEjJDgjJDgz,9,마취통증의학과,2,0,새로운병원,병원,강남구
JDQ4MTg4MSM1MSMkMSMkMCMkOTkkMzgxMzUxIzQxIyQxIyQ3IyQ4MiQyNjEyMjIjNDEjJDEjJDgjJDgz,10,산부인과,0,0,새로운병원,병원,강남구
JDQ4MTg4MSM1MSMkMSMkMCMkOTkkMzgxMzUxIzQxIyQxIyQ3IyQ4MiQyNjEyMjIjNDEjJDEjJDgjJDgz,11,소아청소년과,0,0,새로운병원,병원,강남구
JDQ4MTg4MSM1MSMkMSMkMCMkOTkkMzgxMzUxIzQxIyQxIyQ3IyQ4MiQyNjEyMjIjNDEjJDEjJDgjJDgz,13,이비인후과,0,0,새로운병원,병원,강남구
JDQ4MTg4MSM1MSMkMSMkMCMkOTkkMzgxMzUxIzQxIyQxIyQ3IyQ4MiQyNjEyMjIjNDEjJDEjJDgjJDgz,14,피부과,0,0,새로운병원,병원,강남구
JDQ4MTg4MSM1MSMkMSMkMCMkOTkkMzgxMzUxIzQxIyQxIyQ3IyQ4MiQyNjEyMjIjNDEjJDEjJDgjJDgz,15,비뇨의학과,0,0,새로운병원,병원,강남구
JDQ4MTg4MSM1MSMkMSMkMCMkOTkkMzgxMzUxIzQxIyQxIyQ3IyQ4MiQyNjEyMjIjNDEjJDEjJDgjJDgz,16,영상의학과,1,0,새로운병원,병원,강남구
JDQ4MTg4MSM1MSMkMSMkMCMkOTkkMzgxMzUxIzQxIyQxIyQ3IyQ4MiQyNjEyMjIjNDEjJDEjJDgjJDgz,19,진단검사의학과,0,0,새로운병원,병원,강남구
JDQ4MTg4MSM1MSMkMSMkMCMkOTkkMzgxMzUxIzQxIyQxIyQ3IyQ4MiQyNjEyMjIjNDEjJDEjJDgjJDgz,21,재활의학과,0,0,새로운병원,병원,강남구
JDQ4MTg4MSM1MSMkMSMkMCMkOTkkMzgxMzUxIzQxIyQxIyQ3IyQ4MiQyNjEyMjIjNDEjJDEjJDgjJDgz,23,가정의학과,1,0,새로운병원,병원,강남구
JDQ4MTg4MSM1MSMkMSMkMCMkOTkkMzgxMzUxIzQxIyQxIyQ3IyQ4MiQyNjEyMjIjNDEjJDEjJDgjJDgz,26,예방의학과,0,0,새로운병원,병원,강남구
JDQ4MTg4MSM1MSMkMSMkMCMkOTkkMzgxMzUxIzQxIyQxIyQ3IyQ3MiQzNjEyMjIjNjEjJDEjJDgjJDgz,1,내과,2,0,새숨병원,병원,송파구
JDQ4MTg4MSM1MSMkMSMkMCMkOTkkMzgxMzUxIzQxIyQxIyQ3IyQ3MiQzNjEyMjIjNjEjJDEjJDgjJDgz,4,외과,1,0,새숨병원,병원,송파구
JDQ4MTg4MSM1MSMkMSMkMCMkOTkkMzgxMzUxIzQxIyQxIyQ3IyQ3MiQzNjEyMjIjNjEjJDEjJDgjJDgz,23,가정의학과,0,0,새숨병원,병원,송파구
JDQ4MTg4MSM1MSMkMSMkMCMkOTkkMzgxMzUxIzQxIyQxIyQ3IyQ3OSQzNjE0ODEjNTEjJDEjJDYjJDgz,1,내과,2,0,새움병원,병원,금천구
JDQ4MTg4MSM1MSMkMSMkMCMkOTkkMzgxMzUxIzQxIyQxIyQ3IyQ3OSQzNjE0ODEjNTEjJDEjJDYjJDgz,2,신경과,1,0,새움병원,병원,금천구
JDQ4MTg4MSM1MSMkMSMkMCMkOTkkMzgxMzUxIzQxIyQxIyQ3IyQ3OSQzNjE0ODEjNTEjJDEjJDYjJDgz,3,정신건강의학과,1,0,새움병원,병원,금천구
JDQ4MTg4MSM1MSMkMSMkMCMkOTkkMzgxMzUxIzQxIyQxIyQ3IyQ3OSQzNjE0ODEjNTEjJDEjJDYjJDgz,5,정형외과,7,0,새움병원,병원,금천구
JDQ4MTg4MSM1MSMkMSMkMCMkOTkkMzgxMzUxIzQxIyQxIyQ3IyQ3OSQzNjE0ODEjNTEjJDEjJDYjJDgz,6,신경외과,1,0,새움병원,병원,금천구
JDQ4MTg4MSM1MSMkMSMkMCMkOTkkMzgxMzUxIzQxIyQxIyQ3IyQ3OSQzNjE0ODEjNTEjJDEjJDYjJDgz,9,마취통증의학과,2,0,새움병원,병원,금천구
JDQ4MTg4MSM1MSMkMSMkMCMkOTkkMzgxMzUxIzQxIyQxIyQ3IyQ3OSQzNjE0ODEjNTEjJDEjJDYjJDgz,16,영상의학과,3,0,새움병원,병원,금천구
JDQ4MTg4MSM1MSMkMSMkMCMkOTkkMzgxMzUxIzQxIyQxIyQ3IyQwMyQyNjE4MzIjNTEjJDEjJDYjJDgz,1,내과,0,0,새힘병원,병원,노원구
JDQ4MTg4MSM1MSMkMSMkMCMkOTkkMzgxMzUxIzQxIyQxIyQ3IyQwMyQyNjE4MzIjNTEjJDEjJDYjJDgz,5,정형외과,1,0,새힘병원,병원,노원구
JDQ4MTg4MSM1MSMkMSMkMCMkOTkkMzgxMzUxIzQxIyQxIyQ3IyQwMyQyNjE4MzIjNTEjJDEjJDYjJDgz,6,신경외과,2,0,새힘병원,병원,노원구
JDQ4MTg4MSM1MSMkMSMkMCMkOTkkMzgxMzUxIzQxIyQxIyQ3IyQwMyQyNjE4MzIjNTEjJDEjJDYjJDgz,9,마취통증의학과,1,0,새힘병원,병원,노원구
JDQ4MTg4MSM1MSMkMSMkMCMkOTkkMzgxMzUxIzQxIyQxIyQ3IyQwMyQyNjE4MzIjNTEjJDEjJDYjJDgz,11,소아청소년과,0,0,새힘병원,병원,노원구
JDQ4MTg4MSM1MSMkMSMkMCMkOTkkMzgxMzUxIzQxIyQxIyQ3IyQwMyQyNjE4MzIjNTEjJDEjJDYjJDgz,16,영상의학과,1,0,새힘병원,병원,노원구
JDQ4MTg4MSM1MSMkMSMkMCMkOTkkMzgxMzUxIzQxIyQxIyQ3IyQwMyQyNjE4MzIjNTEjJDEjJDYjJDgz,23,가정의학과,0,0,새힘병원,병원,노원구
JDQ4MTg4MSM1MSMkMSMkMCMkOTkkMzgxMzUxIzIxIyQxIyQ5IyQ3OSQzNjEyMjIjNDEjJDEjJDgjJDgz,1,내과,0,0,서울21세기병원,병원,서초구
JDQ4MTg4MSM1MSMkMSMkMCMkOTkkMzgxMzUxIzIxIyQxIyQ5IyQ3OSQzNjEyMjIjNDEjJDEjJDgjJDgz,2,신경과,0,0,서울21세기병원,병원,서초구
JDQ4MTg4MSM1MSMkMSMkMCMkOTkkMzgxMzUxIzIxIyQxIyQ5IyQ3OSQzNjEyMjIjNDEjJDEjJDgjJDgz,5,정형외과,1,0,서울21세기병원,병원,서초구
JDQ4MTg4MSM1MSMkMSMkMCMkOTkkMzgxMzUxIzIxIyQxIyQ5IyQ3OSQzNjEyMjIjNDEjJDEjJDgjJDgz,6,신경외과,5,0,서울21세기병원,병원,서초구
JDQ4MTg4MSM1MSMkMSMkMCMkOTkkMzgxMzUxIzIxIyQxIyQ5IyQ3OSQzNjEyMjIjNDEjJDEjJDgjJDgz,9,마취통증의학과,3,0,서울21세기병원,병원,서초구
JDQ4MTg4MSM1MSMkMSMkMCMkOTkkMzgxMzUxIzIxIyQxIyQ5IyQ3OSQzNjEyMjIjNDEjJDEjJDgjJDgz,16,영상의학과,1,0,서울21세기병원,병원,서초구
JDQ4MTg4MSM1MSMkMSMkMCMkOTkkMzgxMzUxIzQxIyQxIyQ3IyQ3MiQzNjE4MzIjNjEjJDEjJDAjJDgz,1,내과,0,0,서울고든병원,병원,강서구
JDQ4MTg4MSM1MSMkMSMkMCMkOTkkMzgxMzUxIzQxIyQxIyQ3IyQ3MiQzNjE4MzIjNjEjJDEjJDAjJDgz,2,신경과,0,0,서울고든병원,병원,강서구
JDQ4MTg4MSM1MSMkMSMkMCMkOTkkMzgxMzUxIzQxIyQxIyQ3IyQ3MiQzNjE4MzIjNjEjJDEjJDAjJDgz,5,정형외과,3,0,서울고든병원,병원,강서구
JDQ4MTg4MSM1MSMkMSMkMCMkOTkkMzgxMzUxIzQxIyQxIyQ3IyQ3MiQzNjE4MzIjNjEjJDEjJDAjJDgz,6,신경외과,3,0,서울고든병원,병원,강서구
JDQ4MTg4MSM1MSMkMSMkMCMkOTkkMzgxMzUxIzQxIyQxIyQ3IyQ3MiQzNjE4MzIjNjEjJDEjJDAjJDgz,9,마취통증의학과,0,0,서울고든병원,병원,강서구
JDQ4MTg4MSM1MSMkMSMkMCMkOTkkMzgxMzUxIzQxIyQxIyQ3IyQ3MiQzNjE4MzIjNjEjJDEjJDAjJDgz,16,영상의학과,1,0,서울고든병원,병원,강서구
JDQ4MTg4MSM1MSMkMSMkMCMkOTkkMzgxMzUxIzMxIyQxIyQ3IyQwMyQyNjEwMDIjNDEjJDEjJDgjJDgz,1,내과,1,0,서울나은병원,병원,동대문구
JDQ4MTg4MSM1MSMkMSMkMCMkOTkkMzgxMzUxIzMxIyQxIyQ3IyQwMyQyNjEwMDIjNDEjJDEjJDgjJDgz,5,정형외과,1,0,서울나은병원,병원,동대문구
JDQ4MTg4MSM1MSMkMSMkMCMkOTkkMzgxMzUxIzMxIyQxIyQ3IyQwMyQyNjEwMDIjNDEjJDEjJDgjJDgz,6,신경외과,1,0,서울나은병원,병원,동대문구
JDQ4MTg4MSM1MSMkMSMkMCMkOTkkMzgxMzUxIzMxIyQxIyQ3IyQwMyQyNjEwMDIjNDEjJDEjJDgjJDgz,9,마취통증의학과,2,0,서울나은병원,병원,동대문구
JDQ4MTg4MSM1MSMkMSMkMCMkOTkkMzgxMzUxIzMxIyQxIyQ3IyQwMyQyNjEwMDIjNDEjJDEjJDgjJDgz,16,영상의학과,1,0,서울나은병원,병원,동대문구
JDQ4MTg4MSM1MSMkMSMkMCMkOTkkMzgxMzUxIzMxIyQxIyQ3IyQ3OSQyNjE4MzIjODEjJDEjJDYjJDgz,1,내과,2,0,서울노보스병원,병원,도봉구
JDQ4MTg4MSM1MSMkMSMkMCMkOTkkMzgxMzUxIzMxIyQxIyQ3IyQ3OSQyNjE4MzIjODEjJDEjJDYjJDgz,2,신경과,2,0,서울노보스병원,병원,도봉구
JDQ4MTg4MSM1MSMkMSMkMCMkOTkkMzgxMzUxIzMxIyQxIyQ3IyQ3OSQyNjE4MzIjODEjJDEjJDYjJDgz,16,영상의학과,1,0,서울노보스병원,병원,도봉구
JDQ4MTg4MSM1MSMkMSMkMCMkOTkkMzgxMzUxIzMxIyQxIyQ3IyQ3OSQyNjE4MzIjODEjJDEjJDYjJDgz,21,재활의학과,5,0,서울노보스병원,병원,도봉구
JDQ4MTg4MSM1MSMkMSMkMCMkOTkkMzgxMzUxIzMxIyQxIyQ3IyQ3OSQyNjE4MzIjODEjJDEjJDYjJDgz,83,한방안·이비인후·피부과,1,0,서울노보스병원,병원,도봉구
JDQ4MTg4MSM1MSMkMSMkMCMkOTkkMzgxMzUxIzMxIyQxIyQ3IyQ5MiQzNjE0ODEjODEjJDEjJDIjJDgz,1,내과,1,0,서울대효병원,병원,금천구
JDQ4MTg4MSM1MSMkMSMkMCMkOTkkMzgxMzUxIzMxIyQxIyQ3IyQ5MiQzNjE0ODEjODEjJDEjJDIjJDgz,2,신경과,0,0,서울대효병원,병원,금천구
JDQ4MTg4MSM1MSMkMSMkMCMkOTkkMzgxMzUxIzMxIyQxIyQ3IyQ5MiQzNjE0ODEjODEjJDEjJDIjJDgz,21,재활의학과,2,0,서울대효병원,병원,금천구
JDQ4MTg4MSM1MSMkMSMkMCMkOTkkMzgxMzUxIzMxIyQxIyQ3IyQ5MiQzNjE0ODEjODEjJDEjJDIjJDgz,86,한방재활의학과,0,0,서울대효병원,병원,금천구
JDQ4MTg4MSM1MSMkMSMkMCMkOTkkMzgxMzUxIzQxIyQyIyQ3IyQwMCQ0NjE0ODEjODEjJDEjJDIjJDgz,1,내과,1,0,서울대효병원,병원,강서구
JDQ4MTg4MSM1MSMkMSMkMCMkOTkkMzgxMzUxIzQxIyQyIyQ3IyQwMCQ0NjE0ODEjODEjJDEjJDIjJDgz,21,재활의학과,2,0,서울대효병원,병원,강서구
JDQ4MTg4MSM1MSMkMSMkMCMkOTkkMzgxMzUxIzQxIyQyIyQ3IyQwMCQ0NjE0ODEjODEjJDEjJDIjJDgz,80,한방내과,0,0,서울대효병원,병원,강서구
JDQ4MTg4MSM1MSMkMSMkMCMkOTkkMzgxMzUxIzQxIyQyIyQ3IyQwMCQ0NjE0ODEjODEjJDEjJDIjJDgz,81,한방부인과,0,0,서울대효병원,병원,강서구
JDQ4MTg4MSM1MSMkMSMkMCMkOTkkMzgxMzUxIzMxIyQxIyQ3IyQ5MiQzNjEwMDIjNjEjJDEjJDgjJDgz,1,내과,0,0,서울라본병원,병원,중랑구
JDQ4MTg4MSM1MSMkMSMkMCMkOTkkMzgxMzUxIzMxIyQxIyQ3IyQ5MiQzNjEwMDIjNjEjJDEjJDgjJDgz,5,정형외과,2,0,서울라본병원,병원,중랑구
JDQ4MTg4MSM1MSMkMSMkMCMkOTkkMzgxMzUxIzMxIyQxIyQ3IyQ5MiQzNjEwMDIjNjEjJDEjJDgjJDgz,6,신경외과,1,0,서울라본병원,병원,중랑구
JDQ4MTg4MSM1MSMkMSMkMCMkOTkkMzgxMzUxIzMxIyQxIyQ3IyQ5MiQzNjEwMDIjNjEjJDEjJDgjJDgz,9,마취통증의학과,1,0,서울라본병원,병원,중랑구
JDQ4MTg4MSM1MSMkMSMkMCMkOTkkMzgxMzUxIzMxIyQxIyQ3IyQ5MiQzNjEwMDIjNjEjJDEjJDgjJDgz,11,소아청소년과,1,0,서울라본병원,병원,중랑구
JDQ4MTg4MSM1MSMkMSMkMCMkOTkkMzgxMzUxIzMxIyQxIyQ3IyQ5MiQzNjEwMDIjNjEjJDEjJDgjJDgz,16,영상의학과,1,0,서울라본병원,병원,중랑구
JDQ4MTg4MSM1MSMkMSMkMCMkOTkkMzgxMzUxIzMxIyQxIyQ3IyQ5MiQzNjEwMDIjNjEjJDEjJDgjJDgz,21,재활의학과,0,0,서울라본병원,병원,중랑구
JDQ4MTg4MSM1MSMkMSMkMCMkOTkkMzgxMzUxIzMxIyQxIyQ3IyQ5MiQzNjEwMDIjNjEjJDEjJDgjJDgz,23,가정의학과,1,0,서울라본병원,병원,중랑구
JDQ4MTg4MSM1MSMkMSMkMCMkOTkkMzgxMzUxIzQxIyQxIyQ3IyQxMyQzNjE4MzIjNTEjJDEjJDYjJDgz,1,내과,6,0,서울미즈병원,병원,강동구
JDQ4MTg4MSM1MSMkMSMkMCMkOTkkMzgxMzUxIzQxIyQxIyQ3IyQxMyQzNjE4MzIjNTEjJDEjJDYjJDgz,4,외과,2,0,서울미즈병원,병원,강동구
JDQ4MTg4MSM1MSMkMSMkMCMkOTkkMzgxMzUxIzQxIyQxIyQ3IyQxMyQzNjE4MzIjNTEjJDEjJDYjJDgz,8,성형외과,0,0,서울미즈병원,병원,강동구
JDQ4MTg4MSM1MSMkMSMkMCMkOTkkMzgxMzUxIzQxIyQxIyQ3IyQxMyQzNjE4MzIjNTEjJDEjJDYjJDgz,9,마취통증의학과,1,0,서울미즈병원,병원,강동구
JDQ4MTg4MSM1MSMkMSMkMCMkOTkkMzgxMzUxIzQxIyQxIyQ3IyQxMyQzNjE4MzIjNTEjJDEjJDYjJDgz,10,산부인과,17,0,서울미즈병원,병원,강동구
JDQ4MTg4MSM1MSMkMSMkMCMkOTkkMzgxMzUxIzQxIyQxIyQ3IyQxMyQzNjE4MzIjNTEjJDEjJDYjJDgz,11,소아청소년과,2,0,서울미즈병원,병원,강동구
JDQ4MTg4MSM1MSMkMSMkMCMkOTkkMzgxMzUxIzQxIyQxIyQ3IyQxMyQzNjE4MzIjNTEjJDEjJDYjJDgz,14,피부과,0,0,서울미즈병원,병원,강동구
JDQ4MTg4MSM1MSMkMSMkMCMkOTkkMzgxMzUxIzQxIyQxIyQ3IyQxMyQzNjE4MzIjNTEjJDEjJDYjJDgz,16,영상의학과,2,0,서울미즈병원,병원,강동구
JDQ4MTg4MSM1MSMkMSMkMCMkOTkkMzgxMzUxIzQxIyQxIyQ3IyQxMyQzNjE4MzIjNTEjJDEjJDYjJDgz,23,가정의학과,1,0,서울미즈병원,병원,강동구
JDQ4MTg4MSM1MSMkMSMkMCMkOTkkMzgxMzUxIzQxIyQxIyQ3IyQ5MiQzNjE0ODEjNjEjJDEjJDAjJDgz,1,내과,0,0,서울바른병원,병원,영등포구
JDQ4MTg4MSM1MSMkMSMkMCMkOTkkMzgxMzUxIzQxIyQxIyQ3IyQ5MiQzNjE0ODEjNjEjJDEjJDAjJDgz,2,신경과,0,0,서울바른병원,병원,영등포구
JDQ4MTg4MSM1MSMkMSMkMCMkOTkkMzgxMzUxIzQxIyQxIyQ3IyQ5MiQzNjE0ODEjNjEjJDEjJDAjJDgz,4,외과,0,0,서울바른병원,병원,영등포구
JDQ4MTg4MSM1MSMkMSMkMCMkOTkkMzgxMzUxIzQxIyQxIyQ3IyQ5MiQzNjE0ODEjNjEjJDEjJDAjJDgz,5,정형외과,2,0,서울바른병원,병원,영등포구
JDQ4MTg4MSM1MSMkMSMkMCMkOTkkMzgxMzUxIzQxIyQxIyQ3IyQ5MiQzNjE0ODEjNjEjJDEjJDAjJDgz,6,신경외과,4,0,서울바른병원,병원,영등포구
JDQ4MTg4MSM1MSMkMSMkMCMkOTkkMzgxMzUxIzQxIyQxIyQ3IyQ5MiQzNjE0ODEjNjEjJDEjJDAjJDgz,7,심장혈관흉부외과,0,0,서울바른병원,병원,영등포구
JDQ4MTg4MSM1MSMkMSMkMCMkOTkkMzgxMzUxIzQxIyQxIyQ3IyQ5MiQzNjE0ODEjNjEjJDEjJDAjJDgz,8,성형외과,0,0,서울바른병원,병원,영등포구
JDQ4MTg4MSM1MSMkMSMkMCMkOTkkMzgxMzUxIzQxIyQxIyQ3IyQ5MiQzNjE0ODEjNjEjJDEjJDAjJDgz,9,마취통증의학과,1,0,서울바른병원,병원,영등포구
JDQ4MTg4MSM1MSMkMSMkMCMkOTkkMzgxMzUxIzQxIyQxIyQ3IyQ5MiQzNjE0ODEjNjEjJDEjJDAjJDgz,13,이비인후과,0,0,서울바른병원,병원,영등포구
JDQ4MTg4MSM1MSMkMSMkMCMkOTkkMzgxMzUxIzQxIyQxIyQ3IyQ5MiQzNjE0ODEjNjEjJDEjJDAjJDgz,16,영상의학과,0,0,서울바른병원,병원,영등포구
JDQ4MTg4MSM1MSMkMSMkMCMkOTkkMzgxMzUxIzQxIyQxIyQ3IyQ5MiQzNjE0ODEjNjEjJDEjJDAjJDgz,21,재활의학과,0,0,서울바른병원,병원,영등포구
JDQ4MTg4MSM1MSMkMSMkMCMkOTkkMzgxMzUxIzQxIyQxIyQ3IyQ5MiQzNjE0ODEjNjEjJDEjJDAjJDgz,23,가정의학과,0,0,서울바른병원,병원,영등포구
JDQ4MTg4MSM1MSMkMSMkMCMkOTkkMzgxMzUxIzMxIyQxIyQ3IyQxMyQyNjEwMDIjODEjJDEjJDIjJDgz,1,내과,0,0,서울바른세상병원,병원,금천구
JDQ4MTg4MSM1MSMkMSMkMCMkOTkkMzgxMzUxIzMxIyQxIyQ3IyQxMyQyNjEwMDIjODEjJDEjJDIjJDgz,5,정형외과,4,0,서울바른세상병원,병원,금천구
JDQ4MTg4MSM1MSMkMSMkMCMkOTkkMzgxMzUxIzMxIyQxIyQ3IyQxMyQyNjEwMDIjODEjJDEjJDIjJDgz,6,신경외과,3,0,서울바른세상병원,병원,금천구
JDQ4MTg4MSM1MSMkMSMkMCMkOTkkMzgxMzUxIzMxIyQxIyQ3IyQxMyQyNjEwMDIjODEjJDEjJDIjJDgz,9,마취통증의학과,1,0,서울바른세상병원,병원,금천구
JDQ4MTg4MSM1MSMkMSMkMCMkOTkkMzgxMzUxIzMxIyQxIyQ3IyQxMyQyNjEwMDIjODEjJDEjJDIjJDgz,16,영상의학과,1,0,서울바른세상병원,병원,금천구
JDQ4MTg4MSM1MSMkMSMkMCMkOTkkMzgxMzUxIzMxIyQxIyQ3IyQxMyQyNjEwMDIjODEjJDEjJDIjJDgz,21,재활의학과,0,0,서울바른세상병원,병원,금천구
JDQ4MTg4MSM1MSMkMSMkMCMkOTkkMzgxMzUxIzIxIyQxIyQ1IyQ5MiQzNjEyMjIjNjEjJDEjJDQjJDgz,1,내과,1,0,서울병원,병원,은평구
JDQ4MTg4MSM1MSMkMSMkMCMkOTkkMzgxMzUxIzIxIyQxIyQ1IyQ5MiQzNjEyMjIjNjEjJDEjJDQjJDgz,5,정형외과,3,0,서울병원,병원,은평구
JDQ4MTg4MSM1MSMkMSMkMCMkOTkkMzgxMzUxIzIxIyQxIyQ1IyQ5MiQzNjEyMjIjNjEjJDEjJDQjJDgz,9,마취통증의학과,1,0,서울병원,병원,은평구
JDQ4MTg4MSM1MSMkMSMkMCMkOTkkMzgxMzUxIzIxIyQxIyQ1IyQ5MiQzNjEyMjIjNjEjJDEjJDQjJDgz,16,영상의학과,1,0,서울병원,병원,은평구
JDQ4MTg4MSM1MSMkMSMkMCMkOTkkMzgxMzUxIzMxIyQxIyQzIyQ4MiQzNjE4MzIjODEjJDEjJDYjJDgz,1,내과,6,0,서울병원,병원,송파구
JDQ4MTg4MSM1MSMkMSMkMCMkOTkkMzgxMzUxIzMxIyQxIyQzIyQ4MiQzNjE4MzIjODEjJDEjJDYjJDgz,2,신경과,1,0,서울병원,병원,송파구
JDQ4MTg4MSM1MSMkMSMkMCMkOTkkMzgxMzUxIzMxIyQxIyQzIyQ4MiQzNjE4MzIjODEjJDEjJDYjJDgz,4,외과,0,0,서울병원,병원,송파구
JDQ4MTg4MSM1MSMkMSMkMCMkOTkkMzgxMzUxIzMxIyQxIyQzIyQ4MiQzNjE4MzIjODEjJDEjJDYjJDgz,5,정형외과,2,0,서울병원,병원,송파구
JDQ4MTg4MSM1MSMkMSMkMCMkOTkkMzgxMzUxIzMxIyQxIyQzIyQ4MiQzNjE4MzIjODEjJDEjJDYjJDgz,6,신경외과,2,0,서울병원,병원,송파구
JDQ4MTg4MSM1MSMkMSMkMCMkOTkkMzgxMzUxIzMxIyQxIyQzIyQ4MiQzNjE4MzIjODEjJDEjJDYjJDgz,8,성형외과,0,0,서울병원,병원,송파구
JDQ4MTg4MSM1MSMkMSMkMCMkOTkkMzgxMzUxIzMxIyQxIyQzIyQ4MiQzNjE4MzIjODEjJDEjJDYjJDgz,9,마취통증의학과,0,0,서울병원,병원,송파구
JDQ4MTg4MSM1MSMkMSMkMCMkOTkkMzgxMzUxIzMxIyQxIyQzIyQ4MiQzNjE4MzIjODEjJDEjJDYjJDgz,10,산부인과,1,0,서울병원,병원,송파구
JDQ4MTg4MSM1MSMkMSMkMCMkOTkkMzgxMzUxIzMxIyQxIyQzIyQ4MiQzNjE4MzIjODEjJDEjJDYjJDgz,16,영상의학과,2,0,서울병원,병원,송파구
JDQ4MTg4MSM1MSMkMSMkMCMkOTkkMzgxMzUxIzMxIyQxIyQzIyQ4MiQzNjE4MzIjODEjJDEjJDYjJDgz,18,병리과,0,0,서울병원,병원,송파구
JDQ4MTg4MSM1MSMkMSMkMCMkOTkkMzgxMzUxIzMxIyQxIyQzIyQ4MiQzNjE4MzIjODEjJDEjJDYjJDgz,25,직업환경의학과,1,0,서울병원,병원,송파구
JDQ4MTg4MSM1MSMkMSMkMCMkOTkkMzgxMzUxIzMxIyQxIyQzIyQ4MiQzNjE4MzIjODEjJDEjJDYjJDgz,61,통합치의학과,0,0,서울병원,병원,송파구
JDQ4MTg4MSM1MSMkMSMkMCMkOTkkMzgxMzUxIzQxIyQxIyQ3IyQ3MiQyNjE4MzIjNDEjJDEjJDgjJDgz,1,내과,1,0,서울본브릿지병원,병원,강남구
JDQ4MTg4MSM1MSMkMSMkMCMkOTkkMzgxMzUxIzQxIyQxIyQ3IyQ3MiQyNjE4MzIjNDEjJDEjJDgjJDgz,2,신경과,1,0,서울본브릿지병원,병원,강남구
JDQ4MTg4MSM1MSMkMSMkMCMkOTkkMzgxMzUxIzQxIyQxIyQ3IyQ3MiQyNjE4MzIjNDEjJDEjJDgjJDgz,5,정형외과,6,0,서울본브릿지병원,병원,강남구
JDQ4MTg4MSM1MSMkMSMkMCMkOTkkMzgxMzUxIzQxIyQxIyQ3IyQ3MiQyNjE4MzIjNDEjJDEjJDgjJDgz,6,신경외과,1,0,서울본브릿지병원,병원,강남구
JDQ4MTg4MSM1MSMkMSMkMCMkOTkkMzgxMzUxIzQxIyQxIyQ3IyQ3MiQyNjE4MzIjNDEjJDEjJDgjJDgz,16,영상의학과,1,0,서울본브릿지병원,병원,강남구
JDQ4MTg4MSM1MSMkMSMkMCMkOTkkMzgxMzUxIzUxIyQxIyQxIyQ4OSQ0NjE0ODEjNDEjJDEjJDQjJDgz,1,내과,1,0,서울본원병원,병원,송파구
JDQ4MTg4MSM1MSMkMSMkMCMkOTkkMzgxMzUxIzUxIyQxIyQxIyQ4OSQ0NjE0ODEjNDEjJDEjJDQjJDgz,5,정형외과,3,0,서울본원병원,병원,송파구
JDQ4MTg4MSM1MSMkMSMkMCMkOTkkMzgxMzUxIzUxIyQxIyQxIyQ4OSQ0NjE0ODEjNDEjJDEjJDQjJDgz,6,신경외과,0,0,서울본원병원,병원,송파구
JDQ4MTg4MSM1MSMkMSMkMCMkOTkkMzgxMzUxIzUxIyQxIyQxIyQ4OSQ0NjE0ODEjNDEjJDEjJDQjJDgz,9,마취통증의학과,0,0,서울본원병원,병원,송파구
JDQ4MTg4MSM1MSMkMSMkMCMkOTkkMzgxMzUxIzUxIyQxIyQxIyQ4OSQ0NjE0ODEjNDEjJDEjJDQjJDgz,16,영상의학과,1,0,서울본원병원,병원,송파구
JDQ4MTg4MSM1MSMkMSMkMCMkOTkkMzgxMzUxIzUxIyQxIyQxIyQ4OSQ0NjE0ODEjNDEjJDEjJDQjJDgz,19,진단검사의학과,0,0,서울본원병원,병원,송파구
JDQ4MTg4MSM1MSMkMSMkMCMkOTkkMzgxMzUxIzMxIyQxIyQ3IyQ4MiQ0NjE0ODEjNTEjJDEjJDYjJDgz,1,내과,0,0,서울석병원,병원,송파구
JDQ4MTg4MSM1MSMkMSMkMCMkOTkkMzgxMzUxIzMxIyQxIyQ3IyQ4MiQ0NjE0ODEjNTEjJDEjJDYjJDgz,5,정형외과,2,0,서울석병원,병원,송파구
JDQ4MTg4MSM1MSMkMSMkMCMkOTkkMzgxMzUxIzMxIyQxIyQ3IyQ4MiQ0NjE0ODEjNTEjJDEjJDYjJDgz,6,신경외과,1,0,서울석병원,병원,송파구
JDQ4MTg4MSM1MSMkMSMkMCMkOTkkMzgxMzUxIzMxIyQxIyQ3IyQ4MiQ0NjE0ODEjNTEjJDEjJDYjJDgz,9,마취통증의학과,0,0,서울석병원,병원,송파구
JDQ4MTg4MSM1MSMkMSMkMCMkOTkkMzgxMzUxIzMxIyQxIyQ3IyQ4MiQ0NjE0ODEjNTEjJDEjJDYjJDgz,10,산부인과,1,0,서울석병원,병원,송파구
JDQ4MTg4MSM1MSMkMSMkMCMkOTkkMzgxMzUxIzMxIyQxIyQ3IyQ4MiQ0NjE0ODEjNTEjJDEjJDYjJDgz,16,영상의학과,0,0,서울석병원,병원,송파구
JDQ4MTg4MSM1MSMkMSMkMCMkOTkkMzgxMzUxIzQxIyQxIyQ3IyQ4MiQyNjEwMDIjNTEjJDEjJDIjJDgz,1,내과,3,0,서울세계로병원,병원,송파구
JDQ4MTg4MSM1MSMkMSMkMCMkOTkkMzgxMzUxIzQxIyQxIyQ3IyQ4MiQyNjEwMDIjNTEjJDEjJDIjJDgz,2,신경과,0,0,서울세계로병원,병원,송파구
JDQ4MTg4MSM1MSMkMSMkMCMkOTkkMzgxMzUxIzQxIyQxIyQ3IyQ4MiQyNjEwMDIjNTEjJDEjJDIjJDgz,4,외과,0,0,서울세계로병원,병원,송파구
JDQ4MTg4MSM1MSMkMSMkMCMkOTkkMzgxMzUxIzQxIyQxIyQ3IyQ4MiQyNjEwMDIjNTEjJDEjJDIjJDgz,5,정형외과,4,0,서울세계로병원,병원,송파구
JDQ4MTg4MSM1MSMkMSMkMCMkOTkkMzgxMzUxIzQxIyQxIyQ3IyQ4MiQyNjEwMDIjNTEjJDEjJDIjJDgz,6,신경외과,0,0,서울세계로병원,병원,송파구
JDQ4MTg4MSM1MSMkMSMkMCMkOTkkMzgxMzUxIzQxIyQxIyQ3IyQ4MiQyNjEwMDIjNTEjJDEjJDIjJDgz,9,마취통증의학과,1,0,서울세계로병원,병원,송파구
JDQ4MTg4MSM1MSMkMSMkMCMkOTkkMzgxMzUxIzQxIyQxIyQ3IyQ4MiQyNjEwMDIjNTEjJDEjJDIjJDgz,11,소아청소년과,1,0,서울세계로병원,병원,송파구
JDQ4MTg4MSM1MSMkMSMkMCMkOTkkMzgxMzUxIzQxIyQxIyQ3IyQ4MiQyNjEwMDIjNTEjJDEjJDIjJDgz,16,영상의학과,1,0,서울세계로병원,병원,송파구
JDQ4MTg4MSM1MSMkMSMkMCMkOTkkMzgxMzUxIzQxIyQxIyQ3IyQ4MiQyNjEwMDIjNTEjJDEjJDIjJDgz,21,재활의학과,0,0,서울세계로병원,병원,송파구
JDQ4MTg4MSM1MSMkMSMkMCMkOTkkMzgxMzUxIzQxIyQxIyQ3IyQ4MiQyNjEwMDIjNTEjJDEjJDIjJDgz,23,가정의학과,2,0,서울세계로병원,병원,송파구
JDQ4MTg4MSM1MSMkMSMkMCMkOTkkMzgxMzUxIzUxIyQxIyQxIyQ3OSQ0NjEwMDIjNDEjJDEjJDgjJDgz,1,내과,1,0,서울센트럴병원,병원,관악구
JDQ4MTg4MSM1MSMkMSMkMCMkOTkkMzgxMzUxIzUxIyQxIyQxIyQ3OSQ0NjEwMDIjNDEjJDEjJDgjJDgz,5,정형외과,2,0,서울센트럴병원,병원,관악구
JDQ4MTg4MSM1MSMkMSMkMCMkOTkkMzgxMzUxIzUxIyQxIyQxIyQ3OSQ0NjEwMDIjNDEjJDEjJDgjJDgz,6,신경외과,2,0,서울센트럴병원,병원,관악구
JDQ4MTg4MSM1MSMkMSMkMCMkOTkkMzgxMzUxIzUxIyQxIyQxIyQ3OSQ0NjEwMDIjNDEjJDEjJDgjJDgz,9,마취통증의학과,1,0,서울센트럴병원,병원,관악구
JDQ4MTg4MSM1MSMkMSMkMCMkOTkkMzgxMzUxIzUxIyQxIyQxIyQ3OSQ0NjEwMDIjNDEjJDEjJDgjJDgz,16,영상의학과,1,0,서울센트럴병원,병원,관악구
JDQ4MTg4MSM1MSMkMSMkMCMkOTkkMzgxMzUxIzExIyQxIyQ3IyQ5MiQzNjE0ODEjNjEjJDEjJDgjJDgz,1,내과,7,0,서울송도병원,병원,중구
JDQ4MTg4MSM1MSMkMSMkMCMkOTkkMzgxMzUxIzExIyQxIyQ3IyQ5MiQzNjE0ODEjNjEjJDEjJDgjJDgz,2,신경과,1,0,서울송도병원,병원,중구
JDQ4MTg4MSM1MSMkMSMkMCMkOTkkMzgxMzUxIzExIyQxIyQ3IyQ5MiQzNjE0ODEjNjEjJDEjJDgjJDgz,4,외과,17,0,서울송도병원,병원,중구
JDQ4MTg4MSM1MSMkMSMkMCMkOTkkMzgxMzUxIzExIyQxIyQ3IyQ5MiQzNjE0ODEjNjEjJDEjJDgjJDgz,9,마취통증의학과,3,0,서울송도병원,병원,중구
JDQ4MTg4MSM1MSMkMSMkMCMkOTkkMzgxMzUxIzExIyQxIyQ3IyQ5MiQzNjE0ODEjNjEjJDEjJDgjJDgz,12,안과,0,0,서울송도병원,병원,중구
JDQ4MTg4MSM1MSMkMSMkMCMkOTkkMzgxMzUxIzExIyQxIyQ3IyQ5MiQzNjE0ODEjNjEjJDEjJDgjJDgz,15,비뇨의학과,2,0,서울송도병원,병원,중구
JDQ4MTg4MSM1MSMkMSMkMCMkOTkkMzgxMzUxIzExIyQxIyQ3IyQ5MiQzNjE0ODEjNjEjJDEjJDgjJDgz,16,영상의학과,3,0,서울송도병원,병원,중구
JDQ4MTg4MSM1MSMkMSMkMCMkOTkkMzgxMzUxIzExIyQxIyQ3IyQ5MiQzNjE0ODEjNjEjJDEjJDgjJDgz,18,병리과,1,0,서울송도병원,병원,중구
JDQ4MTg4MSM1MSMkMSMkMCMkOTkkMzgxMzUxIzExIyQxIyQ3IyQ5MiQzNjE0ODEjNjEjJDEjJDgjJDgz,19,진단검사의학과,0,0,서울송도병원,병원,중구
JDQ4MTg4MSM1MSMkMSMkMCMkOTkkMzgxMzUxIzExIyQxIyQ3IyQ5MiQzNjE0ODEjNjEjJDEjJDgjJDgz,23,가정의학과,1,0,서울송도병원,병원,중구
JDQ4MTg4MSM1MSMkMSMkMCMkOTkkMzgxMzUxIzExIyQxIyQ3IyQ5MiQzNjE0ODEjNjEjJDEjJDgjJDgz,54,치주과,0,0,서울송도병원,병원,중구
JDQ4MTg4MSM1MSMkMSMkMCMkOTkkMzgxMzUxIzQxIyQyIyQ3IyQwMCQyNjE0ODEjNTEjJDEjJDIjJDgz,1,내과,1,0,서울숭인병원,병원,종로구
JDQ4MTg4MSM1MSMkMSMkMCMkOTkkMzgxMzUxIzQxIyQyIyQ3IyQwMCQyNjE0ODEjNTEjJDEjJDIjJDgz,2,신경과,0,0,서울숭인병원,병원,종로구
JDQ4MTg4MSM1MSMkMSMkMCMkOTkkMzgxMzUxIzQxIyQyIyQ3IyQwMCQyNjE0ODEjNTEjJDEjJDIjJDgz,11,소아청소년과,0,0,서울숭인병원,병원,종로구
JDQ4MTg4MSM1MSMkMSMkMCMkOTkkMzgxMzUxIzQxIyQyIyQ3IyQwMCQyNjE0ODEjNTEjJDEjJDIjJDgz,21,재활의학과,2,0,서울숭인병원,병원,종로구
JDQ4MTg4MSM1MSMkMSMkMCMkOTkkMzgxMzUxIzQxIyQyIyQ3IyQwMCQyNjE0ODEjNTEjJDEjJDIjJDgz,23,가정의학과,0,0,서울숭인병원,병원,종로구
JDQ4MTg4MSM1MSMkMSMkMCMkOTkkMzgxMzUxIzQxIyQyIyQ3IyQwMCQyNjE0ODEjNTEjJDEjJDIjJDgz,80,한방내과,0,0,서울숭인병원,병원,종로구
JDQ4MTg4MSM1MSMkMSMkMCMkOTkkMzgxMzUxIzQxIyQyIyQ3IyQwMCQyNjE0ODEjNTEjJDEjJDIjJDgz,85,침구과,0,0,서울숭인병원,병원,종로구
JDQ4MTg4MSM1MSMkMSMkMCMkOTkkMzgxMzUxIzQxIyQyIyQ3IyQwMCQyNjE0ODEjNTEjJDEjJDIjJDgz,87,사상체질과,0,0,서울숭인병원,병원,종로구
JDQ4MTg4MSM1MSMkMSMkMCMkOTkkMzgxMzUxIzUxIyQxIyQxIyQ4OSQyNjE4MzIjODEjJDEjJDYjJDgz,1,내과,0,0,서울스타병원,병원,강서구
JDQ4MTg4MSM1MSMkMSMkMCMkOTkkMzgxMzUxIzUxIyQxIyQxIyQ4OSQyNjE4MzIjODEjJDEjJDYjJDgz,4,외과,0,0,서울스타병원,병원,강서구
JDQ4MTg4MSM1MSMkMSMkMCMkOTkkMzgxMzUxIzUxIyQxIyQxIyQ4OSQyNjE4MzIjODEjJDEjJDYjJDgz,5,정형외과,3,0,서울스타병원,병원,강서구
JDQ4MTg4MSM1MSMkMSMkMCMkOTkkMzgxMzUxIzUxIyQxIyQxIyQ4OSQyNjE4MzIjODEjJDEjJDYjJDgz,6,신경외과,0,0,서울스타병원,병원,강서구
JDQ4MTg4MSM1MSMkMSMkMCMkOTkkMzgxMzUxIzUxIyQxIyQxIyQ4OSQyNjE4MzIjODEjJDEjJDYjJDgz,9,마취통증의학과,1,0,서울스타병원,병원,강서구
JDQ4MTg4MSM1MSMkMSMkMCMkOTkkMzgxMzUxIzUxIyQxIyQxIyQ4OSQyNjE4MzIjODEjJDEjJDYjJDgz,11,소아청소년과,0,0,서울스타병원,병원,강서구
JDQ4MTg4MSM1MSMkMSMkMCMkOTkkMzgxMzUxIzUxIyQxIyQxIyQ4OSQyNjE4MzIjODEjJDEjJDYjJDgz,16,영상의학과,1,0,서울스타병원,병원,강서구
JDQ4MTg4MSM1MSMkMSMkMCMkOTkkMzgxMzUxIzUxIyQxIyQxIyQ4OSQyNjE4MzIjODEjJDEjJDYjJDgz,21,재활의학과,0,0,서울스타병원,병원,강서구
JDQ4MTg4MSM1MSMkMSMkMCMkOTkkMzgxMzUxIzMxIyQxIyQ3IyQ5OSQ0NjEwMDIjNTEjJDEjJDIjJDgz,1,내과,2,0,서울안강병원,병원,서초구
JDQ4MTg4MSM1MSMkMSMkMCMkOTkkMzgxMzUxIzMxIyQxIyQ3IyQ5OSQ0NjEwMDIjNTEjJDEjJDIjJDgz,2,신경과,1,0,서울안강병원,병원,서초구
JDQ4MTg4MSM1MSMkMSMkMCMkOTkkMzgxMzUxIzMxIyQxIyQ3IyQ5OSQ0NjEwMDIjNTEjJDEjJDIjJDgz,9,마취통증의학과,1,0,서울안강병원,병원,서초구
JDQ4MTg4MSM1MSMkMSMkMCMkOTkkMzgxMzUxIzMxIyQxIyQ3IyQ5OSQ0NjEwMDIjNTEjJDEjJDIjJDgz,16,영상의학과,1,0,서울안강병원,병원,서초구
JDQ4MTg4MSM1MSMkMSMkMCMkOTkkMzgxMzUxIzMxIyQxIyQ3IyQ5OSQ0NjEwMDIjNTEjJDEjJDIjJDgz,21,재활의학과,3,0,서울안강병원,병원,서초구
JDQ4MTg4MSM1MSMkMSMkMCMkOTkkMzgxMzUxIzMxIyQxIyQ3IyQ5OSQ0NjEwMDIjNTEjJDEjJDIjJDgz,23,가정의학과,1,0,서울안강병원,병원,서초구
JDQ4MTg4MSM1MSMkMSMkMCMkOTkkMzgxMzUxIzMxIyQxIyQ3IyQ5OSQ0NjEwMDIjNTEjJDEjJDIjJDgz,86,한방재활의학과,0,0,서울안강병원,병원,서초구
JDQ4MTg4MSM1MSMkMSMkMCMkOTkkMzgxMzUxIzMxIyQxIyQzIyQ3MiQ0NjEwMDIjODEjJDEjJDIjJDgz,1,내과,0,0,서울연세병원,병원,마포구
JDQ4MTg4MSM1MSMkMSMkMCMkOTkkMzgxMzUxIzMxIyQxIyQzIyQ3MiQ0NjEwMDIjODEjJDEjJDIjJDgz,4,외과,1,0,서울연세병원,병원,마포구
JDQ4MTg4MSM1MSMkMSMkMCMkOTkkMzgxMzUxIzMxIyQxIyQzIyQ3MiQ0NjEwMDIjODEjJDEjJDIjJDgz,5,정형외과,2,0,서울연세병원,병원,마포구
JDQ4MTg4MSM1MSMkMSMkMCMkOTkkMzgxMzUxIzMxIyQxIyQzIyQ3MiQ0NjEwMDIjODEjJDEjJDIjJDgz,6,신경외과,1,0,서울연세병원,병원,마포구
JDQ4MTg4MSM1MSMkMSMkMCMkOTkkMzgxMzUxIzMxIyQxIyQzIyQ3MiQ0NjEwMDIjODEjJDEjJDIjJDgz,8,성형외과,3,0,서울연세병원,병원,마포구
JDQ4MTg4MSM1MSMkMSMkMCMkOTkkMzgxMzUxIzMxIyQxIyQzIyQ3MiQ0NjEwMDIjODEjJDEjJDIjJDgz,9,마취통증의학과,1,0,서울연세병원,병원,마포구
JDQ4MTg4MSM1MSMkMSMkMCMkOTkkMzgxMzUxIzMxIyQxIyQzIyQ3MiQ0NjEwMDIjODEjJDEjJDIjJDgz,16,영상의학과,1,0,서울연세병원,병원,마포구
JDQ4MTg4MSM1MSMkMSMkMCMkOTkkMzgxMzUxIzQxIyQxIyQ3IyQ4MiQ0NjEwMDIjODEjJDEjJDIjJDgz,1,내과,1,0,서울원병원,병원,강서구
JDQ4MTg4MSM1MSMkMSMkMCMkOTkkMzgxMzUxIzQxIyQxIyQ3IyQ4MiQ0NjEwMDIjODEjJDEjJDIjJDgz,5,정형외과,8,0,서울원병원,병원,강서구
JDQ4MTg4MSM1MSMkMSMkMCMkOTkkMzgxMzUxIzQxIyQxIyQ3IyQ4MiQ0NjEwMDIjODEjJDEjJDIjJDgz,6,신경외과,0,0,서울원병원,병원,강서구
JDQ4MTg4MSM1MSMkMSMkMCMkOTkkMzgxMzUxIzQxIyQxIyQ3IyQ4MiQ0NjEwMDIjODEjJDEjJDIjJDgz,9,마취통증의학과,0,0,서울원병원,병원,강서구
JDQ4MTg4MSM1MSMkMSMkMCMkOTkkMzgxMzUxIzQxIyQxIyQ3IyQ4MiQ0NjEwMDIjODEjJDEjJDIjJDgz,11,소아청소년과,0,0,서울원병원,병원,강서구
JDQ4MTg4MSM1MSMkMSMkMCMkOTkkMzgxMzUxIzQxIyQxIyQ3IyQ4MiQ0NjEwMDIjODEjJDEjJDIjJDgz,16,영상의학과,1,0,서울원병원,병원,강서구
JDQ4MTg4MSM1MSMkMSMkMCMkOTkkMzgxMzUxIzQxIyQxIyQ3IyQ4MiQ0NjEwMDIjODEjJDEjJDIjJDgz,21,재활의학과,0,0,서울원병원,병원,강서구
JDQ4MTg4MSM1MSMkMSMkMCMkOTkkMzgxMzUxIzQxIyQxIyQ3IyQ3MiQzNjE0ODEjNDEjJDEjJDQjJDgz,1,내과,1,0,서울유병원,병원,강북구
JDQ4MTg4MSM1MSMkMSMkMCMkOTkkMzgxMzUxIzQxIyQxIyQ3IyQ3MiQzNjE0ODEjNDEjJDEjJDQjJDgz,5,정형외과,3,0,서울유병원,병원,강북구
JDQ4MTg4MSM1MSMkMSMkMCMkOTkkMzgxMzUxIzQxIyQxIyQ3IyQ3MiQzNjE0ODEjNDEjJDEjJDQjJDgz,6,신경외과,0,0,서울유병원,병원,강북구
JDQ4MTg4MSM1MSMkMSMkMCMkOTkkMzgxMzUxIzQxIyQxIyQ3IyQ3MiQzNjE0ODEjNDEjJDEjJDQjJDgz,9,마취통증의학과,0,0,서울유병원,병원,강북구
JDQ4MTg4MSM1MSMkMSMkMCMkOTkkMzgxMzUxIzQxIyQxIyQ3IyQ3MiQzNjE0ODEjNDEjJDEjJDQjJDgz,16,영상의학과,1,0,서울유병원,병원,강북구
JDQ4MTg4MSM1MSMkMSMkMCMkOTkkMzgxMzUxIzQxIyQxIyQ3IyQ3MiQzNjE0ODEjNDEjJDEjJDQjJDgz,21,재활의학과,0,0,서울유병원,병원,강북구
JDQ4MTg4MSM1MSMkMSMkMCMkOTkkMzgxMzUxIzQxIyQxIyQ3IyQ3MiQzNjE0ODEjNDEjJDEjJDQjJDgz,23,가정의학과,0,0,서울유병원,병원,강북구
JDQ4MTg4MSM1MSMkMSMkMCMkOTkkMzgxMzUxIzIxIyQxIyQ1IyQ3OSQzNjEwMDIjNjEjJDEjJDgjJDgz,1,내과,1,0,서울재활병원,병원,은평구
JDQ4MTg4MSM1MSMkMSMkMCMkOTkkMzgxMzUxIzIxIyQxIyQ1IyQ3OSQzNjEwMDIjNjEjJDEjJDgjJDgz,21,재활의학과,6,0,서울재활병원,병원,은평구
JDQ4MTg4MSM1MSMkMSMkMCMkOTkkMzgxMzUxIzIxIyQxIyQ5IyQwMyQzNjEwMDIjNDEjJDEjJDgjJDgz,1,내과,0,0,서울정병원,병원,중랑구
JDQ4MTg4MSM1MSMkMSMkMCMkOTkkMzgxMzUxIzIxIyQxIyQ5IyQwMyQzNjEwMDIjNDEjJDEjJDgjJDgz,5,정형외과,2,0,서울정병원,병원,중랑구
JDQ4MTg4MSM1MSMkMSMkMCMkOTkkMzgxMzUxIzIxIyQxIyQ5IyQwMyQzNjEwMDIjNDEjJDEjJDgjJDgz,6,신경외과,0,0,서울정병원,병원,중랑구
JDQ4MTg4MSM1MSMkMSMkMCMkOTkkMzgxMzUxIzIxIyQxIyQ5IyQwMyQzNjEwMDIjNDEjJDEjJDgjJDgz,9,마취통증의학과,0,0,서울정병원,병원,중랑구
JDQ4MTg4MSM1MSMkMSMkMCMkOTkkMzgxMzUxIzIxIyQxIyQ5IyQwMyQzNjEwMDIjNDEjJDEjJDgjJDgz,16,영상의학과,1,0,서울정병원,병원,중랑구
JDQ4MTg4MSM1MSMkMSMkMCMkOTkkMzgxMzUxIzMxIyQxIyQzIyQ5MiQyNjEyMjIjNjEjJDEjJDQjJDgz,1,내과,1,0,서울척병원,병원,성북구
JDQ4MTg4MSM1MSMkMSMkMCMkOTkkMzgxMzUxIzMxIyQxIyQzIyQ5MiQyNjEyMjIjNjEjJDEjJDQjJDgz,2,신경과,3,0,서울척병원,병원,성북구
JDQ4MTg4MSM1MSMkMSMkMCMkOTkkMzgxMzUxIzMxIyQxIyQzIyQ5MiQyNjEyMjIjNjEjJDEjJDQjJDgz,5,정형외과,5,0,서울척병원,병원,성북구
JDQ4MTg4MSM1MSMkMSMkMCMkOTkkMzgxMzUxIzMxIyQxIyQzIyQ5MiQyNjEyMjIjNjEjJDEjJDQjJDgz,6,신경외과,4,0,서울척병원,병원,성북구
JDQ4MTg4MSM1MSMkMSMkMCMkOTkkMzgxMzUxIzMxIyQxIyQzIyQ5MiQyNjEyMjIjNjEjJDEjJDQjJDgz,9,마취통증의학과,1,0,서울척병원,병원,성북구
JDQ4MTg4MSM1MSMkMSMkMCMkOTkkMzgxMzUxIzMxIyQxIyQzIyQ5MiQyNjEyMjIjNjEjJDEjJDQjJDgz,10,산부인과,0,0,서울척병원,병원,성북구
JDQ4MTg4MSM1MSMkMSMkMCMkOTkkMzgxMzUxIzMxIyQxIyQzIyQ5MiQyNjEyMjIjNjEjJDEjJDQjJDgz,16,영상의학과,2,0,서울척병원,병원,성북구
JDQ4MTg4MSM1MSMkMSMkMCMkOTkkMzgxMzUxIzMxIyQxIyQzIyQ5MiQyNjEyMjIjNjEjJDEjJDQjJDgz,21,재활의학과,0,0,서울척병원,병원,성북구
JDQ4MTg4MSM1MSMkMSMkMCMkOTkkMzgxMzUxIzMxIyQxIyQzIyQ5MiQyNjEyMjIjNjEjJDEjJDQjJDgz,23,가정의학과,0,0,서울척병원,병원,성북구
JDQ4MTg4MSM1MSMkMSMkMCMkOTkkMzgxMzUxIzQxIyQyIyQ3IyQwMCQyNjE4MzIjNzEjJDEjJDgjJDgz,16,영상의학과,0,0,서울큰나무병원,병원,강서구
JDQ4MTg4MSM1MSMkMSMkMCMkOTkkMzgxMzUxIzQxIyQyIyQ3IyQwMCQyNjE4MzIjNzEjJDEjJDgjJDgz,21,재활의학과,4,0,서울큰나무병원,병원,강서구
JDQ4MTg4MSM1MSMkMSMkMCMkOTkkMzgxMzUxIzQxIyQxIyQ3IyQ5MiQzNjE4MzIjODEjJDEjJDYjJDgz,1,내과,1,0,서울탑병원,병원,동대문구
JDQ4MTg4MSM1MSMkMSMkMCMkOTkkMzgxMzUxIzQxIyQxIyQ3IyQ5MiQzNjE4MzIjODEjJDEjJDYjJDgz,2,신경과,1,0,서울탑병원,병원,동대문구
JDQ4MTg4MSM1MSMkMSMkMCMkOTkkMzgxMzUxIzQxIyQxIyQ3IyQ5MiQzNjE4MzIjODEjJDEjJDYjJDgz,5,정형외과,0,0,서울탑병원,병원,동대문구
JDQ4MTg4MSM1MSMkMSMkMCMkOTkkMzgxMzUxIzQxIyQxIyQ3IyQ5MiQzNjE4MzIjODEjJDEjJDYjJDgz,6,신경외과,0,0,서울탑병원,병원,동대문구
JDQ4MTg4MSM1MSMkMSMkMCMkOTkkMzgxMzUxIzQxIyQxIyQ3IyQ5MiQzNjE4MzIjODEjJDEjJDYjJDgz,16,영상의학과,1,0,서울탑병원,병원,동대문구
JDQ4MTg4MSM1MSMkMSMkMCMkOTkkMzgxMzUxIzQxIyQxIyQ3IyQ5MiQzNjE4MzIjODEjJDEjJDYjJDgz,21,재활의학과,1,0,서울탑병원,병원,동대문구
JDQ4MTg4MSM1MSMkMSMkMCMkOTkkMzgxMzUxIzQxIyQxIyQ3IyQ5MiQzNjE4MzIjODEjJDEjJDYjJDgz,23,가정의학과,0,0,서울탑병원,병원,동대문구
JDQ4MTg4MSM1MSMkMSMkMCMkOTkkMzgxMzUxIzQxIyQxIyQ3IyQ5MiQzNjE4MzIjODEjJDEjJDYjJDgz,80,한방내과,0,0,서울탑병원,병원,동대문구
JDQ4MTg4MSM1MSMkMSMkMCMkOTkkMzgxMzUxIzQxIyQxIyQ3IyQ5MiQzNjE4MzIjODEjJDEjJDYjJDgz,85,침구과,0,0,서울탑병원,병원,동대문구
JDQ4MTg4MSM1MSMkMSMkMCMkOTkkMzgxMzUxIzQxIyQxIyQ3IyQ5MiQzNjE4MzIjODEjJDEjJDYjJDgz,86,한방재활의학과,0,0,서울탑병원,병원,동대문구
JDQ4MTg4MSM1MSMkMSMkMCMkOTkkMzgxMzUxIzIxIyQxIyQ5IyQ3MiQyNjEwMDIjNjEjJDEjJDgjJDgz,1,내과,3,0,서울특별시 북부병원,병원,중랑구
JDQ4MTg4MSM1MSMkMSMkMCMkOTkkMzgxMzUxIzIxIyQxIyQ5IyQ3MiQyNjEwMDIjNjEjJDEjJDgjJDgz,2,신경과,1,0,서울특별시 북부병원,병원,중랑구
JDQ4MTg4MSM1MSMkMSMkMCMkOTkkMzgxMzUxIzIxIyQxIyQ5IyQ3MiQyNjEwMDIjNjEjJDEjJDgjJDgz,3,정신건강의학과,0,0,서울특별시 북부병원,병원,중랑구
JDQ4MTg4MSM1MSMkMSMkMCMkOTkkMzgxMzUxIzIxIyQxIyQ5IyQ3MiQyNjEwMDIjNjEjJDEjJDgjJDgz,21,재활의학과,2,0,서울특별시 북부병원,병원,중랑구
JDQ4MTg4MSM1MSMkMSMkMCMkOTkkMzgxMzUxIzIxIyQxIyQ5IyQ3MiQyNjEwMDIjNjEjJDEjJDgjJDgz,23,가정의학과,2,0,서울특별시 북부병원,병원,중랑구
JDQ4MTg4MSM1MSMkMSMkMCMkOTkkMzgxMzUxIzIxIyQxIyQ5IyQ3MiQyNjEwMDIjNjEjJDEjJDgjJDgz,80,한방내과,0,0,서울특별시 북부병원,병원,중랑구
JDQ4MTg4MSM1MSMkMSMkMCMkOTkkMzgxMzUxIzIxIyQxIyQ5IyQ3MiQyNjEwMDIjNjEjJDEjJDgjJDgz,81,한방부인과,0,0,서울특별시 북부병원,병원,중랑구
JDQ4MTg4MSM1MSMkMSMkMCMkOTkkMzgxMzUxIzIxIyQxIyQ5IyQ3MiQyNjEwMDIjNjEjJDEjJDgjJDgz,82,한방소아과,0,0,서울특별시 북부병원,병원,중랑구
JDQ4MTg4MSM1MSMkMSMkMCMkOTkkMzgxMzUxIzIxIyQxIyQ5IyQ3MiQyNjEwMDIjNjEjJDEjJDgjJDgz,83,한방안·이비인후·피부과,0,0,서울특별시 북부병원,병원,중랑구
JDQ4MTg4MSM1MSMkMSMkMCMkOTkkMzgxMzUxIzIxIyQxIyQ5IyQ3MiQyNjEwMDIjNjEjJDEjJDgjJDgz,84,한방신경정신과,0,0,서울특별시 북부병원,병원,중랑구
JDQ4MTg4MSM1MSMkMSMkMCMkOTkkMzgxMzUxIzIxIyQxIyQ5IyQ3MiQyNjEwMDIjNjEjJDEjJDgjJDgz,85,침구과,0,0,서울특별시 북부병원,병원,중랑구
JDQ4MTg4MSM1MSMkMSMkMCMkOTkkMzgxMzUxIzIxIyQxIyQ5IyQ3MiQyNjEwMDIjNjEjJDEjJDgjJDgz,86,한방재활의학과,0,0,서울특별시 북부병원,병원,중랑구
JDQ4MTg4MSM1MSMkMSMkMCMkOTkkMzgxMzUxIzIxIyQxIyQ5IyQ3MiQyNjEwMDIjNjEjJDEjJDgjJDgz,87,사상체질과,0,0,서울특별시 북부병원,병원,중랑구
JDQ4MTg4MSM1MSMkMSMkMCMkOTkkMzgxMzUxIzExIyQxIyQzIyQ5OSQzNjE4MzIjODEjJDEjJDIjJDgz,1,내과,3,0,서울특별시서북병원,병원,은평구
JDQ4MTg4MSM1MSMkMSMkMCMkOTkkMzgxMzUxIzExIyQxIyQzIyQ5OSQzNjE4MzIjODEjJDEjJDIjJDgz,2,신경과,3,0,서울특별시서북병원,병원,은평구
JDQ4MTg4MSM1MSMkMSMkMCMkOTkkMzgxMzUxIzExIyQxIyQzIyQ5OSQzNjE4MzIjODEjJDEjJDIjJDgz,3,정신건강의학과,0,0,서울특별시서북병원,병원,은평구
JDQ4MTg4MSM1MSMkMSMkMCMkOTkkMzgxMzUxIzExIyQxIyQzIyQ5OSQzNjE4MzIjODEjJDEjJDIjJDgz,4,외과,2,0,서울특별시서북병원,병원,은평구
JDQ4MTg4MSM1MSMkMSMkMCMkOTkkMzgxMzUxIzExIyQxIyQzIyQ5OSQzNjE4MzIjODEjJDEjJDIjJDgz,5,정형외과,1,0,서울특별시서북병원,병원,은평구
JDQ4MTg4MSM1MSMkMSMkMCMkOTkkMzgxMzUxIzExIyQxIyQzIyQ5OSQzNjE4MzIjODEjJDEjJDIjJDgz,7,심장혈관흉부외과,1,0,서울특별시서북병원,병원,은평구
JDQ4MTg4MSM1MSMkMSMkMCMkOTkkMzgxMzUxIzExIyQxIyQzIyQ5OSQzNjE4MzIjODEjJDEjJDIjJDgz,11,소아청소년과,0,0,서울특별시서북병원,병원,은평구
JDQ4MTg4MSM1MSMkMSMkMCMkOTkkMzgxMzUxIzExIyQxIyQzIyQ5OSQzNjE4MzIjODEjJDEjJDIjJDgz,16,영상의학과,0,0,서울특별시서북병원,병원,은평구
JDQ4MTg4MSM1MSMkMSMkMCMkOTkkMzgxMzUxIzExIyQxIyQzIyQ5OSQzNjE4MzIjODEjJDEjJDIjJDgz,19,진단검사의학과,2,0,서울특별시서북병원,병원,은평구
JDQ4MTg4MSM1MSMkMSMkMCMkOTkkMzgxMzUxIzExIyQxIyQzIyQ5OSQzNjE4MzIjODEjJDEjJDIjJDgz,20,결핵과,2,0,서울특별시서북병원,병원,은평구
JDQ4MTg4MSM1MSMkMSMkMCMkOTkkMzgxMzUxIzExIyQxIyQzIyQ5OSQzNjE4MzIjODEjJDEjJDIjJDgz,21,재활의학과,1,0,서울특별시서북병원,병원,은평구
JDQ4MTg4MSM1MSMkMSMkMCMkOTkkMzgxMzUxIzExIyQxIyQzIyQ5OSQzNjE4MzIjODEjJDEjJDIjJDgz,23,가정의학과,3,0,서울특별시서북병원,병원,은평구
JDQ4MTg4MSM1MSMkMSMkMCMkOTkkMzgxMzUxIzExIyQxIyQzIyQ5OSQzNjE4MzIjODEjJDEjJDIjJDgz,61,통합치의학과,1,0,서울특별시서북병원,병원,은평구
JDQ4MTg4MSM1MSMkMSMkMCMkOTkkMzgxMzUxIzExIyQxIyQzIyQ3MiQzNjE0ODEjNjEjJDEjJDQjJDgz,3,정신건강의학과,2,0,서울특별시어린이병원,병원,서초구
JDQ4MTg4MSM1MSMkMSMkMCMkOTkkMzgxMzUxIzExIyQxIyQzIyQ3MiQzNjE0ODEjNjEjJDEjJDQjJDgz,11,소아청소년과,8,0,서울특별시어린이병원,병원,서초구
JDQ4MTg4MSM1MSMkMSMkMCMkOTkkMzgxMzUxIzExIyQxIyQzIyQ3MiQzNjE0ODEjNjEjJDEjJDQjJDgz,16,영상의학과,0,0,서울특별시어린이병원,병원,서초구
JDQ4MTg4MSM1MSMkMSMkMCMkOTkkMzgxMzUxIzExIyQxIyQzIyQ3MiQzNjE0ODEjNjEjJDEjJDQjJDgz,21,재활의학과,3,0,서울특별시어린이병원,병원,서초구
JDQ4MTg4MSM1MSMkMSMkMCMkOTkkMzgxMzUxIzExIyQxIyQzIyQ3MiQzNjE0ODEjNjEjJDEjJDQjJDgz,53,소아치과,0,0,서울특별시어린이병원,병원,서초구
JDQ4MTg4MSM1MSMkMSMkMCMkOTkkMzgxMzUxIzExIyQxIyQzIyQ3MiQzNjE0ODEjNjEjJDEjJDQjJDgz,56,구강내과,0,0,서울특별시어린이병원,병원,서초구
JDQ4MTg4MSM1MSMkMSMkMCMkOTkkMzgxMzUxIzExIyQxIyQzIyQ3MiQzNjE0ODEjNjEjJDEjJDQjJDgz,61,통합치의학과,0,0,서울특별시어린이병원,병원,서초구
JDQ4MTg4MSM1MSMkMSMkMCMkOTkkMzgxMzUxIzQxIyQxIyQ3IyQwMyQ0NjE0ODEjNjEjJDEjJDAjJDgz,1,내과,0,0,서울퍼스트병원,병원,관악구
JDQ4MTg4MSM1MSMkMSMkMCMkOTkkMzgxMzUxIzQxIyQxIyQ3IyQwMyQ0NjE0ODEjNjEjJDEjJDAjJDgz,2,신경과,1,0,서울퍼스트병원,병원,관악구
JDQ4MTg4MSM1MSMkMSMkMCMkOTkkMzgxMzUxIzQxIyQxIyQ3IyQwMyQ0NjE0ODEjNjEjJDEjJDAjJDgz,4,외과,0,0,서울퍼스트병원,병원,관악구
JDQ4MTg4MSM1MSMkMSMkMCMkOTkkMzgxMzUxIzQxIyQxIyQ3IyQwMyQ0NjE0ODEjNjEjJDEjJDAjJDgz,11,소아청소년과,1,0,서울퍼스트병원,병원,관악구
JDQ4MTg4MSM1MSMkMSMkMCMkOTkkMzgxMzUxIzQxIyQxIyQ3IyQwMyQ0NjE0ODEjNjEjJDEjJDAjJDgz,21,재활의학과,3,0,서울퍼스트병원,병원,관악구
JDQ4MTg4MSM1MSMkMSMkMCMkOTkkMzgxMzUxIzQxIyQxIyQ3IyQwMyQ0NjE0ODEjNjEjJDEjJDAjJDgz,23,가정의학과,0,0,서울퍼스트병원,병원,관악구
JDQ4MTg4MSM1MSMkMSMkMCMkOTkkMzgxMzUxIzQxIyQxIyQ3IyQ2MiQzNjE4MzIjNzEjJDEjJDgjJDgz,1,내과,1,0,서울프라임병원,병원,광진구
JDQ4MTg4MSM1MSMkMSMkMCMkOTkkMzgxMzUxIzQxIyQxIyQ3IyQ2MiQzNjE4MzIjNzEjJDEjJDgjJDgz,5,정형외과,4,0,서울프라임병원,병원,광진구
JDQ4MTg4MSM1MSMkMSMkMCMkOTkkMzgxMzUxIzQxIyQxIyQ3IyQ2MiQzNjE4MzIjNzEjJDEjJDgjJDgz,16,영상의학과,1,0,서울프라임병원,병원,광진구
JDQ4MTg4MSM1MSMkMSMkMCMkOTkkMzgxMzUxIzQxIyQxIyQ3IyQwMyQzNjE4MzIjNjEjJDEjJDgjJDgz,1,내과,0,0,서울필병원,병원,강서구
JDQ4MTg4MSM1MSMkMSMkMCMkOTkkMzgxMzUxIzQxIyQxIyQ3IyQwMyQzNjE4MzIjNjEjJDEjJDgjJDgz,5,정형외과,2,0,서울필병원,병원,강서구
JDQ4MTg4MSM1MSMkMSMkMCMkOTkkMzgxMzUxIzQxIyQxIyQ3IyQwMyQzNjE4MzIjNjEjJDEjJDgjJDgz,6,신경외과,1,0,서울필병원,병원,강서구
JDQ4MTg4MSM1MSMkMSMkMCMkOTkkMzgxMzUxIzQxIyQxIyQ3IyQwMyQzNjE4MzIjNjEjJDEjJDgjJDgz,9,마취통증의학과,1,0,서울필병원,병원,강서구
JDQ4MTg4MSM1MSMkMSMkMCMkOTkkMzgxMzUxIzQxIyQxIyQ3IyQwMyQzNjE4MzIjNjEjJDEjJDgjJDgz,16,영상의학과,1,0,서울필병원,병원,강서구
JDQ4MTg4MSM1MSMkMSMkMCMkOTkkMzgxMzUxIzQxIyQxIyQ3IyQwMyQzNjE4MzIjNjEjJDEjJDgjJDgz,23,가정의학과,0,0,서울필병원,병원,강서구
JDQ4MTg4MSM1MSMkMSMkMCMkOTkkMzgxMzUxIzExIyQxIyQzIyQ4MiQzNjE0ODEjNTEjJDEjJDIjJDgz,1,내과,0,0,서울호흡안심병원,병원,서대문구
JDQ4MTg4MSM1MSMkMSMkMCMkOTkkMzgxMzUxIzExIyQxIyQzIyQ4MiQzNjE0ODEjNTEjJDEjJDIjJDgz,11,소아청소년과,0,0,서울호흡안심병원,병원,서대문구
JDQ4MTg4MSM1MSMkMSMkMCMkOTkkMzgxMzUxIzExIyQxIyQzIyQ4MiQzNjE0ODEjNTEjJDEjJDIjJDgz,13,이비인후과,0,0,서울호흡안심병원,병원,서대문구
JDQ4MTg4MSM1MSMkMSMkMCMkOTkkMzgxMzUxIzExIyQxIyQzIyQ4MiQzNjE0ODEjNTEjJDEjJDIjJDgz,20,결핵과,0,0,서울호흡안심병원,병원,서대문구
JDQ4MTg4MSM1MSMkMSMkMCMkOTkkMzgxMzUxIzExIyQxIyQzIyQ4MiQzNjE0ODEjNTEjJDEjJDIjJDgz,23,가정의학과,0,0,서울호흡안심병원,병원,서대문구
JDQ4MTg4MSM1MSMkMSMkMCMkOTkkMzgxMzUxIzQxIyQxIyQ3IyQ4OSQzNjEyMjIjNzEjJDEjJDgjJDgz,1,내과,1,0,서재곤링커병원,병원,송파구
JDQ4MTg4MSM1MSMkMSMkMCMkOTkkMzgxMzUxIzQxIyQxIyQ3IyQ4OSQzNjEyMjIjNzEjJDEjJDgjJDgz,5,정형외과,4,0,서재곤링커병원,병원,송파구
JDQ4MTg4MSM1MSMkMSMkMCMkOTkkMzgxMzUxIzQxIyQxIyQ3IyQ4OSQzNjEyMjIjNzEjJDEjJDgjJDgz,6,신경외과,2,0,서재곤링커병원,병원,송파구
JDQ4MTg4MSM1MSMkMSMkMCMkOTkkMzgxMzUxIzQxIyQxIyQ3IyQ4OSQzNjEyMjIjNzEjJDEjJDgjJDgz,9,마취통증의학과,0,0,서재곤링커병원,병원,송파구
JDQ4MTg4MSM1MSMkMSMkMCMkOTkkMzgxMzUxIzQxIyQxIyQ3IyQ4OSQzNjEyMjIjNzEjJDEjJDgjJDgz,16,영상의학과,1,0,서재곤링커병원,병원,송파구
JDQ4MTg4MSM1MSMkMSMkMCMkOTkkMzgxMzUxIzMxIyQxIyQ3IyQ4OSQzNjEwMDIjNTEjJDEjJDIjJDgz,5,정형외과,4,0,선수촌병원,병원,송파구
JDQ4MTg4MSM1MSMkMSMkMCMkOTkkMzgxMzUxIzMxIyQxIyQ3IyQ4OSQzNjEwMDIjNTEjJDEjJDIjJDgz,6,신경외과,1,0,선수촌병원,병원,송파구
JDQ4MTg4MSM1MSMkMSMkMCMkOTkkMzgxMzUxIzMxIyQxIyQ3IyQ4OSQzNjEwMDIjNTEjJDEjJDIjJDgz,9,마취통증의학과,1,0,선수촌병원,병원,송파구
JDQ4MTg4MSM1MSMkMSMkMCMkOTkkMzgxMzUxIzMxIyQxIyQ3IyQ4OSQzNjEwMDIjNTEjJDEjJDIjJDgz,21,재활의학과,0,0,선수촌병원,병원,송파구
JDQ4MTg4MSM1MSMkMSMkMCMkOTkkMzgxMzUxIzMxIyQyIyQzIyQwMCQyNjE4MzIjNjEjJDEjJDAjJDgz,1,내과,1,0,선한목자병원,병원,강남구
JDQ4MTg4MSM1MSMkMSMkMCMkOTkkMzgxMzUxIzMxIyQyIyQzIyQwMCQyNjE4MzIjNjEjJDEjJDAjJDgz,4,외과,0,0,선한목자병원,병원,강남구
JDQ4MTg4MSM1MSMkMSMkMCMkOTkkMzgxMzUxIzMxIyQyIyQzIyQwMCQyNjE4MzIjNjEjJDEjJDAjJDgz,5,정형외과,2,0,선한목자병원,병원,강남구
JDQ4MTg4MSM1MSMkMSMkMCMkOTkkMzgxMzUxIzMxIyQyIyQzIyQwMCQyNjE4MzIjNjEjJDEjJDAjJDgz,16,영상의학과,1,0,선한목자병원,병원,강남구
JDQ4MTg4MSM1MSMkMSMkMCMkOTkkMzgxMzUxIzMxIyQyIyQzIyQwMCQyNjE4MzIjNjEjJDEjJDAjJDgz,23,가정의학과,0,0,선한목자병원,병원,강남구
JDQ4MTg4MSM1MSMkMSMkMCMkOTkkMzgxMzUxIzQxIyQxIyQ3IyQ5OSQ0NjEwMDIjODEjJDEjJDYjJDgz,1,내과,0,0,성북우리아이들병원,병원,성북구
JDQ4MTg4MSM1MSMkMSMkMCMkOTkkMzgxMzUxIzQxIyQxIyQ3IyQ5OSQ0NjEwMDIjODEjJDEjJDYjJDgz,3,정신건강의학과,3,0,성북우리아이들병원,병원,성북구
JDQ4MTg4MSM1MSMkMSMkMCMkOTkkMzgxMzUxIzQxIyQxIyQ3IyQ5OSQ0NjEwMDIjODEjJDEjJDYjJDgz,11,소아청소년과,15,0,성북우리아이들병원,병원,성북구
JDQ4MTg4MSM1MSMkMSMkMCMkOTkkMzgxMzUxIzQxIyQxIyQ3IyQ5OSQ0NjEwMDIjODEjJDEjJDYjJDgz,12,안과,0,0,성북우리아이들병원,병원,성북구
JDQ4MTg4MSM1MSMkMSMkMCMkOTkkMzgxMzUxIzQxIyQxIyQ3IyQ5OSQ0NjEwMDIjODEjJDEjJDYjJDgz,13,이비인후과,0,0,성북우리아이들병원,병원,성북구
JDQ4MTg4MSM1MSMkMSMkMCMkOTkkMzgxMzUxIzQxIyQxIyQ3IyQ5OSQ0NjEwMDIjODEjJDEjJDYjJDgz,14,피부과,0,0,성북우리아이들병원,병원,성북구
JDQ4MTg4MSM1MSMkMSMkMCMkOTkkMzgxMzUxIzQxIyQxIyQ3IyQ5OSQ0NjEwMDIjODEjJDEjJDYjJDgz,15,비뇨의학과,0,0,성북우리아이들병원,병원,성북구
JDQ4MTg4MSM1MSMkMSMkMCMkOTkkMzgxMzUxIzQxIyQxIyQ3IyQ5OSQ0NjEwMDIjODEjJDEjJDYjJDgz,16,영상의학과,1,0,성북우리아이들병원,병원,성북구
JDQ4MTg4MSM1MSMkMSMkMCMkOTkkMzgxMzUxIzQxIyQxIyQ3IyQ5OSQ0NjEwMDIjODEjJDEjJDYjJDgz,23,가정의학과,0,0,성북우리아이들병원,병원,성북구
JDQ4MTg4MSM1MSMkMSMkMCMkOTkkMzgxMzUxIzQxIyQxIyQ3IyQ5OSQ0NjEwMDIjODEjJDEjJDYjJDgz,50,구강악안면외과,0,0,성북우리아이들병원,병원,성북구
JDQ4MTg4MSM1MSMkMSMkMCMkOTkkMzgxMzUxIzQxIyQxIyQ3IyQ5OSQ0NjEwMDIjODEjJDEjJDYjJDgz,51,치과보철과,0,0,성북우리아이들병원,병원,성북구
JDQ4MTg4MSM1MSMkMSMkMCMkOTkkMzgxMzUxIzQxIyQxIyQ3IyQ5OSQ0NjEwMDIjODEjJDEjJDYjJDgz,52,치과교정과,0,0,성북우리아이들병원,병원,성북구
JDQ4MTg4MSM1MSMkMSMkMCMkOTkkMzgxMzUxIzQxIyQxIyQ3IyQ5OSQ0NjEwMDIjODEjJDEjJDYjJDgz,53,소아치과,1,0,성북우리아이들병원,병원,성북구
JDQ4MTg4MSM1MSMkMSMkMCMkOTkkMzgxMzUxIzQxIyQxIyQ3IyQ5OSQ0NjEwMDIjODEjJDEjJDYjJDgz,54,치주과,0,0,성북우리아이들병원,병원,성북구
JDQ4MTg4MSM1MSMkMSMkMCMkOTkkMzgxMzUxIzQxIyQxIyQ3IyQ5OSQ0NjEwMDIjODEjJDEjJDYjJDgz,55,치과보존과,0,0,성북우리아이들병원,병원,성북구
JDQ4MTg4MSM1MSMkMSMkMCMkOTkkMzgxMzUxIzQxIyQxIyQ3IyQ5OSQ0NjEwMDIjODEjJDEjJDYjJDgz,56,구강내과,0,0,성북우리아이들병원,병원,성북구
JDQ4MTg4MSM1MSMkMSMkMCMkOTkkMzgxMzUxIzQxIyQxIyQ3IyQ5OSQ0NjEwMDIjODEjJDEjJDYjJDgz,57,영상치의학과,0,0,성북우리아이들병원,병원,성북구
JDQ4MTg4MSM1MSMkMSMkMCMkOTkkMzgxMzUxIzQxIyQxIyQ3IyQ5OSQ0NjEwMDIjODEjJDEjJDYjJDgz,58,구강병리과,0,0,성북우리아이들병원,병원,성북구
JDQ4MTg4MSM1MSMkMSMkMCMkOTkkMzgxMzUxIzQxIyQxIyQ3IyQ5OSQ0NjEwMDIjODEjJDEjJDYjJDgz,59,예방치과,0,0,성북우리아이들병원,병원,성북구
JDQ4MTg4MSM1MSMkMSMkMCMkOTkkMzgxMzUxIzQxIyQxIyQ3IyQ5OSQ0NjEwMDIjODEjJDEjJDYjJDgz,61,통합치의학과,1,0,성북우리아이들병원,병원,성북구
JDQ4MTg4MSM1MSMkMSMkMCMkOTkkMzgxMzUxIzMxIyQyIyQ3IyQwMCQzNjE4MzIjNTEjJDEjJDYjJDgz,1,내과,0,0,세바른병원,병원,서초구
JDQ4MTg4MSM1MSMkMSMkMCMkOTkkMzgxMzUxIzMxIyQyIyQ3IyQwMCQzNjE4MzIjNTEjJDEjJDYjJDgz,5,정형외과,3,0,세바른병원,병원,서초구
JDQ4MTg4MSM1MSMkMSMkMCMkOTkkMzgxMzUxIzMxIyQyIyQ3IyQwMCQzNjE4MzIjNTEjJDEjJDYjJDgz,6,신경외과,1,0,세바른병원,병원,서초구
JDQ4MTg4MSM1MSMkMSMkMCMkOTkkMzgxMzUxIzMxIyQyIyQ3IyQwMCQzNjE4MzIjNTEjJDEjJDYjJDgz,9,마취통증의학과,3,0,세바른병원,병원,서초구
JDQ4MTg4MSM1MSMkMSMkMCMkOTkkMzgxMzUxIzMxIyQyIyQ3IyQwMCQzNjE4MzIjNTEjJDEjJDYjJDgz,16,영상의학과,1,0,세바른병원,병원,서초구
JDQ4MTg4MSM1MSMkMSMkMCMkOTkkMzgxMzUxIzMxIyQyIyQ3IyQwMCQzNjE4MzIjNTEjJDEjJDYjJDgz,21,재활의학과,0,0,세바른병원,병원,서초구
JDQ4MTg4MSM1MSMkMSMkMCMkOTkkMzgxMzUxIzQxIyQxIyQ3IyQ2MiQ0NjEwMDIjNTEjJDEjJDYjJDgz,5,정형외과,3,0,세솟는정형외과병원,병원,마포구
JDQ4MTg4MSM1MSMkMSMkMCMkOTkkMzgxMzUxIzQxIyQxIyQ3IyQ2MiQ0NjEwMDIjNTEjJDEjJDYjJDgz,16,영상의학과,1,0,세솟는정형외과병원,병원,마포구
JDQ4MTg4MSM1MSMkMSMkMCMkOTkkMzgxMzUxIzIxIyQxIyQ5IyQ5OSQyNjEwMDIjNjEjJDEjJDAjJDgz,5,정형외과,0,0,솔병원,병원,강서구
JDQ4MTg4MSM1MSMkMSMkMCMkOTkkMzgxMzUxIzIxIyQxIyQ5IyQ5OSQyNjEwMDIjNjEjJDEjJDAjJDgz,6,신경외과,0,0,솔병원,병원,강서구
JDQ4MTg4MSM1MSMkMSMkMCMkOTkkMzgxMzUxIzIxIyQxIyQ5IyQ5OSQyNjEwMDIjNjEjJDEjJDAjJDgz,9,마취통증의학과,0,0,솔병원,병원,강서구
JDQ4MTg4MSM1MSMkMSMkMCMkOTkkMzgxMzUxIzIxIyQxIyQ5IyQ5OSQyNjEwMDIjNjEjJDEjJDAjJDgz,16,영상의학과,1,0,솔병원,병원,강서구
JDQ4MTg4MSM1MSMkMSMkMCMkOTkkMzgxMzUxIzIxIyQxIyQ5IyQ5OSQyNjEwMDIjNjEjJDEjJDAjJDgz,21,재활의학과,3,0,솔병원,병원,강서구
JDQ4MTg4MSM1MSMkMSMkMCMkOTkkMzgxMzUxIzQxIyQxIyQ3IyQwMyQzNjEwMDIjNDEjJDEjJDQjJDgz,1,내과,2,0,송파드림재활병원,병원,송파구
JDQ4MTg4MSM1MSMkMSMkMCMkOTkkMzgxMzUxIzQxIyQxIyQ3IyQwMyQzNjEwMDIjNDEjJDEjJDQjJDgz,2,신경과,0,0,송파드림재활병원,병원,송파구
JDQ4MTg4MSM1MSMkMSMkMCMkOTkkMzgxMzUxIzQxIyQxIyQ3IyQwMyQzNjEwMDIjNDEjJDEjJDQjJDgz,9,마취통증의학과,0,0,송파드림재활병원,병원,송파구
JDQ4MTg4MSM1MSMkMSMkMCMkOTkkMzgxMzUxIzQxIyQxIyQ3IyQwMyQzNjEwMDIjNDEjJDEjJDQjJDgz,21,재활의학과,5,0,송파드림재활병원,병원,송파구
JDQ4MTg4MSM1MSMkMSMkMCMkOTkkMzgxMzUxIzQxIyQxIyQ3IyQwMyQzNjEwMDIjNDEjJDEjJDQjJDgz,23,가정의학과,0,0,송파드림재활병원,병원,송파구
JDQ4MTg4MSM1MSMkMSMkMCMkOTkkMzgxMzUxIzQxIyQxIyQ3IyQ4MiQ0NjE0ODEjNDEjJDEjJDQjJDgz,1,내과,2,0,신세계서울병원,병원,영등포구
JDQ4MTg4MSM1MSMkMSMkMCMkOTkkMzgxMzUxIzQxIyQxIyQ3IyQ4MiQ0NjE0ODEjNDEjJDEjJDQjJDgz,2,신경과,1,0,신세계서울병원,병원,영등포구
JDQ4MTg4MSM1MSMkMSMkMCMkOTkkMzgxMzUxIzQxIyQxIyQ3IyQ4MiQ0NjE0ODEjNDEjJDEjJDQjJDgz,5,정형외과,7,0,신세계서울병원,병원,영등포구
JDQ4MTg4MSM1MSMkMSMkMCMkOTkkMzgxMzUxIzQxIyQxIyQ3IyQ4MiQ0NjE0ODEjNDEjJDEjJDQjJDgz,6,신경외과,1,0,신세계서울병원,병원,영등포구
JDQ4MTg4MSM1MSMkMSMkMCMkOTkkMzgxMzUxIzQxIyQxIyQ3IyQ4MiQ0NjE0ODEjNDEjJDEjJDQjJDgz,9,마취통증의학과,0,0,신세계서울병원,병원,영등포구
JDQ4MTg4MSM1MSMkMSMkMCMkOTkkMzgxMzUxIzQxIyQxIyQ3IyQ4MiQ0NjE0ODEjNDEjJDEjJDQjJDgz,16,영상의학과,1,0,신세계서울병원,병원,영등포구
JDQ4MTg4MSM1MSMkMSMkMCMkOTkkMzgxMzUxIzQxIyQxIyQ3IyQ4MiQ0NjE0ODEjNDEjJDEjJDQjJDgz,21,재활의학과,0,0,신세계서울병원,병원,영등포구
JDQ4MTg4MSM1MSMkMSMkMCMkOTkkMzgxMzUxIzIxIyQxIyQ1IyQxMyQzNjEyMjIjNDEjJDEjJDQjJDgz,1,내과,2,0,신일병원,병원,강북구
JDQ4MTg4MSM1MSMkMSMkMCMkOTkkMzgxMzUxIzIxIyQxIyQ1IyQxMyQzNjEyMjIjNDEjJDEjJDQjJDgz,4,외과,6,0,신일병원,병원,강북구
JDQ4MTg4MSM1MSMkMSMkMCMkOTkkMzgxMzUxIzIxIyQxIyQ1IyQxMyQzNjEyMjIjNDEjJDEjJDQjJDgz,5,정형외과,0,0,신일병원,병원,강북구
JDQ4MTg4MSM1MSMkMSMkMCMkOTkkMzgxMzUxIzIxIyQxIyQ1IyQxMyQzNjEyMjIjNDEjJDEjJDQjJDgz,9,마취통증의학과,1,0,신일병원,병원,강북구
JDQ4MTg4MSM1MSMkMSMkMCMkOTkkMzgxMzUxIzIxIyQxIyQ1IyQxMyQzNjEyMjIjNDEjJDEjJDQjJDgz,15,비뇨의학과,0,0,신일병원,병원,강북구
JDQ4MTg4MSM1MSMkMSMkMCMkOTkkMzgxMzUxIzIxIyQxIyQ1IyQxMyQzNjEyMjIjNDEjJDEjJDQjJDgz,16,영상의학과,1,0,신일병원,병원,강북구
JDQ4MTg4MSM1MSMkMSMkMCMkOTkkMzgxMzUxIzIxIyQyIyQ1IyQwMCQyNjEwMDIjNjEjJDEjJDQjJDgz,1,내과,2,0,신촌연세병원,병원,마포구
JDQ4MTg4MSM1MSMkMSMkMCMkOTkkMzgxMzUxIzIxIyQyIyQ1IyQwMCQyNjEwMDIjNjEjJDEjJDQjJDgz,2,신경과,2,0,신촌연세병원,병원,마포구
JDQ4MTg4MSM1MSMkMSMkMCMkOTkkMzgxMzUxIzIxIyQyIyQ1IyQwMCQyNjEwMDIjNjEjJDEjJDQjJDgz,4,외과,1,0,신촌연세병원,병원,마포구
JDQ4MTg4MSM1MSMkMSMkMCMkOTkkMzgxMzUxIzIxIyQyIyQ1IyQwMCQyNjEwMDIjNjEjJDEjJDQjJDgz,5,정형외과,3,0,신촌연세병원,병원,마포구
JDQ4MTg4MSM1MSMkMSMkMCMkOTkkMzgxMzUxIzIxIyQyIyQ1IyQwMCQyNjEwMDIjNjEjJDEjJDQjJDgz,6,신경외과,1,0,신촌연세병원,병원,마포구
JDQ4MTg4MSM1MSMkMSMkMCMkOTkkMzgxMzUxIzIxIyQyIyQ1IyQwMCQyNjEwMDIjNjEjJDEjJDQjJDgz,8,성형외과,1,0,신촌연세병원,병원,마포구
JDQ4MTg4MSM1MSMkMSMkMCMkOTkkMzgxMzUxIzIxIyQyIyQ1IyQwMCQyNjEwMDIjNjEjJDEjJDQjJDgz,9,마취통증의학과,1,0,신촌연세병원,병원,마포구
JDQ4MTg4MSM1MSMkMSMkMCMkOTkkMzgxMzUxIzIxIyQyIyQ1IyQwMCQyNjEwMDIjNjEjJDEjJDQjJDgz,11,소아청소년과,0,0,신촌연세병원,병원,마포구
JDQ4MTg4MSM1MSMkMSMkMCMkOTkkMzgxMzUxIzIxIyQyIyQ1IyQwMCQyNjEwMDIjNjEjJDEjJDQjJDgz,14,피부과,0,0,신촌연세병원,병원,마포구
JDQ4MTg4MSM1MSMkMSMkMCMkOTkkMzgxMzUxIzIxIyQyIyQ1IyQwMCQyNjEwMDIjNjEjJDEjJDQjJDgz,15,비뇨의학과,0,0,신촌연세병원,병원,마포구
JDQ4MTg4MSM1MSMkMSMkMCMkOTkkMzgxMzUxIzIxIyQyIyQ1IyQwMCQyNjEwMDIjNjEjJDEjJDQjJDgz,16,영상의학과,2,0,신촌연세병원,병원,마포구
JDQ4MTg4MSM1MSMkMSMkMCMkOTkkMzgxMzUxIzIxIyQyIyQ1IyQwMCQyNjEwMDIjNjEjJDEjJDQjJDgz,19,진단검사의학과,0,0,신촌연세병원,병원,마포구
JDQ4MTg4MSM1MSMkMSMkMCMkOTkkMzgxMzUxIzIxIyQyIyQ1IyQwMCQyNjEwMDIjNjEjJDEjJDQjJDgz,23,가정의학과,2,0,신촌연세병원,병원,마포구
JDQ4MTg4MSM1MSMkMSMkMCMkOTkkMzgxMzUxIzExIyQxIyQ3IyQ4MiQ0NjEwMDIjNDEjJDEjJDQjJDgz,1,내과,1,0,실로암안과병원,병원,강서구
JDQ4MTg4MSM1MSMkMSMkMCMkOTkkMzgxMzUxIzExIyQxIyQ3IyQ4MiQ0NjEwMDIjNDEjJDEjJDQjJDgz,12,안과,11,0,실로암안과병원,병원,강서구
JDQ4MTg4MSM1MSMkMSMkMCMkOTkkMzgxMzUxIzMxIyQxIyQ3IyQ4MiQzNjE4MzIjNjEjJDEjJDQjJDgz,1,내과,1,0,심정병원,병원,관악구
JDQ4MTg4MSM1MSMkMSMkMCMkOTkkMzgxMzUxIzMxIyQxIyQ3IyQ4MiQzNjE4MzIjNjEjJDEjJDQjJDgz,5,정형외과,1,0,심정병원,병원,관악구
JDQ4MTg4MSM1MSMkMSMkMCMkOTkkMzgxMzUxIzMxIyQxIyQ3IyQ4MiQzNjE4MzIjNjEjJDEjJDQjJDgz,6,신경외과,1,0,심정병원,병원,관악구
JDQ4MTg4MSM1MSMkMSMkMCMkOTkkMzgxMzUxIzMxIyQxIyQ3IyQ4MiQzNjE4MzIjNjEjJDEjJDQjJDgz,9,마취통증의학과,0,0,심정병원,병원,관악구
JDQ4MTg4MSM1MSMkMSMkMCMkOTkkMzgxMzUxIzMxIyQxIyQ3IyQ4MiQzNjE4MzIjNjEjJDEjJDQjJDgz,16,영상의학과,0,0,심정병원,병원,관악구
JDQ4MTg4MSM1MSMkMSMkMCMkOTkkMzgxMzUxIzMxIyQxIyQ3IyQ4MiQzNjE4MzIjNjEjJDEjJDQjJDgz,21,재활의학과,1,0,심정병원,병원,관악구
JDQ4MTg4MSM1MSMkMSMkMCMkOTkkMzgxMzUxIzMxIyQyIyQ3IyQwMCQ0NjEwMDIjNDEjJDEjJDQjJDgz,1,내과,2,0,아름제일병원,병원,구로구
JDQ4MTg4MSM1MSMkMSMkMCMkOTkkMzgxMzUxIzMxIyQyIyQ3IyQwMCQ0NjEwMDIjNDEjJDEjJDQjJDgz,4,외과,1,0,아름제일병원,병원,구로구
JDQ4MTg4MSM1MSMkMSMkMCMkOTkkMzgxMzUxIzMxIyQyIyQ3IyQwMCQ0NjEwMDIjNDEjJDEjJDQjJDgz,5,정형외과,2,0,아름제일병원,병원,구로구
JDQ4MTg4MSM1MSMkMSMkMCMkOTkkMzgxMzUxIzMxIyQyIyQ3IyQwMCQ0NjEwMDIjNDEjJDEjJDQjJDgz,6,신경외과,2,0,아름제일병원,병원,구로구
JDQ4MTg4MSM1MSMkMSMkMCMkOTkkMzgxMzUxIzMxIyQyIyQ3IyQwMCQ0NjEwMDIjNDEjJDEjJDQjJDgz,10,산부인과,7,0,아름제일병원,병원,구로구
JDQ4MTg4MSM1MSMkMSMkMCMkOTkkMzgxMzUxIzMxIyQyIyQ3IyQwMCQ0NjEwMDIjNDEjJDEjJDQjJDgz,11,소아청소년과,1,0,아름제일병원,병원,구로구
JDQ4MTg4MSM1MSMkMSMkMCMkOTkkMzgxMzUxIzMxIyQyIyQ3IyQwMCQ0NjEwMDIjNDEjJDEjJDQjJDgz,16,영상의학과,1,0,아름제일병원,병원,구로구
JDQ4MTg4MSM1MSMkMSMkMCMkOTkkMzgxMzUxIzMxIyQxIyQzIyQ5OSQzNjEwMDIjNTEjJDEjJDYjJDgz,1,내과,0,0,아이디병원,병원,강남구
JDQ4MTg4MSM1MSMkMSMkMCMkOTkkMzgxMzUxIzMxIyQxIyQzIyQ5OSQzNjEwMDIjNTEjJDEjJDYjJDgz,8,성형외과,15,0,아이디병원,병원,강남구
JDQ4MTg4MSM1MSMkMSMkMCMkOTkkMzgxMzUxIzMxIyQxIyQzIyQ5OSQzNjEwMDIjNTEjJDEjJDYjJDgz,9,마취통증의학과,4,0,아이디병원,병원,강남구
JDQ4MTg4MSM1MSMkMSMkMCMkOTkkMzgxMzUxIzMxIyQxIyQzIyQ5OSQzNjEwMDIjNTEjJDEjJDYjJDgz,14,피부과,4,0,아이디병원,병원,강남구
JDQ4MTg4MSM1MSMkMSMkMCMkOTkkMzgxMzUxIzMxIyQxIyQzIyQ5OSQzNjEwMDIjNTEjJDEjJDYjJDgz,50,구강악안면외과,1,0,아이디병원,병원,강남구
JDQ4MTg4MSM1MSMkMSMkMCMkOTkkMzgxMzUxIzMxIyQxIyQzIyQ5OSQzNjEwMDIjNTEjJDEjJDYjJDgz,51,치과보철과,0,0,아이디병원,병원,강남구
JDQ4MTg4MSM1MSMkMSMkMCMkOTkkMzgxMzUxIzMxIyQxIyQzIyQ5OSQzNjEwMDIjNTEjJDEjJDYjJDgz,52,치과교정과,2,0,아이디병원,병원,강남구
JDQ4MTg4MSM1MSMkMSMkMCMkOTkkMzgxMzUxIzMxIyQxIyQzIyQ5OSQzNjEwMDIjNTEjJDEjJDYjJDgz,54,치주과,1,0,아이디병원,병원,강남구
JDQ4MTg4MSM1MSMkMSMkMCMkOTkkMzgxMzUxIzMxIyQxIyQzIyQ5OSQzNjEwMDIjNTEjJDEjJDYjJDgz,55,치과보존과,0,0,아이디병원,병원,강남구
JDQ4MTg4MSM1MSMkMSMkMCMkOTkkMzgxMzUxIzUxIyQxIyQxIyQ5OSQyNjE0ODEjNDEjJDEjJDgjJDgz,1,내과,0,0,아이비어린이병원,병원,구로구
JDQ4MTg4MSM1MSMkMSMkMCMkOTkkMzgxMzUxIzUxIyQxIyQxIyQ5OSQyNjE0ODEjNDEjJDEjJDgjJDgz,11,소아청소년과,4,0,아이비어린이병원,병원,구로구
JDQ4MTg4MSM1MSMkMSMkMCMkOTkkMzgxMzUxIzUxIyQxIyQxIyQ5OSQyNjE0ODEjNDEjJDEjJDgjJDgz,13,이비인후과,0,0,아이비어린이병원,병원,구로구
JDQ4MTg4MSM1MSMkMSMkMCMkOTkkMzgxMzUxIzUxIyQxIyQxIyQ5OSQyNjE0ODEjNDEjJDEjJDgjJDgz,14,피부과,0,0,아이비어린이병원,병원,구로구
JDQ4MTg4MSM1MSMkMSMkMCMkOTkkMzgxMzUxIzIxIyQxIyQ5IyQwMyQyNjEyMjIjNjEjJDEjJDgjJDgz,5,정형외과,1,0,아카시아병원,병원,금천구
JDQ4MTg4MSM1MSMkMSMkMCMkOTkkMzgxMzUxIzIxIyQxIyQ5IyQwMyQyNjEyMjIjNjEjJDEjJDgjJDgz,6,신경외과,1,0,아카시아병원,병원,금천구
JDQ4MTg4MSM1MSMkMSMkMCMkOTkkMzgxMzUxIzIxIyQxIyQ5IyQwMyQyNjEyMjIjNjEjJDEjJDgjJDgz,9,마취통증의학과,1,0,아카시아병원,병원,금천구
JDQ4MTg4MSM1MSMkMSMkMCMkOTkkMzgxMzUxIzIxIyQxIyQ5IyQwMyQyNjEyMjIjNjEjJDEjJDgjJDgz,16,영상의학과,1,0,아카시아병원,병원,금천구
JDQ4MTg4MSM1MSMkMSMkMCMkOTkkMzgxMzUxIzIxIyQxIyQ5IyQ5OSQzNjEyMjIjNjEjJDEjJDQjJDgz,1,내과,6,0,양병원,병원,강동구
JDQ4MTg4MSM1MSMkMSMkMCMkOTkkMzgxMzUxIzIxIyQxIyQ5IyQ5OSQzNjEyMjIjNjEjJDEjJDQjJDgz,4,외과,5,0,양병원,병원,강동구
JDQ4MTg4MSM1MSMkMSMkMCMkOTkkMzgxMzUxIzIxIyQxIyQ5IyQ5OSQzNjEyMjIjNjEjJDEjJDQjJDgz,9,마취통증의학과,1,0,양병원,병원,강동구
JDQ4MTg4MSM1MSMkMSMkMCMkOTkkMzgxMzUxIzIxIyQxIyQ5IyQ5OSQzNjEyMjIjNjEjJDEjJDQjJDgz,16,영상의학과,2,0,양병원,병원,강동구
JDQ4MTg4MSM1MSMkMSMkMCMkOTkkMzgxMzUxIzIxIyQxIyQ5IyQ5OSQzNjEyMjIjNjEjJDEjJDQjJDgz,23,가정의학과,3,0,양병원,병원,강동구
JDQ4MTg4MSM1MSMkMSMkMCMkOTkkMzgxMzUxIzIxIyQxIyQ5IyQ5OSQzNjEyMjIjNjEjJDEjJDQjJDgz,56,구강내과,0,0,양병원,병원,강동구
JDQ4MTg4MSM1MSMkMSMkMCMkOTkkMzgxMzUxIzQxIyQxIyQ3IyQ3OSQzNjE4MzIjODEjJDEjJDIjJDgz,1,내과,0,0,어울림병원,병원,영등포구
JDQ4MTg4MSM1MSMkMSMkMCMkOTkkMzgxMzUxIzQxIyQxIyQ3IyQ3OSQzNjE4MzIjODEjJDEjJDIjJDgz,5,정형외과,3,0,어울림병원,병원,영등포구
JDQ4MTg4MSM1MSMkMSMkMCMkOTkkMzgxMzUxIzQxIyQxIyQ3IyQ3OSQzNjE4MzIjODEjJDEjJDIjJDgz,6,신경외과,1,0,어울림병원,병원,영등포구
JDQ4MTg4MSM1MSMkMSMkMCMkOTkkMzgxMzUxIzQxIyQxIyQ3IyQ3OSQzNjE4MzIjODEjJDEjJDIjJDgz,9,마취통증의학과,1,0,어울림병원,병원,영등포구
JDQ4MTg4MSM1MSMkMSMkMCMkOTkkMzgxMzUxIzQxIyQxIyQ3IyQ3OSQzNjE4MzIjODEjJDEjJDIjJDgz,16,영상의학과,1,0,어울림병원,병원,영등포구
JDQ4MTg4MSM1MSMkMSMkMCMkOTkkMzgxMzUxIzQxIyQxIyQ3IyQ3OSQzNjE4MzIjODEjJDEjJDIjJDgz,23,가정의학과,1,0,어울림병원,병원,영등포구
JDQ4MTg4MSM1MSMkMSMkMCMkOTkkMzgxMzUxIzQxIyQxIyQ3IyQ2MiQzNjE0ODEjNTEjJDEjJDIjJDgz,1,내과,1,0,에스앤유서울병원,병원,강서구
JDQ4MTg4MSM1MSMkMSMkMCMkOTkkMzgxMzUxIzQxIyQxIyQ3IyQ2MiQzNjE0ODEjNTEjJDEjJDIjJDgz,5,정형외과,11,0,에스앤유서울병원,병원,강서구
JDQ4MTg4MSM1MSMkMSMkMCMkOTkkMzgxMzUxIzQxIyQxIyQ3IyQ2MiQzNjE0ODEjNTEjJDEjJDIjJDgz,6,신경외과,3,0,에스앤유서울병원,병원,강서구
JDQ4MTg4MSM1MSMkMSMkMCMkOTkkMzgxMzUxIzQxIyQxIyQ3IyQ2MiQzNjE0ODEjNTEjJDEjJDIjJDgz,9,마취통증의학과,2,0,에스앤유서울병원,병원,강서구
JDQ4MTg4MSM1MSMkMSMkMCMkOTkkMzgxMzUxIzQxIyQxIyQ3IyQ2MiQzNjE0ODEjNTEjJDEjJDIjJDgz,16,영상의학과,1,0,에스앤유서울병원,병원,강서구
JDQ4MTg4MSM1MSMkMSMkMCMkOTkkMzgxMzUxIzIxIyQxIyQ5IyQxMyQzNjEyMjIjNjEjJDEjJDgjJDgz,1,내과,3,0,에이치큐브병원,병원,도봉구
JDQ4MTg4MSM1MSMkMSMkMCMkOTkkMzgxMzUxIzIxIyQxIyQ5IyQxMyQzNjEyMjIjNjEjJDEjJDgjJDgz,4,외과,0,0,에이치큐브병원,병원,도봉구
JDQ4MTg4MSM1MSMkMSMkMCMkOTkkMzgxMzUxIzIxIyQxIyQ5IyQxMyQzNjEyMjIjNjEjJDEjJDgjJDgz,10,산부인과,5,0,에이치큐브병원,병원,도봉구
JDQ4MTg4MSM1MSMkMSMkMCMkOTkkMzgxMzUxIzIxIyQxIyQ5IyQxMyQzNjEyMjIjNjEjJDEjJDgjJDgz,11,소아청소년과,2,0,에이치큐브병원,병원,도봉구
JDQ4MTg4MSM1MSMkMSMkMCMkOTkkMzgxMzUxIzIxIyQxIyQ5IyQxMyQzNjEyMjIjNjEjJDEjJDgjJDgz,16,영상의학과,1,0,에이치큐브병원,병원,도봉구
JDQ4MTg4MSM1MSMkMSMkMCMkOTkkMzgxMzUxIzQxIyQxIyQ3IyQ5MiQyNjE4MzIjNjEjJDEjJDgjJDgz,1,내과,2,0,엔플러스병원,병원,동대문구
JDQ4MTg4MSM1MSMkMSMkMCMkOTkkMzgxMzUxIzQxIyQxIyQ3IyQ5MiQyNjE4MzIjNjEjJDEjJDgjJDgz,2,신경과,1,0,엔플러스병원,병원,동대문구
JDQ4MTg4MSM1MSMkMSMkMCMkOTkkMzgxMzUxIzQxIyQxIyQ3IyQ5MiQyNjE4MzIjNjEjJDEjJDgjJDgz,11,소아청소년과,1,0,엔플러스병원,병원,동대문구
JDQ4MTg4MSM1MSMkMSMkMCMkOTkkMzgxMzUxIzQxIyQxIyQ3IyQ5MiQyNjE4MzIjNjEjJDEjJDgjJDgz,13,이비인후과,0,0,엔플러스병원,병원,동대문구
JDQ4MTg4MSM1MSMkMSMkMCMkOTkkMzgxMzUxIzQxIyQxIyQ3IyQ5MiQyNjE4MzIjNjEjJDEjJDgjJDgz,14,피부과,0,0,엔플러스병원,병원,동대문구
JDQ4MTg4MSM1MSMkMSMkMCMkOTkkMzgxMzUxIzQxIyQxIyQ3IyQ5MiQyNjE4MzIjNjEjJDEjJDgjJDgz,15,비뇨의학과,0,0,엔플러스병원,병원,동대문구
JDQ4MTg4MSM1MSMkMSMkMCMkOTkkMzgxMzUxIzQxIyQxIyQ3IyQ5MiQyNjE4MzIjNjEjJDEjJDgjJDgz,21,재활의학과,0,0,엔플러스병원,병원,동대문구
JDQ4MTg4MSM1MSMkMSMkMCMkOTkkMzgxMzUxIzQxIyQxIyQ3IyQ5MiQyNjE4MzIjNjEjJDEjJDgjJDgz,23,가정의학과,0,0,엔플러스병원,병원,동대문구
JDQ4MTg4MSM1MSMkMSMkMCMkOTkkMzgxMzUxIzQxIyQxIyQ3IyQxMyQ0NjE0ODEjNDEjJDEjJDgjJDgz,9,마취통증의학과,0,0,엠에스병원,병원,송파구
JDQ4MTg4MSM1MSMkMSMkMCMkOTkkMzgxMzUxIzQxIyQxIyQ3IyQxMyQ0NjE0ODEjNDEjJDEjJDgjJDgz,23,가정의학과,0,0,엠에스병원,병원,송파구
JDQ4MTg4MSM1MSMkMSMkMCMkOTkkMzgxMzUxIzMxIyQxIyQ3IyQ3MiQzNjEwMDIjNDEjJDEjJDgjJDgz,1,내과,0,0,연세건우병원,병원,관악구
JDQ4MTg4MSM1MSMkMSMkMCMkOTkkMzgxMzUxIzMxIyQxIyQ3IyQ3MiQzNjEwMDIjNDEjJDEjJDgjJDgz,5,정형외과,8,0,연세건우병원,병원,관악구
JDQ4MTg4MSM1MSMkMSMkMCMkOTkkMzgxMzUxIzMxIyQxIyQ3IyQ3MiQzNjEwMDIjNDEjJDEjJDgjJDgz,6,신경외과,0,0,연세건우병원,병원,관악구
JDQ4MTg4MSM1MSMkMSMkMCMkOTkkMzgxMzUxIzMxIyQxIyQ3IyQ3MiQzNjEwMDIjNDEjJDEjJDgjJDgz,9,마취통증의학과,1,0,연세건우병원,병원,관악구
JDQ4MTg4MSM1MSMkMSMkMCMkOTkkMzgxMzUxIzMxIyQxIyQ3IyQ3MiQzNjEwMDIjNDEjJDEjJDgjJDgz,16,영상의학과,1,0,연세건우병원,병원,관악구
JDQ4MTg4MSM1MSMkMSMkMCMkOTkkMzgxMzUxIzMxIyQxIyQ3IyQ3MiQzNjEwMDIjNDEjJDEjJDgjJDgz,21,재활의학과,0,0,연세건우병원,병원,관악구
JDQ4MTg4MSM1MSMkMSMkMCMkOTkkMzgxMzUxIzMxIyQxIyQ3IyQ3MiQzNjEwMDIjNDEjJDEjJDgjJDgz,23,가정의학과,0,0,연세건우병원,병원,관악구
JDQ4MTg4MSM1MSMkMSMkMCMkOTkkMzgxMzUxIzIxIyQxIyQ5IyQ4OSQzNjEyMjIjODEjJDEjJDIjJDgz,1,내과,1,0,연세노블병원,병원,은평구
JDQ4MTg4MSM1MSMkMSMkMCMkOTkkMzgxMzUxIzIxIyQxIyQ5IyQ4OSQzNjEyMjIjODEjJDEjJDIjJDgz,2,신경과,0,0,연세노블병원,병원,은평구
JDQ4MTg4MSM1MSMkMSMkMCMkOTkkMzgxMzUxIzIxIyQxIyQ5IyQ4OSQzNjEyMjIjODEjJDEjJDIjJDgz,10,산부인과,0,0,연세노블병원,병원,은평구
JDQ4MTg4MSM1MSMkMSMkMCMkOTkkMzgxMzUxIzIxIyQxIyQ5IyQ4OSQzNjEyMjIjODEjJDEjJDIjJDgz,11,소아청소년과,0,0,연세노블병원,병원,은평구
JDQ4MTg4MSM1MSMkMSMkMCMkOTkkMzgxMzUxIzIxIyQxIyQ5IyQ4OSQzNjEyMjIjODEjJDEjJDIjJDgz,13,이비인후과,0,0,연세노블병원,병원,은평구
JDQ4MTg4MSM1MSMkMSMkMCMkOTkkMzgxMzUxIzIxIyQxIyQ5IyQ4OSQzNjEyMjIjODEjJDEjJDIjJDgz,14,피부과,0,0,연세노블병원,병원,은평구
JDQ4MTg4MSM1MSMkMSMkMCMkOTkkMzgxMzUxIzIxIyQxIyQ5IyQ4OSQzNjEyMjIjODEjJDEjJDIjJDgz,15,비뇨의학과,0,0,연세노블병원,병원,은평구
JDQ4MTg4MSM1MSMkMSMkMCMkOTkkMzgxMzUxIzIxIyQxIyQ5IyQ4OSQzNjEyMjIjODEjJDEjJDIjJDgz,16,영상의학과,0,0,연세노블병원,병원,은평구
JDQ4MTg4MSM1MSMkMSMkMCMkOTkkMzgxMzUxIzIxIyQxIyQ5IyQ4OSQzNjEyMjIjODEjJDEjJDIjJDgz,19,진단검사의학과,0,0,연세노블병원,병원,은평구
JDQ4MTg4MSM1MSMkMSMkMCMkOTkkMzgxMzUxIzIxIyQxIyQ5IyQ4OSQzNjEyMjIjODEjJDEjJDIjJDgz,21,재활의학과,1,0,연세노블병원,병원,은평구
JDQ4MTg4MSM1MSMkMSMkMCMkOTkkMzgxMzUxIzIxIyQxIyQ5IyQ4OSQzNjEyMjIjODEjJDEjJDIjJDgz,23,가정의학과,3,0,연세노블병원,병원,은평구
JDQ4MTg4MSM1MSMkMSMkMCMkOTkkMzgxMzUxIzUxIyQxIyQxIyQ3OSQzNjEyMjIjNjEjJDEjJDgjJDgz,1,내과,1,0,연세동작병원,병원,동작구
JDQ4MTg4MSM1MSMkMSMkMCMkOTkkMzgxMzUxIzUxIyQxIyQxIyQ3OSQzNjEyMjIjNjEjJDEjJDgjJDgz,23,가정의학과,1,0,연세동작병원,병원,동작구
JDQ4MTg4MSM1MSMkMSMkMCMkOTkkMzgxMzUxIzMxIyQxIyQzIyQ3MiQzNjE4MzIjNDEjJDEjJDgjJDgz,1,내과,0,0,연세무척나은병원,병원,광진구
JDQ4MTg4MSM1MSMkMSMkMCMkOTkkMzgxMzUxIzMxIyQxIyQzIyQ3MiQzNjE4MzIjNDEjJDEjJDgjJDgz,5,정형외과,3,0,연세무척나은병원,병원,광진구
JDQ4MTg4MSM1MSMkMSMkMCMkOTkkMzgxMzUxIzMxIyQxIyQzIyQ3MiQzNjE4MzIjNDEjJDEjJDgjJDgz,6,신경외과,2,0,연세무척나은병원,병원,광진구
JDQ4MTg4MSM1MSMkMSMkMCMkOTkkMzgxMzUxIzMxIyQxIyQzIyQ3MiQzNjE4MzIjNDEjJDEjJDgjJDgz,9,마취통증의학과,1,0,연세무척나은병원,병원,광진구
JDQ4MTg4MSM1MSMkMSMkMCMkOTkkMzgxMzUxIzMxIyQxIyQzIyQ3MiQzNjE4MzIjNDEjJDEjJDgjJDgz,16,영상의학과,1,0,연세무척나은병원,병원,광진구
JDQ4MTg4MSM1MSMkMSMkMCMkOTkkMzgxMzUxIzMxIyQxIyQzIyQ3MiQzNjE4MzIjNDEjJDEjJDgjJDgz,19,진단검사의학과,0,0,연세무척나은병원,병원,광진구
JDQ4MTg4MSM1MSMkMSMkMCMkOTkkMzgxMzUxIzMxIyQxIyQzIyQ3MiQzNjE4MzIjNDEjJDEjJDgjJDgz,21,재활의학과,0,0,연세무척나은병원,병원,광진구
JDQ4MTg4MSM1MSMkMSMkMCMkOTkkMzgxMzUxIzQxIyQxIyQ3IyQ2MiQ0NjE0ODEjNjEjJDEjJDQjJDgz,1,내과,1,0,연세바로척병원,병원,성동구
JDQ4MTg4MSM1MSMkMSMkMCMkOTkkMzgxMzUxIzQxIyQxIyQ3IyQ2MiQ0NjE0ODEjNjEjJDEjJDQjJDgz,5,정형외과,4,0,연세바로척병원,병원,성동구
JDQ4MTg4MSM1MSMkMSMkMCMkOTkkMzgxMzUxIzQxIyQxIyQ3IyQ2MiQ0NjE0ODEjNjEjJDEjJDQjJDgz,6,신경외과,1,0,연세바로척병원,병원,성동구
JDQ4MTg4MSM1MSMkMSMkMCMkOTkkMzgxMzUxIzQxIyQxIyQ3IyQ2MiQ0NjE0ODEjNjEjJDEjJDQjJDgz,9,마취통증의학과,1,0,연세바로척병원,병원,성동구
JDQ4MTg4MSM1MSMkMSMkMCMkOTkkMzgxMzUxIzQxIyQxIyQ3IyQ2MiQ0NjE0ODEjNjEjJDEjJDQjJDgz,16,영상의학과,1,0,연세바로척병원,병원,성동구
JDQ4MTg4MSM1MSMkMSMkMCMkOTkkMzgxMzUxIzQxIyQxIyQ3IyQ2MiQ0NjE0ODEjNjEjJDEjJDQjJDgz,21,재활의학과,0,0,연세바로척병원,병원,성동구
JDQ4MTg4MSM1MSMkMSMkMCMkOTkkMzgxMzUxIzMxIyQxIyQzIyQ3MiQzNjE0ODEjNzEjJDEjJDgjJDgz,1,내과,0,0,연세바른병원,병원,동작구
JDQ4MTg4MSM1MSMkMSMkMCMkOTkkMzgxMzUxIzMxIyQxIyQzIyQ3MiQzNjE0ODEjNzEjJDEjJDgjJDgz,5,정형외과,1,0,연세바른병원,병원,동작구
JDQ4MTg4MSM1MSMkMSMkMCMkOTkkMzgxMzUxIzMxIyQxIyQzIyQ3MiQzNjE0ODEjNzEjJDEjJDgjJDgz,6,신경외과,3,0,연세바른병원,병원,동작구
JDQ4MTg4MSM1MSMkMSMkMCMkOTkkMzgxMzUxIzMxIyQxIyQzIyQ3MiQzNjE0ODEjNzEjJDEjJDgjJDgz,9,마취통증의학과,1,0,연세바른병원,병원,동작구
JDQ4MTg4MSM1MSMkMSMkMCMkOTkkMzgxMzUxIzMxIyQxIyQzIyQ3MiQzNjE0ODEjNzEjJDEjJDgjJDgz,16,영상의학과,1,0,연세바른병원,병원,동작구
JDQ4MTg4MSM1MSMkMSMkMCMkOTkkMzgxMzUxIzMxIyQxIyQzIyQ3MiQzNjE0ODEjNzEjJDEjJDgjJDgz,21,재활의학과,0,0,연세바른병원,병원,동작구
JDQ4MTg4MSM1MSMkMSMkMCMkOTkkMzgxMzUxIzQxIyQxIyQ3IyQ3MiQyNjE0ODEjNzEjJDEjJDgjJDgz,4,외과,1,0,연세사랑모아여성병원,병원,구로구
JDQ4MTg4MSM1MSMkMSMkMCMkOTkkMzgxMzUxIzQxIyQxIyQ3IyQ3MiQyNjE0ODEjNzEjJDEjJDgjJDgz,8,성형외과,0,0,연세사랑모아여성병원,병원,구로구
JDQ4MTg4MSM1MSMkMSMkMCMkOTkkMzgxMzUxIzQxIyQxIyQ3IyQ3MiQyNjE0ODEjNzEjJDEjJDgjJDgz,10,산부인과,5,0,연세사랑모아여성병원,병원,구로구
JDQ4MTg4MSM1MSMkMSMkMCMkOTkkMzgxMzUxIzQxIyQxIyQ3IyQ3MiQyNjE0ODEjNzEjJDEjJDgjJDgz,14,피부과,0,0,연세사랑모아여성병원,병원,구로구
JDQ4MTg4MSM1MSMkMSMkMCMkOTkkMzgxMzUxIzMxIyQxIyQzIyQ3OSQyNjE0ODEjODEjJDEjJDIjJDgz,1,내과,1,0,연세사랑병원,병원,서초구
JDQ4MTg4MSM1MSMkMSMkMCMkOTkkMzgxMzUxIzMxIyQxIyQzIyQ3OSQyNjE0ODEjODEjJDEjJDIjJDgz,5,정형외과,11,0,연세사랑병원,병원,서초구
JDQ4MTg4MSM1MSMkMSMkMCMkOTkkMzgxMzUxIzMxIyQxIyQzIyQ3OSQyNjE0ODEjODEjJDEjJDIjJDgz,6,신경외과,2,0,연세사랑병원,병원,서초구
JDQ4MTg4MSM1MSMkMSMkMCMkOTkkMzgxMzUxIzMxIyQxIyQzIyQ3OSQyNjE0ODEjODEjJDEjJDIjJDgz,9,마취통증의학과,5,0,연세사랑병원,병원,서초구
JDQ4MTg4MSM1MSMkMSMkMCMkOTkkMzgxMzUxIzMxIyQxIyQzIyQ3OSQyNjE0ODEjODEjJDEjJDIjJDgz,16,영상의학과,2,0,연세사랑병원,병원,서초구
JDQ4MTg4MSM1MSMkMSMkMCMkOTkkMzgxMzUxIzQxIyQxIyQ3IyQwMyQyNjEyMjIjNjEjJDEjJDQjJDgz,1,내과,1,0,연세산돌병원,병원,중랑구
JDQ4MTg4MSM1MSMkMSMkMCMkOTkkMzgxMzUxIzQxIyQxIyQ3IyQwMyQyNjEyMjIjNjEjJDEjJDQjJDgz,5,정형외과,2,0,연세산돌병원,병원,중랑구
JDQ4MTg4MSM1MSMkMSMkMCMkOTkkMzgxMzUxIzQxIyQxIyQ3IyQwMyQyNjEyMjIjNjEjJDEjJDQjJDgz,6,신경외과,1,0,연세산돌병원,병원,중랑구
JDQ4MTg4MSM1MSMkMSMkMCMkOTkkMzgxMzUxIzQxIyQxIyQ3IyQwMyQyNjEyMjIjNjEjJDEjJDQjJDgz,9,마취통증의학과,0,0,연세산돌병원,병원,중랑구
JDQ4MTg4MSM1MSMkMSMkMCMkOTkkMzgxMzUxIzQxIyQxIyQ3IyQwMyQyNjEyMjIjNjEjJDEjJDQjJDgz,11,소아청소년과,0,0,연세산돌병원,병원,중랑구
JDQ4MTg4MSM1MSMkMSMkMCMkOTkkMzgxMzUxIzQxIyQxIyQ3IyQwMyQyNjEyMjIjNjEjJDEjJDQjJDgz,16,영상의학과,0,0,연세산돌병원,병원,중랑구
JDQ4MTg4MSM1MSMkMSMkMCMkOTkkMzgxMzUxIzQxIyQxIyQ3IyQwMyQyNjEyMjIjNjEjJDEjJDQjJDgz,21,재활의학과,0,0,연세산돌병원,병원,중랑구
JDQ4MTg4MSM1MSMkMSMkMCMkOTkkMzgxMzUxIzQxIyQxIyQ3IyQwMyQyNjEyMjIjNjEjJDEjJDQjJDgz,23,가정의학과,0,0,연세산돌병원,병원,중랑구
JDQ4MTg4MSM1MSMkMSMkMCMkOTkkMzgxMzUxIzQxIyQxIyQ3IyQ3OSQ0NjE0ODEjNjEjJDEjJDgjJDgz,1,내과,0,0,연세슬기병원,병원,성동구
JDQ4MTg4MSM1MSMkMSMkMCMkOTkkMzgxMzUxIzQxIyQxIyQ3IyQ3OSQ0NjE0ODEjNjEjJDEjJDgjJDgz,4,외과,0,0,연세슬기병원,병원,성동구
JDQ4MTg4MSM1MSMkMSMkMCMkOTkkMzgxMzUxIzQxIyQxIyQ3IyQ3OSQ0NjE0ODEjNjEjJDEjJDgjJDgz,5,정형외과,1,0,연세슬기병원,병원,성동구
JDQ4MTg4MSM1MSMkMSMkMCMkOTkkMzgxMzUxIzQxIyQxIyQ3IyQ3OSQ0NjE0ODEjNjEjJDEjJDgjJDgz,6,신경외과,0,0,연세슬기병원,병원,성동구
JDQ4MTg4MSM1MSMkMSMkMCMkOTkkMzgxMzUxIzQxIyQxIyQ3IyQ3OSQ0NjE0ODEjNjEjJDEjJDgjJDgz,8,성형외과,0,0,연세슬기병원,병원,성동구
JDQ4MTg4MSM1MSMkMSMkMCMkOTkkMzgxMzUxIzQxIyQxIyQ3IyQ3OSQ0NjE0ODEjNjEjJDEjJDgjJDgz,11,소아청소년과,0,0,연세슬기병원,병원,성동구
JDQ4MTg4MSM1MSMkMSMkMCMkOTkkMzgxMzUxIzQxIyQxIyQ3IyQ3OSQ0NjE0ODEjNjEjJDEjJDgjJDgz,14,피부과,0,0,연세슬기병원,병원,성동구
JDQ4MTg4MSM1MSMkMSMkMCMkOTkkMzgxMzUxIzQxIyQxIyQ3IyQ3OSQ0NjE0ODEjNjEjJDEjJDgjJDgz,15,비뇨의학과,0,0,연세슬기병원,병원,성동구
JDQ4MTg4MSM1MSMkMSMkMCMkOTkkMzgxMzUxIzQxIyQxIyQ3IyQ3OSQ0NjE0ODEjNjEjJDEjJDgjJDgz,19,진단검사의학과,0,0,연세슬기병원,병원,성동구
JDQ4MTg4MSM1MSMkMSMkMCMkOTkkMzgxMzUxIzQxIyQxIyQ3IyQ3OSQ0NjE0ODEjNjEjJDEjJDgjJDgz,21,재활의학과,0,0,연세슬기병원,병원,성동구
JDQ4MTg4MSM1MSMkMSMkMCMkOTkkMzgxMzUxIzQxIyQxIyQ3IyQwMyQyNjEwMDIjNzEjJDEjJDgjJDgz,1,내과,1,0,연세우리병원,병원,송파구
JDQ4MTg4MSM1MSMkMSMkMCMkOTkkMzgxMzUxIzQxIyQxIyQ3IyQwMyQyNjEwMDIjNzEjJDEjJDgjJDgz,5,정형외과,2,0,연세우리병원,병원,송파구
JDQ4MTg4MSM1MSMkMSMkMCMkOTkkMzgxMzUxIzQxIyQxIyQ3IyQwMyQyNjEwMDIjNzEjJDEjJDgjJDgz,6,신경외과,1,0,연세우리병원,병원,송파구
JDQ4MTg4MSM1MSMkMSMkMCMkOTkkMzgxMzUxIzQxIyQxIyQ3IyQwMyQyNjEwMDIjNzEjJDEjJDgjJDgz,9,마취통증의학과,1,0,연세우리병원,병원,송파구
JDQ4MTg4MSM1MSMkMSMkMCMkOTkkMzgxMzUxIzQxIyQxIyQ3IyQwMyQyNjEwMDIjNzEjJDEjJDgjJDgz,16,영상의학과,1,0,연세우리병원,병원,송파구
JDQ4MTg4MSM1MSMkMSMkMCMkOTkkMzgxMzUxIzQxIyQxIyQ3IyQ5OSQzNjEyMjIjNjEjJDEjJDAjJDgz,1,내과,1,0,연세한강병원,병원,마포구
JDQ4MTg4MSM1MSMkMSMkMCMkOTkkMzgxMzUxIzQxIyQxIyQ3IyQ5OSQzNjEyMjIjNjEjJDEjJDAjJDgz,5,정형외과,4,0,연세한강병원,병원,마포구
JDQ4MTg4MSM1MSMkMSMkMCMkOTkkMzgxMzUxIzQxIyQxIyQ3IyQ5OSQzNjEyMjIjNjEjJDEjJDAjJDgz,6,신경외과,0,0,연세한강병원,병원,마포구
JDQ4MTg4MSM1MSMkMSMkMCMkOTkkMzgxMzUxIzQxIyQxIyQ3IyQ5OSQzNjEyMjIjNjEjJDEjJDAjJDgz,9,마취통증의학과,1,0,연세한강병원,병원,마포구
JDQ4MTg4MSM1MSMkMSMkMCMkOTkkMzgxMzUxIzQxIyQxIyQ3IyQ5OSQzNjEyMjIjNjEjJDEjJDAjJDgz,16,영상의학과,1,0,연세한강병원,병원,마포구
JDQ4MTg4MSM1MSMkMSMkMCMkOTkkMzgxMzUxIzMxIyQxIyQ3IyQ5MiQ0NjEwMDIjODEjJDEjJDYjJDgz,1,내과,0,0,염창환병원,병원,송파구
JDQ4MTg4MSM1MSMkMSMkMCMkOTkkMzgxMzUxIzMxIyQxIyQ3IyQ5MiQ0NjEwMDIjODEjJDEjJDYjJDgz,14,피부과,0,0,염창환병원,병원,송파구
JDQ4MTg4MSM1MSMkMSMkMCMkOTkkMzgxMzUxIzMxIyQxIyQ3IyQ5MiQ0NjEwMDIjODEjJDEjJDYjJDgz,21,재활의학과,0,0,염창환병원,병원,송파구
JDQ4MTg4MSM1MSMkMSMkMCMkOTkkMzgxMzUxIzMxIyQxIyQ3IyQ5MiQ0NjEwMDIjODEjJDEjJDYjJDgz,23,가정의학과,3,0,염창환병원,병원,송파구
JDQ4MTg4MSM1MSMkMSMkMCMkOTkkMzgxMzUxIzIxIyQxIyQ1IyQwMyQzNjEyMjIjNTEjJDEjJDIjJDgz,1,내과,0,0,영동병원,병원,동대문구
JDQ4MTg4MSM1MSMkMSMkMCMkOTkkMzgxMzUxIzIxIyQxIyQ1IyQwMyQzNjEyMjIjNTEjJDEjJDIjJDgz,5,정형외과,0,0,영동병원,병원,동대문구
JDQ4MTg4MSM1MSMkMSMkMCMkOTkkMzgxMzUxIzIxIyQxIyQ1IyQwMyQzNjEyMjIjNTEjJDEjJDIjJDgz,8,성형외과,1,0,영동병원,병원,동대문구
JDQ4MTg4MSM1MSMkMSMkMCMkOTkkMzgxMzUxIzIxIyQxIyQ1IyQwMyQzNjEyMjIjNTEjJDEjJDIjJDgz,16,영상의학과,0,0,영동병원,병원,동대문구
JDQ4MTg4MSM1MSMkMSMkMCMkOTkkMzgxMzUxIzMxIyQxIyQ3IyQ3MiQyNjE4MzIjNjEjJDEjJDQjJDgz,1,내과,0,0,예스병원,병원,구로구
JDQ4MTg4MSM1MSMkMSMkMCMkOTkkMzgxMzUxIzMxIyQxIyQ3IyQ3MiQyNjE4MzIjNjEjJDEjJDQjJDgz,2,신경과,1,0,예스병원,병원,구로구
JDQ4MTg4MSM1MSMkMSMkMCMkOTkkMzgxMzUxIzMxIyQxIyQ3IyQ3MiQyNjE4MzIjNjEjJDEjJDQjJDgz,4,외과,0,0,예스병원,병원,구로구
JDQ4MTg4MSM1MSMkMSMkMCMkOTkkMzgxMzUxIzMxIyQxIyQ3IyQ3MiQyNjE4MzIjNjEjJDEjJDQjJDgz,5,정형외과,2,0,예스병원,병원,구로구
JDQ4MTg4MSM1MSMkMSMkMCMkOTkkMzgxMzUxIzMxIyQxIyQ3IyQ3MiQyNjE4MzIjNjEjJDEjJDQjJDgz,6,신경외과,2,0,예스병원,병원,구로구
JDQ4MTg4MSM1MSMkMSMkMCMkOTkkMzgxMzUxIzMxIyQxIyQ3IyQ3MiQyNjE4MzIjNjEjJDEjJDQjJDgz,9,마취통증의학과,1,0,예스병원,병원,구로구
JDQ4MTg4MSM1MSMkMSMkMCMkOTkkMzgxMzUxIzMxIyQxIyQ3IyQ3MiQyNjE4MzIjNjEjJDEjJDQjJDgz,16,영상의학과,1,0,예스병원,병원,구로구
JDQ4MTg4MSM1MSMkMSMkMCMkOTkkMzgxMzUxIzMxIyQxIyQ3IyQ3MiQyNjE4MzIjNjEjJDEjJDQjJDgz,19,진단검사의학과,0,0,예스병원,병원,구로구
JDQ4MTg4MSM1MSMkMSMkMCMkOTkkMzgxMzUxIzMxIyQxIyQ3IyQ3MiQyNjE4MzIjNjEjJDEjJDQjJDgz,21,재활의학과,0,0,예스병원,병원,구로구
JDQ4MTg4MSM1MSMkMSMkMCMkOTkkMzgxMzUxIzMxIyQxIyQ3IyQ3MiQyNjE4MzIjNjEjJDEjJDQjJDgz,23,가정의학과,0,0,예스병원,병원,구로구
JDQ4MTg4MSM1MSMkMSMkMCMkOTkkMzgxMzUxIzQxIyQyIyQ3IyQwMCQyNjEyMjIjODEjJDEjJDYjJDgz,1,내과,0,0,올바로병원,병원,서초구
JDQ4MTg4MSM1MSMkMSMkMCMkOTkkMzgxMzUxIzQxIyQyIyQ3IyQwMCQyNjEyMjIjODEjJDEjJDYjJDgz,5,정형외과,1,0,올바로병원,병원,서초구
JDQ4MTg4MSM1MSMkMSMkMCMkOTkkMzgxMzUxIzQxIyQyIyQ3IyQwMCQyNjEyMjIjODEjJDEjJDYjJDgz,6,신경외과,0,0,올바로병원,병원,서초구
JDQ4MTg4MSM1MSMkMSMkMCMkOTkkMzgxMzUxIzQxIyQyIyQ3IyQwMCQyNjEyMjIjODEjJDEjJDYjJDgz,16,영상의학과,1,0,올바로병원,병원,서초구
JDQ4MTg4MSM1MSMkMSMkMCMkOTkkMzgxMzUxIzMxIyQxIyQ3IyQxMyQzNjEwMDIjNDEjJDEjJDgjJDgz,1,내과,1,0,올바른서울병원,병원,강동구
JDQ4MTg4MSM1MSMkMSMkMCMkOTkkMzgxMzUxIzMxIyQxIyQ3IyQxMyQzNjEwMDIjNDEjJDEjJDgjJDgz,5,정형외과,4,0,올바른서울병원,병원,강동구
JDQ4MTg4MSM1MSMkMSMkMCMkOTkkMzgxMzUxIzMxIyQxIyQ3IyQxMyQzNjEwMDIjNDEjJDEjJDgjJDgz,6,신경외과,1,0,올바른서울병원,병원,강동구
JDQ4MTg4MSM1MSMkMSMkMCMkOTkkMzgxMzUxIzMxIyQxIyQ3IyQxMyQzNjEwMDIjNDEjJDEjJDgjJDgz,9,마취통증의학과,1,0,올바른서울병원,병원,강동구
JDQ4MTg4MSM1MSMkMSMkMCMkOTkkMzgxMzUxIzMxIyQxIyQ3IyQxMyQzNjEwMDIjNDEjJDEjJDgjJDgz,16,영상의학과,1,0,올바른서울병원,병원,강동구
JDQ4MTg4MSM1MSMkMSMkMCMkOTkkMzgxMzUxIzMxIyQxIyQ3IyQxMyQzNjEwMDIjNDEjJDEjJDgjJDgz,19,진단검사의학과,0,0,올바른서울병원,병원,강동구
JDQ4MTg4MSM1MSMkMSMkMCMkOTkkMzgxMzUxIzMxIyQxIyQ3IyQxMyQzNjEwMDIjNDEjJDEjJDgjJDgz,23,가정의학과,3,0,올바른서울병원,병원,강동구
JDQ4MTg4MSM1MSMkMSMkMCMkOTkkMzgxMzUxIzIxIyQxIyQ5IyQ5MiQ0NjE0ODEjODEjJDEjJDIjJDgz,1,내과,1,0,올센병원,병원,마포구
JDQ4MTg4MSM1MSMkMSMkMCMkOTkkMzgxMzUxIzIxIyQxIyQ5IyQ5MiQ0NjE0ODEjODEjJDEjJDIjJDgz,5,정형외과,3,0,올센병원,병원,마포구
JDQ4MTg4MSM1MSMkMSMkMCMkOTkkMzgxMzUxIzIxIyQxIyQ5IyQ5MiQ0NjE0ODEjODEjJDEjJDIjJDgz,6,신경외과,2,0,올센병원,병원,마포구
JDQ4MTg4MSM1MSMkMSMkMCMkOTkkMzgxMzUxIzIxIyQxIyQ5IyQ5MiQ0NjE0ODEjODEjJDEjJDIjJDgz,9,마취통증의학과,1,0,올센병원,병원,마포구
JDQ4MTg4MSM1MSMkMSMkMCMkOTkkMzgxMzUxIzIxIyQxIyQ5IyQ5MiQ0NjE0ODEjODEjJDEjJDIjJDgz,16,영상의학과,1,0,올센병원,병원,마포구
JDQ4MTg4MSM1MSMkMSMkMCMkOTkkMzgxMzUxIzIxIyQxIyQ5IyQ5MiQ0NjE0ODEjODEjJDEjJDIjJDgz,21,재활의학과,0,0,올센병원,병원,마포구
JDQ4MTg4MSM1MSMkMSMkMCMkOTkkMzgxMzUxIzIxIyQxIyQ5IyQ5MiQ0NjE0ODEjODEjJDEjJDIjJDgz,23,가정의학과,0,0,올센병원,병원,마포구
JDQ4MTg4MSM1MSMkMSMkMCMkOTkkMzgxMzUxIzIxIyQxIyQ5IyQxMyQzNjEwMDIjODEjJDEjJDIjJDgz,1,내과,2,0,왕십리휴병원,병원,동대문구
JDQ4MTg4MSM1MSMkMSMkMCMkOTkkMzgxMzUxIzIxIyQxIyQ5IyQxMyQzNjEwMDIjODEjJDEjJDIjJDgz,21,재활의학과,2,0,왕십리휴병원,병원,동대문구
JDQ4MTg4MSM1MSMkMSMkMCMkOTkkMzgxMzUxIzIxIyQxIyQ5IyQxMyQzNjEwMDIjODEjJDEjJDIjJDgz,23,가정의학과,1,0,왕십리휴병원,병원,동대문구
JDQ4MTg4MSM1MSMkMSMkMCMkOTkkMzgxMzUxIzIxIyQxIyQ5IyQxMyQzNjEwMDIjODEjJDEjJDIjJDgz,80,한방내과,0,0,왕십리휴병원,병원,동대문구
JDQ4MTg4MSM1MSMkMSMkMCMkOTkkMzgxMzUxIzIxIyQxIyQ5IyQxMyQzNjEwMDIjODEjJDEjJDIjJDgz,86,한방재활의학과,0,0,왕십리휴병원,병원,동대문구
JDQ4MTg4MSM1MSMkMSMkMCMkOTkkMzgxMzUxIzIxIyQxIyQ1IyQ5OSQ0NjE0ODEjNjEjJDEjJDQjJDgz,1,내과,1,0,우리들병원,병원,강남구
JDQ4MTg4MSM1MSMkMSMkMCMkOTkkMzgxMzUxIzIxIyQxIyQ1IyQ5OSQ0NjE0ODEjNjEjJDEjJDQjJDgz,2,신경과,1,0,우리들병원,병원,강남구
JDQ4MTg4MSM1MSMkMSMkMCMkOTkkMzgxMzUxIzIxIyQxIyQ1IyQ5OSQ0NjE0ODEjNjEjJDEjJDQjJDgz,4,외과,1,0,우리들병원,병원,강남구
JDQ4MTg4MSM1MSMkMSMkMCMkOTkkMzgxMzUxIzIxIyQxIyQ1IyQ5OSQ0NjE0ODEjNjEjJDEjJDQjJDgz,5,정형외과,1,0,우리들병원,병원,강남구
JDQ4MTg4MSM1MSMkMSMkMCMkOTkkMzgxMzUxIzIxIyQxIyQ1IyQ5OSQ0NjE0ODEjNjEjJDEjJDQjJDgz,6,신경외과,16,0,우리들병원,병원,강남구
JDQ4MTg4MSM1MSMkMSMkMCMkOTkkMzgxMzUxIzIxIyQxIyQ1IyQ5OSQ0NjE0ODEjNjEjJDEjJDQjJDgz,7,심장혈관흉부외과,1,0,우리들병원,병원,강남구
JDQ4MTg4MSM1MSMkMSMkMCMkOTkkMzgxMzUxIzIxIyQxIyQ1IyQ5OSQ0NjE0ODEjNjEjJDEjJDQjJDgz,9,마취통증의학과,5,0,우리들병원,병원,강남구
JDQ4MTg4MSM1MSMkMSMkMCMkOTkkMzgxMzUxIzIxIyQxIyQ1IyQ5OSQ0NjE0ODEjNjEjJDEjJDQjJDgz,16,영상의학과,3,0,우리들병원,병원,강남구
JDQ4MTg4MSM1MSMkMSMkMCMkOTkkMzgxMzUxIzIxIyQxIyQ1IyQ5OSQ0NjE0ODEjNjEjJDEjJDQjJDgz,21,재활의학과,1,0,우리들병원,병원,강남구
JDQ4MTg4MSM1MSMkMSMkMCMkOTkkMzgxMzUxIzMxIyQxIyQzIyQxMyQyNjEwMDIjNDEjJDEjJDgjJDgz,5,정형외과,5,0,원탑병원,병원,강서구
JDQ4MTg4MSM1MSMkMSMkMCMkOTkkMzgxMzUxIzMxIyQxIyQzIyQxMyQyNjEwMDIjNDEjJDEjJDgjJDgz,9,마취통증의학과,0,0,원탑병원,병원,강서구
JDQ4MTg4MSM1MSMkMSMkMCMkOTkkMzgxMzUxIzMxIyQxIyQzIyQxMyQyNjEwMDIjNDEjJDEjJDgjJDgz,16,영상의학과,1,0,원탑병원,병원,강서구
JDQ4MTg4MSM1MSMkMSMkMCMkOTkkMzgxMzUxIzIxIyQxIyQ1IyQxMyQ0NjEwMDIjNjEjJDEjJDAjJDgz,1,내과,1,0,웰튼병원,병원,강서구
JDQ4MTg4MSM1MSMkMSMkMCMkOTkkMzgxMzUxIzIxIyQxIyQ1IyQxMyQ0NjEwMDIjNjEjJDEjJDAjJDgz,4,외과,0,0,웰튼병원,병원,강서구
JDQ4MTg4MSM1MSMkMSMkMCMkOTkkMzgxMzUxIzIxIyQxIyQ1IyQxMyQ0NjEwMDIjNjEjJDEjJDAjJDgz,5,정형외과,3,0,웰튼병원,병원,강서구
JDQ4MTg4MSM1MSMkMSMkMCMkOTkkMzgxMzUxIzIxIyQxIyQ1IyQxMyQ0NjEwMDIjNjEjJDEjJDAjJDgz,6,신경외과,1,0,웰튼병원,병원,강서구
JDQ4MTg4MSM1MSMkMSMkMCMkOTkkMzgxMzUxIzIxIyQxIyQ1IyQxMyQ0NjEwMDIjNjEjJDEjJDAjJDgz,9,마취통증의학과,0,0,웰튼병원,병원,강서구
JDQ4MTg4MSM1MSMkMSMkMCMkOTkkMzgxMzUxIzIxIyQxIyQ1IyQxMyQ0NjEwMDIjNjEjJDEjJDAjJDgz,16,영상의학과,0,0,웰튼병원,병원,강서구
JDQ4MTg4MSM1MSMkMSMkMCMkOTkkMzgxMzUxIzQxIyQxIyQ3IyQwMyQzNjE0ODEjNDEjJDEjJDgjJDgz,1,내과,3,0,위드힘병원,병원,강동구
JDQ4MTg4MSM1MSMkMSMkMCMkOTkkMzgxMzUxIzQxIyQxIyQ3IyQwMyQzNjE0ODEjNDEjJDEjJDgjJDgz,14,피부과,0,0,위드힘병원,병원,강동구
JDQ4MTg4MSM1MSMkMSMkMCMkOTkkMzgxMzUxIzQxIyQxIyQ3IyQwMyQzNjE0ODEjNDEjJDEjJDgjJDgz,17,방사선종양학과,0,0,위드힘병원,병원,강동구
JDQ4MTg4MSM1MSMkMSMkMCMkOTkkMzgxMzUxIzQxIyQxIyQ3IyQwMyQzNjE0ODEjNDEjJDEjJDgjJDgz,21,재활의학과,0,0,위드힘병원,병원,강동구
JDQ4MTg4MSM1MSMkMSMkMCMkOTkkMzgxMzUxIzQxIyQxIyQ3IyQ4MiQzNjEwMDIjNjEjJDEjJDQjJDgz,4,외과,1,0,위비앙병원,병원,마포구
JDQ4MTg4MSM1MSMkMSMkMCMkOTkkMzgxMzUxIzQxIyQxIyQ3IyQ4MiQzNjEwMDIjNjEjJDEjJDQjJDgz,9,마취통증의학과,1,0,위비앙병원,병원,마포구
JDQ4MTg4MSM1MSMkMSMkMCMkOTkkMzgxMzUxIzIxIyQxIyQxIyQ3MiQyNjE0ODEjNjEjJDEjJDQjJDgz,1,내과,0,0,유광사여성병원,병원,강서구
JDQ4MTg4MSM1MSMkMSMkMCMkOTkkMzgxMzUxIzIxIyQxIyQxIyQ3MiQyNjE0ODEjNjEjJDEjJDQjJDgz,4,외과,0,0,유광사여성병원,병원,강서구
JDQ4MTg4MSM1MSMkMSMkMCMkOTkkMzgxMzUxIzIxIyQxIyQxIyQ3MiQyNjE0ODEjNjEjJDEjJDQjJDgz,10,산부인과,5,0,유광사여성병원,병원,강서구
JDQ4MTg4MSM1MSMkMSMkMCMkOTkkMzgxMzUxIzIxIyQxIyQxIyQ3MiQyNjE0ODEjNjEjJDEjJDQjJDgz,11,소아청소년과,1,0,유광사여성병원,병원,강서구
JDQ4MTg4MSM1MSMkMSMkMCMkOTkkMzgxMzUxIzIxIyQxIyQxIyQ5OSQzNjEwMDIjNjEjJDEjJDAjJDgz,8,성형외과,0,0,윤호병원,병원,강남구
JDQ4MTg4MSM1MSMkMSMkMCMkOTkkMzgxMzUxIzIxIyQxIyQxIyQ5OSQzNjEwMDIjNjEjJDEjJDAjJDgz,9,마취통증의학과,0,0,윤호병원,병원,강남구
JDQ4MTg4MSM1MSMkMSMkMCMkOTkkMzgxMzUxIzIxIyQxIyQxIyQ5OSQzNjEwMDIjNjEjJDEjJDAjJDgz,10,산부인과,3,0,윤호병원,병원,강남구
JDQ4MTg4MSM1MSMkMSMkMCMkOTkkMzgxMzUxIzIxIyQxIyQxIyQ5OSQzNjEwMDIjNjEjJDEjJDAjJDgz,11,소아청소년과,0,0,윤호병원,병원,강남구
JDQ4MTg4MSM1MSMkMSMkMCMkOTkkMzgxMzUxIzIxIyQxIyQxIyQ5OSQzNjEwMDIjNjEjJDEjJDAjJDgz,12,안과,0,0,윤호병원,병원,강남구
JDQ4MTg4MSM1MSMkMSMkMCMkOTkkMzgxMzUxIzIxIyQxIyQ5IyQ4MiQyNjE0ODEjNjEjJDEjJDQjJDgz,1,내과,6,0,은평연세병원,병원,은평구
JDQ4MTg4MSM1MSMkMSMkMCMkOTkkMzgxMzUxIzIxIyQxIyQ5IyQ4MiQyNjE0ODEjNjEjJDEjJDQjJDgz,2,신경과,1,0,은평연세병원,병원,은평구
JDQ4MTg4MSM1MSMkMSMkMCMkOTkkMzgxMzUxIzIxIyQxIyQ5IyQ4MiQyNjE0ODEjNjEjJDEjJDQjJDgz,4,외과,4,0,은평연세병원,병원,은평구
JDQ4MTg4MSM1MSMkMSMkMCMkOTkkMzgxMzUxIzIxIyQxIyQ5IyQ4MiQyNjE0ODEjNjEjJDEjJDQjJDgz,5,정형외과,1,0,은평연세병원,병원,은평구
JDQ4MTg4MSM1MSMkMSMkMCMkOTkkMzgxMzUxIzIxIyQxIyQ5IyQ4MiQyNjE0ODEjNjEjJDEjJDQjJDgz,6,신경외과,0,0,은평연세병원,병원,은평구
JDQ4MTg4MSM1MSMkMSMkMCMkOTkkMzgxMzUxIzIxIyQxIyQ5IyQ4MiQyNjE0ODEjNjEjJDEjJDQjJDgz,9,마취통증의학과,1,0,은평연세병원,병원,은평구
JDQ4MTg4MSM1MSMkMSMkMCMkOTkkMzgxMzUxIzIxIyQxIyQ5IyQ4MiQyNjE0ODEjNjEjJDEjJDQjJDgz,11,소아청소년과,0,0,은평연세병원,병원,은평구
JDQ4MTg4MSM1MSMkMSMkMCMkOTkkMzgxMzUxIzIxIyQxIyQ5IyQ4MiQyNjE0ODEjNjEjJDEjJDQjJDgz,16,영상의학과,1,0,은평연세병원,병원,은평구
JDQ4MTg4MSM1MSMkMSMkMCMkOTkkMzgxMzUxIzIxIyQxIyQ5IyQ4MiQyNjE0ODEjNjEjJDEjJDQjJDgz,19,진단검사의학과,0,0,은평연세병원,병원,은평구
JDQ4MTg4MSM1MSMkMSMkMCMkOTkkMzgxMzUxIzIxIyQxIyQ5IyQ4MiQyNjE0ODEjNjEjJDEjJDQjJDgz,23,가정의학과,0,0,은평연세병원,병원,은평구
JDQ4MTg4MSM1MSMkMSMkMCMkOTkkMzgxMzUxIzIxIyQxIyQ5IyQ4MiQyNjE0ODEjNjEjJDEjJDQjJDgz,24,응급의학과,0,0,은평연세병원,병원,은평구
JDQ4MTg4MSM1MSMkMSMkMCMkOTkkMzgxMzUxIzMxIyQyIyQzIyQwMCQ0NjEwMDIjNTEjJDEjJDYjJDgz,1,내과,2,0,의료법인 상원의료재단 강북힘찬병원,병원,도봉구
JDQ4MTg4MSM1MSMkMSMkMCMkOTkkMzgxMzUxIzMxIyQyIyQzIyQwMCQ0NjEwMDIjNTEjJDEjJDYjJDgz,2,신경과,0,0,의료법인 상원의료재단 강북힘찬병원,병원,도봉구
JDQ4MTg4MSM1MSMkMSMkMCMkOTkkMzgxMzUxIzMxIyQyIyQzIyQwMCQ0NjEwMDIjNTEjJDEjJDYjJDgz,5,정형외과,4,0,의료법인 상원의료재단 강북힘찬병원,병원,도봉구
JDQ4MTg4MSM1MSMkMSMkMCMkOTkkMzgxMzUxIzMxIyQyIyQzIyQwMCQ0NjEwMDIjNTEjJDEjJDYjJDgz,6,신경외과,2,0,의료법인 상원의료재단 강북힘찬병원,병원,도봉구
JDQ4MTg4MSM1MSMkMSMkMCMkOTkkMzgxMzUxIzMxIyQyIyQzIyQwMCQ0NjEwMDIjNTEjJDEjJDYjJDgz,9,마취통증의학과,1,0,의료법인 상원의료재단 강북힘찬병원,병원,도봉구
JDQ4MTg4MSM1MSMkMSMkMCMkOTkkMzgxMzUxIzMxIyQyIyQzIyQwMCQ0NjEwMDIjNTEjJDEjJDYjJDgz,16,영상의학과,1,0,의료법인 상원의료재단 강북힘찬병원,병원,도봉구
JDQ4MTg4MSM1MSMkMSMkMCMkOTkkMzgxMzUxIzMxIyQyIyQzIyQwMCQ0NjEwMDIjNTEjJDEjJDYjJDgz,19,진단검사의학과,0,0,의료법인 상원의료재단 강북힘찬병원,병원,도봉구
JDQ4MTg4MSM1MSMkMSMkMCMkOTkkMzgxMzUxIzQxIyQxIyQ3IyQ4MiQyNjE4MzIjODEjJDEjJDYjJDgz,1,내과,0,0,의료법인 서울효천의료재단 에이치플러스재활자립병원,병원,구로구
JDQ4MTg4MSM1MSMkMSMkMCMkOTkkMzgxMzUxIzQxIyQxIyQ3IyQ4MiQyNjE4MzIjODEjJDEjJDYjJDgz,21,재활의학과,4,0,의료법인 서울효천의료재단 에이치플러스재활자립병원,병원,구로구
JDQ4MTg4MSM1MSMkMSMkMCMkOTkkMzgxMzUxIzQxIyQxIyQ3IyQ4MiQyNjE4MzIjODEjJDEjJDYjJDgz,88,한방응급,0,0,의료법인 서울효천의료재단 에이치플러스재활자립병원,병원,구로구
JDQ4MTg4MSM1MSMkMSMkMCMkOTkkMzgxMzUxIzMxIyQxIyQ3IyQxMyQzNjE0ODEjNTEjJDEjJDIjJDgz,1,내과,1,0,의료법인 성누가의료재단 성누가병원,병원,은평구
JDQ4MTg4MSM1MSMkMSMkMCMkOTkkMzgxMzUxIzMxIyQxIyQ3IyQxMyQzNjE0ODEjNTEjJDEjJDIjJDgz,5,정형외과,2,0,의료법인 성누가의료재단 성누가병원,병원,은평구
JDQ4MTg4MSM1MSMkMSMkMCMkOTkkMzgxMzUxIzMxIyQxIyQ3IyQxMyQzNjE0ODEjNTEjJDEjJDIjJDgz,56,구강내과,0,0,의료법인 성누가의료재단 성누가병원,병원,은평구
JDQ4MTg4MSM1MSMkMSMkMCMkOTkkMzgxMzUxIzMxIyQxIyQ3IyQxMyQzNjE0ODEjNTEjJDEjJDIjJDgz,59,예방치과,1,0,의료법인 성누가의료재단 성누가병원,병원,은평구
JDQ4MTg4MSM1MSMkMSMkMCMkOTkkMzgxMzUxIzMxIyQxIyQ3IyQxMyQzNjE0ODEjNTEjJDEjJDIjJDgz,61,통합치의학과,0,0,의료법인 성누가의료재단 성누가병원,병원,은평구
JDQ4MTg4MSM1MSMkMSMkMCMkOTkkMzgxMzUxIzMxIyQxIyQ3IyQxMyQzNjE0ODEjNTEjJDEjJDIjJDgz,80,한방내과,0,0,의료법인 성누가의료재단 성누가병원,병원,은평구
JDQ4MTg4MSM1MSMkMSMkMCMkOTkkMzgxMzUxIzMxIyQxIyQ3IyQxMyQzNjE0ODEjNTEjJDEjJDIjJDgz,81,한방부인과,0,0,의료법인 성누가의료재단 성누가병원,병원,은평구
JDQ4MTg4MSM1MSMkMSMkMCMkOTkkMzgxMzUxIzMxIyQxIyQ3IyQxMyQzNjE0ODEjNTEjJDEjJDIjJDgz,85,침구과,0,0,의료법인 성누가의료재단 성누가병원,병원,은평구
JDQ4MTg4MSM1MSMkMSMkMCMkOTkkMzgxMzUxIzMxIyQxIyQ3IyQwMyQzNjEyMjIjNDEjJDEjJDgjJDgz,1,내과,0,0,의료법인 우리아이들 의료재단 우리아이들병원,병원,구로구
JDQ4MTg4MSM1MSMkMSMkMCMkOTkkMzgxMzUxIzMxIyQxIyQ3IyQwMyQzNjEyMjIjNDEjJDEjJDgjJDgz,3,정신건강의학과,3,0,의료법인 우리아이들 의료재단 우리아이들병원,병원,구로구
JDQ4MTg4MSM1MSMkMSMkMCMkOTkkMzgxMzUxIzMxIyQxIyQ3IyQwMyQzNjEyMjIjNDEjJDEjJDgjJDgz,11,소아청소년과,18,0,의료법인 우리아이들 의료재단 우리아이들병원,병원,구로구
JDQ4MTg4MSM1MSMkMSMkMCMkOTkkMzgxMzUxIzMxIyQxIyQ3IyQwMyQzNjEyMjIjNDEjJDEjJDgjJDgz,12,안과,0,0,의료법인 우리아이들 의료재단 우리아이들병원,병원,구로구
JDQ4MTg4MSM1MSMkMSMkMCMkOTkkMzgxMzUxIzMxIyQxIyQ3IyQwMyQzNjEyMjIjNDEjJDEjJDgjJDgz,13,이비인후과,0,0,의료법인 우리아이들 의료재단 우리아이들병원,병원,구로구
JDQ4MTg4MSM1MSMkMSMkMCMkOTkkMzgxMzUxIzMxIyQxIyQ3IyQwMyQzNjEyMjIjNDEjJDEjJDgjJDgz,14,피부과,0,0,의료법인 우리아이들 의료재단 우리아이들병원,병원,구로구
JDQ4MTg4MSM1MSMkMSMkMCMkOTkkMzgxMzUxIzMxIyQxIyQ3IyQwMyQzNjEyMjIjNDEjJDEjJDgjJDgz,15,비뇨의학과,0,0,의료법인 우리아이들 의료재단 우리아이들병원,병원,구로구
JDQ4MTg4MSM1MSMkMSMkMCMkOTkkMzgxMzUxIzMxIyQxIyQ3IyQwMyQzNjEyMjIjNDEjJDEjJDgjJDgz,16,영상의학과,1,0,의료법인 우리아이들 의료재단 우리아이들병원,병원,구로구
JDQ4MTg4MSM1MSMkMSMkMCMkOTkkMzgxMzUxIzMxIyQxIyQ3IyQwMyQzNjEyMjIjNDEjJDEjJDgjJDgz,23,가정의학과,0,0,의료법인 우리아이들 의료재단 우리아이들병원,병원,구로구
JDQ4MTg4MSM1MSMkMSMkMCMkOTkkMzgxMzUxIzMxIyQxIyQ3IyQwMyQzNjEyMjIjNDEjJDEjJDgjJDgz,53,소아치과,1,0,의료법인 우리아이들 의료재단 우리아이들병원,병원,구로구
JDQ4MTg4MSM1MSMkMSMkMCMkOTkkMzgxMzUxIzMxIyQxIyQ3IyQwMyQzNjEyMjIjNDEjJDEjJDgjJDgz,56,구강내과,0,0,의료법인 우리아이들 의료재단 우리아이들병원,병원,구로구
JDQ4MTg4MSM1MSMkMSMkMCMkOTkkMzgxMzUxIzExIyQxIyQzIyQ5MiQzNjEyMjIjNjEjJDEjJDgjJDgz,1,내과,0,0,의료법인 우신향병원,병원,성북구
JDQ4MTg4MSM1MSMkMSMkMCMkOTkkMzgxMzUxIzExIyQxIyQzIyQ5MiQzNjEyMjIjNjEjJDEjJDgjJDgz,4,외과,0,0,의료법인 우신향병원,병원,성북구
JDQ4MTg4MSM1MSMkMSMkMCMkOTkkMzgxMzUxIzExIyQxIyQzIyQ5MiQzNjEyMjIjNjEjJDEjJDgjJDgz,5,정형외과,2,0,의료법인 우신향병원,병원,성북구
JDQ4MTg4MSM1MSMkMSMkMCMkOTkkMzgxMzUxIzExIyQxIyQzIyQ5MiQzNjEyMjIjNjEjJDEjJDgjJDgz,6,신경외과,3,0,의료법인 우신향병원,병원,성북구
JDQ4MTg4MSM1MSMkMSMkMCMkOTkkMzgxMzUxIzExIyQxIyQzIyQ5MiQzNjEyMjIjNjEjJDEjJDgjJDgz,9,마취통증의학과,1,0,의료법인 우신향병원,병원,성북구
JDQ4MTg4MSM1MSMkMSMkMCMkOTkkMzgxMzUxIzExIyQxIyQzIyQ5MiQzNjEyMjIjNjEjJDEjJDgjJDgz,15,비뇨의학과,0,0,의료법인 우신향병원,병원,성북구
JDQ4MTg4MSM1MSMkMSMkMCMkOTkkMzgxMzUxIzExIyQxIyQzIyQ5MiQzNjEyMjIjNjEjJDEjJDgjJDgz,16,영상의학과,1,0,의료법인 우신향병원,병원,성북구
JDQ4MTg4MSM1MSMkMSMkMCMkOTkkMzgxMzUxIzExIyQxIyQzIyQ5MiQzNjEyMjIjNjEjJDEjJDgjJDgz,21,재활의학과,0,0,의료법인 우신향병원,병원,성북구
JDQ4MTg4MSM1MSMkMSMkMCMkOTkkMzgxMzUxIzExIyQxIyQ3IyQ5MiQyNjE0ODEjNTEjJDEjJDYjJDgz,1,내과,6,0,의료법인 인봉의료재단 영등포병원,병원,영등포구
JDQ4MTg4MSM1MSMkMSMkMCMkOTkkMzgxMzUxIzExIyQxIyQ3IyQ5MiQyNjE0ODEjNTEjJDEjJDYjJDgz,2,신경과,1,0,의료법인 인봉의료재단 영등포병원,병원,영등포구
JDQ4MTg4MSM1MSMkMSMkMCMkOTkkMzgxMzUxIzExIyQxIyQ3IyQ5MiQyNjE0ODEjNTEjJDEjJDYjJDgz,4,외과,2,0,의료법인 인봉의료재단 영등포병원,병원,영등포구
JDQ4MTg4MSM1MSMkMSMkMCMkOTkkMzgxMzUxIzExIyQxIyQ3IyQ5MiQyNjE0ODEjNTEjJDEjJDYjJDgz,5,정형외과,1,0,의료법인 인봉의료재단 영등포병원,병원,영등포구
JDQ4MTg4MSM1MSMkMSMkMCMkOTkkMzgxMzUxIzExIyQxIyQ3IyQ5MiQyNjE0ODEjNTEjJDEjJDYjJDgz,6,신경외과,2,0,의료법인 인봉의료재단 영등포병원,병원,영등포구
JDQ4MTg4MSM1MSMkMSMkMCMkOTkkMzgxMzUxIzExIyQxIyQ3IyQ5MiQyNjE0ODEjNTEjJDEjJDYjJDgz,9,마취통증의학과,1,0,의료법인 인봉의료재단 영등포병원,병원,영등포구
JDQ4MTg4MSM1MSMkMSMkMCMkOTkkMzgxMzUxIzExIyQxIyQ3IyQ5MiQyNjE0ODEjNTEjJDEjJDYjJDgz,10,산부인과,0,0,의료법인 인봉의료재단 영등포병원,병원,영등포구
JDQ4MTg4MSM1MSMkMSMkMCMkOTkkMzgxMzUxIzExIyQxIyQ3IyQ5MiQyNjE0ODEjNTEjJDEjJDYjJDgz,15,비뇨의학과,1,0,의료법인 인봉의료재단 영등포병원,병원,영등포구
JDQ4MTg4MSM1MSMkMSMkMCMkOTkkMzgxMzUxIzExIyQxIyQ3IyQ5MiQyNjE0ODEjNTEjJDEjJDYjJDgz,16,영상의학과,1,0,의료법인 인봉의료재단 영등포병원,병원,영등포구
JDQ4MTg4MSM1MSMkMSMkMCMkOTkkMzgxMzUxIzExIyQxIyQ3IyQ5MiQyNjE0ODEjNTEjJDEjJDYjJDgz,19,진단검사의학과,0,0,의료법인 인봉의료재단 영등포병원,병원,영등포구
JDQ4MTg4MSM1MSMkMSMkMCMkOTkkMzgxMzUxIzExIyQxIyQ3IyQ5MiQyNjE0ODEjNTEjJDEjJDYjJDgz,21,재활의학과,0,0,의료법인 인봉의료재단 영등포병원,병원,영등포구
JDQ4MTg4MSM1MSMkMSMkMCMkOTkkMzgxMzUxIzExIyQxIyQ3IyQ5MiQyNjE0ODEjNTEjJDEjJDYjJDgz,25,직업환경의학과,2,0,의료법인 인봉의료재단 영등포병원,병원,영등포구
JDQ4MTg4MSM1MSMkMSMkMCMkOTkkMzgxMzUxIzIxIyQxIyQ1IyQ3MiQzNjE4MzIjODEjJDEjJDYjJDgz,1,내과,2,0,의료법인 청해의료재단 제일병원,병원,서초구
JDQ4MTg4MSM1MSMkMSMkMCMkOTkkMzgxMzUxIzIxIyQxIyQ1IyQ3MiQzNjE4MzIjODEjJDEjJDYjJDgz,4,외과,0,0,의료법인 청해의료재단 제일병원,병원,서초구
JDQ4MTg4MSM1MSMkMSMkMCMkOTkkMzgxMzUxIzIxIyQxIyQ1IyQ3MiQzNjE4MzIjODEjJDEjJDYjJDgz,5,정형외과,0,0,의료법인 청해의료재단 제일병원,병원,서초구
JDQ4MTg4MSM1MSMkMSMkMCMkOTkkMzgxMzUxIzIxIyQxIyQ1IyQ3MiQzNjE4MzIjODEjJDEjJDYjJDgz,6,신경외과,0,0,의료법인 청해의료재단 제일병원,병원,서초구
JDQ4MTg4MSM1MSMkMSMkMCMkOTkkMzgxMzUxIzIxIyQxIyQ1IyQ3MiQzNjE4MzIjODEjJDEjJDYjJDgz,8,성형외과,0,0,의료법인 청해의료재단 제일병원,병원,서초구
JDQ4MTg4MSM1MSMkMSMkMCMkOTkkMzgxMzUxIzIxIyQxIyQ1IyQ3MiQzNjE4MzIjODEjJDEjJDYjJDgz,11,소아청소년과,0,0,의료법인 청해의료재단 제일병원,병원,서초구
JDQ4MTg4MSM1MSMkMSMkMCMkOTkkMzgxMzUxIzIxIyQxIyQ1IyQ3MiQzNjE4MzIjODEjJDEjJDYjJDgz,14,피부과,0,0,의료법인 청해의료재단 제일병원,병원,서초구
JDQ4MTg4MSM1MSMkMSMkMCMkOTkkMzgxMzUxIzIxIyQxIyQ1IyQ3MiQzNjE4MzIjODEjJDEjJDYjJDgz,15,비뇨의학과,0,0,의료법인 청해의료재단 제일병원,병원,서초구
JDQ4MTg4MSM1MSMkMSMkMCMkOTkkMzgxMzUxIzMxIyQxIyQzIyQ4MiQyNjEyMjIjODEjJDEjJDIjJDgz,1,내과,0,0,의료법인 춘혜의료재단 명지춘혜재활병원,병원,영등포구
JDQ4MTg4MSM1MSMkMSMkMCMkOTkkMzgxMzUxIzMxIyQxIyQzIyQ4MiQyNjEyMjIjODEjJDEjJDIjJDgz,2,신경과,0,0,의료법인 춘혜의료재단 명지춘혜재활병원,병원,영등포구
JDQ4MTg4MSM1MSMkMSMkMCMkOTkkMzgxMzUxIzMxIyQxIyQzIyQ4MiQyNjEyMjIjODEjJDEjJDIjJDgz,5,정형외과,0,0,의료법인 춘혜의료재단 명지춘혜재활병원,병원,영등포구
JDQ4MTg4MSM1MSMkMSMkMCMkOTkkMzgxMzUxIzMxIyQxIyQzIyQ4MiQyNjEyMjIjODEjJDEjJDIjJDgz,6,신경외과,0,0,의료법인 춘혜의료재단 명지춘혜재활병원,병원,영등포구
JDQ4MTg4MSM1MSMkMSMkMCMkOTkkMzgxMzUxIzMxIyQxIyQzIyQ4MiQyNjEyMjIjODEjJDEjJDIjJDgz,21,재활의학과,6,0,의료법인 춘혜의료재단 명지춘혜재활병원,병원,영등포구
JDQ4MTg4MSM1MSMkMSMkMCMkOTkkMzgxMzUxIzMxIyQxIyQzIyQ4MiQyNjEyMjIjODEjJDEjJDIjJDgz,23,가정의학과,0,0,의료법인 춘혜의료재단 명지춘혜재활병원,병원,영등포구
JDQ4MTg4MSM1MSMkMSMkMCMkOTkkMzgxMzUxIzMxIyQxIyQzIyQ4MiQyNjEyMjIjODEjJDEjJDIjJDgz,80,한방내과,2,0,의료법인 춘혜의료재단 명지춘혜재활병원,병원,영등포구
JDQ4MTg4MSM1MSMkMSMkMCMkOTkkMzgxMzUxIzMxIyQxIyQzIyQ4MiQyNjEyMjIjODEjJDEjJDIjJDgz,86,한방재활의학과,0,0,의료법인 춘혜의료재단 명지춘혜재활병원,병원,영등포구
JDQ4MTg4MSM1MSMkMSMkMCMkOTkkMzgxMzUxIzIxIyQxIyQ1IyQ2MiQzNjEyMjIjNTEjJDEjJDYjJDgz,10,산부인과,7,0,의료법인마리아의료재단마리아병원,병원,동대문구
JDQ4MTg4MSM1MSMkMSMkMCMkOTkkMzgxMzUxIzIxIyQxIyQ1IyQ2MiQzNjEyMjIjNTEjJDEjJDYjJDgz,15,비뇨의학과,1,0,의료법인마리아의료재단마리아병원,병원,동대문구
JDQ4MTg4MSM1MSMkMSMkMCMkOTkkMzgxMzUxIzMxIyQxIyQzIyQ3OSQzNjE4MzIjNjEjJDEjJDQjJDgz,10,산부인과,6,0,의료법인마리아의료재단마리아병원,병원,송파구
JDQ4MTg4MSM1MSMkMSMkMCMkOTkkMzgxMzUxIzMxIyQxIyQzIyQ3MiQyNjE0ODEjNjEjJDEjJDAjJDgz,1,내과,0,0,의료법인서광의료재단 성북중앙병원,병원,성북구
JDQ4MTg4MSM1MSMkMSMkMCMkOTkkMzgxMzUxIzMxIyQxIyQzIyQ3MiQyNjE0ODEjNjEjJDEjJDAjJDgz,4,외과,0,0,의료법인서광의료재단 성북중앙병원,병원,성북구
JDQ4MTg4MSM1MSMkMSMkMCMkOTkkMzgxMzUxIzMxIyQxIyQzIyQ3MiQyNjE0ODEjNjEjJDEjJDAjJDgz,5,정형외과,0,0,의료법인서광의료재단 성북중앙병원,병원,성북구
JDQ4MTg4MSM1MSMkMSMkMCMkOTkkMzgxMzUxIzMxIyQxIyQzIyQ3MiQyNjE0ODEjNjEjJDEjJDAjJDgz,6,신경외과,0,0,의료법인서광의료재단 성북중앙병원,병원,성북구
JDQ4MTg4MSM1MSMkMSMkMCMkOTkkMzgxMzUxIzMxIyQxIyQzIyQ3MiQyNjE0ODEjNjEjJDEjJDAjJDgz,8,성형외과,0,0,의료법인서광의료재단 성북중앙병원,병원,성북구
JDQ4MTg4MSM1MSMkMSMkMCMkOTkkMzgxMzUxIzMxIyQxIyQzIyQ3MiQyNjE0ODEjNjEjJDEjJDAjJDgz,9,마취통증의학과,0,0,의료법인서광의료재단 성북중앙병원,병원,성북구
JDQ4MTg4MSM1MSMkMSMkMCMkOTkkMzgxMzUxIzMxIyQxIyQzIyQ3MiQyNjE0ODEjNjEjJDEjJDAjJDgz,11,소아청소년과,0,0,의료법인서광의료재단 성북중앙병원,병원,성북구
JDQ4MTg4MSM1MSMkMSMkMCMkOTkkMzgxMzUxIzMxIyQxIyQzIyQ3MiQyNjE0ODEjNjEjJDEjJDAjJDgz,14,피부과,0,0,의료법인서광의료재단 성북중앙병원,병원,성북구
JDQ4MTg4MSM1MSMkMSMkMCMkOTkkMzgxMzUxIzMxIyQxIyQzIyQ3MiQyNjE0ODEjNjEjJDEjJDAjJDgz,15,비뇨의학과,0,0,의료법인서광의료재단 성북중앙병원,병원,성북구
JDQ4MTg4MSM1MSMkMSMkMCMkOTkkMzgxMzUxIzMxIyQxIyQzIyQ3MiQyNjE0ODEjNjEjJDEjJDAjJDgz,16,영상의학과,0,0,의료법인서광의료재단 성북중앙병원,병원,성북구
JDQ4MTg4MSM1MSMkMSMkMCMkOTkkMzgxMzUxIzMxIyQxIyQzIyQ3MiQyNjE0ODEjNjEjJDEjJDAjJDgz,19,진단검사의학과,0,0,의료법인서광의료재단 성북중앙병원,병원,성북구
JDQ4MTg4MSM1MSMkMSMkMCMkOTkkMzgxMzUxIzMxIyQxIyQzIyQ3MiQyNjE0ODEjNjEjJDEjJDAjJDgz,21,재활의학과,0,0,의료법인서광의료재단 성북중앙병원,병원,성북구
JDQ4MTg4MSM1MSMkMSMkMCMkOTkkMzgxMzUxIzMxIyQxIyQzIyQ3MiQyNjE0ODEjNjEjJDEjJDAjJDgz,23,가정의학과,0,0,의료법인서광의료재단 성북중앙병원,병원,성북구
JDQ4MTg4MSM1MSMkMSMkMCMkOTkkMzgxMzUxIzMxIyQxIyQzIyQ3MiQyNjE0ODEjNjEjJDEjJDAjJDgz,24,응급의학과,0,0,의료법인서광의료재단 성북중앙병원,병원,성북구
JDQ4MTg4MSM1MSMkMSMkMCMkOTkkMzgxMzUxIzIxIyQxIyQ1IyQ3OSQzNjE0ODEjODEjJDEjJDIjJDgz,5,정형외과,0,0,의료법인정애의료재단서울초이스병원,병원,송파구
JDQ4MTg4MSM1MSMkMSMkMCMkOTkkMzgxMzUxIzIxIyQxIyQ1IyQ3OSQzNjE0ODEjODEjJDEjJDIjJDgz,6,신경외과,1,0,의료법인정애의료재단서울초이스병원,병원,송파구
JDQ4MTg4MSM1MSMkMSMkMCMkOTkkMzgxMzUxIzIxIyQxIyQ1IyQ3OSQzNjE0ODEjODEjJDEjJDIjJDgz,9,마취통증의학과,0,0,의료법인정애의료재단서울초이스병원,병원,송파구
JDQ4MTg4MSM1MSMkMSMkMCMkOTkkMzgxMzUxIzIxIyQxIyQ1IyQ3OSQzNjE0ODEjODEjJDEjJDIjJDgz,16,영상의학과,0,0,의료법인정애의료재단서울초이스병원,병원,송파구
JDQ4MTg4MSM1MSMkMSMkMCMkOTkkMzgxMzUxIzIxIyQxIyQ5IyQ5OSQzNjEwMDIjNzEjJDEjJDgjJDgz,1,내과,0,0,의료법인한국의료재단프라임병원,병원,중랑구
JDQ4MTg4MSM1MSMkMSMkMCMkOTkkMzgxMzUxIzIxIyQxIyQ5IyQ5OSQzNjEwMDIjNzEjJDEjJDgjJDgz,5,정형외과,0,0,의료법인한국의료재단프라임병원,병원,중랑구
JDQ4MTg4MSM1MSMkMSMkMCMkOTkkMzgxMzUxIzIxIyQxIyQ5IyQ5OSQzNjEwMDIjNzEjJDEjJDgjJDgz,6,신경외과,0,0,의료법인한국의료재단프라임병원,병원,중랑구
JDQ4MTg4MSM1MSMkMSMkMCMkOTkkMzgxMzUxIzIxIyQxIyQ5IyQ5OSQzNjEwMDIjNzEjJDEjJDgjJDgz,9,마취통증의학과,1,0,의료법인한국의료재단프라임병원,병원,중랑구
JDQ4MTg4MSM1MSMkMSMkMCMkOTkkMzgxMzUxIzIxIyQxIyQ5IyQ5OSQzNjEwMDIjNzEjJDEjJDgjJDgz,21,재활의학과,0,0,의료법인한국의료재단프라임병원,병원,중랑구
JDQ4MTg4MSM1MSMkMSMkMCMkOTkkMzgxMzUxIzIxIyQxIyQxIyQwMyQzNjE4MzIjNjEjJDEjJDAjJDgz,1,내과,0,0,인정병원,병원,은평구
JDQ4MTg4MSM1MSMkMSMkMCMkOTkkMzgxMzUxIzIxIyQxIyQxIyQwMyQzNjE4MzIjNjEjJDEjJDAjJDgz,9,마취통증의학과,1,0,인정병원,병원,은평구
JDQ4MTg4MSM1MSMkMSMkMCMkOTkkMzgxMzUxIzIxIyQxIyQxIyQwMyQzNjE4MzIjNjEjJDEjJDAjJDgz,10,산부인과,6,0,인정병원,병원,은평구
JDQ4MTg4MSM1MSMkMSMkMCMkOTkkMzgxMzUxIzIxIyQxIyQxIyQwMyQzNjE4MzIjNjEjJDEjJDAjJDgz,11,소아청소년과,0,0,인정병원,병원,은평구
JDQ4MTg4MSM1MSMkMSMkMCMkOTkkMzgxMzUxIzIxIyQxIyQxIyQwMyQzNjE4MzIjNjEjJDEjJDAjJDgz,16,영상의학과,1,0,인정병원,병원,은평구
JDQ4MTg4MSM1MSMkMSMkMCMkOTkkMzgxMzUxIzIxIyQxIyQ5IyQwMyQyNjE0ODEjNDEjJDEjJDQjJDgz,15,비뇨의학과,2,0,자이비뇨의학과병원,병원,서초구
JDQ4MTg4MSM1MSMkMSMkOCMkOTkkMzgxMzUxIzExIyQxIyQzIyQ3OSQyNjEyMjIjNDEjJDEjJDQjJDgz,1,내과,0,0,장스여성병원,병원,중랑구
JDQ4MTg4MSM1MSMkMSMkOCMkOTkkMzgxMzUxIzExIyQxIyQzIyQ3OSQyNjEyMjIjNDEjJDEjJDQjJDgz,10,산부인과,8,0,장스여성병원,병원,중랑구
JDQ4MTg4MSM1MSMkMSMkOCMkOTkkMzgxMzUxIzExIyQxIyQzIyQ3OSQyNjEyMjIjNDEjJDEjJDQjJDgz,11,소아청소년과,0,0,장스여성병원,병원,중랑구
JDQ4MTg4MSM1MSMkMSMkOCMkOTkkMzgxMzUxIzExIyQxIyQzIyQ3OSQyNjEyMjIjNDEjJDEjJDQjJDgz,16,영상의학과,0,0,장스여성병원,병원,중랑구
JDQ4MTg4MSM1MSMkMSMkOCMkOTkkMzgxMzUxIzExIyQxIyQzIyQ3OSQyNjEyMjIjNDEjJDEjJDQjJDgz,19,진단검사의학과,0,0,장스여성병원,병원,중랑구
JDQ4MTg4MSM1MSMkMSMkMCMkOTkkMzgxMzUxIzQxIyQyIyQ3IyQwMCQzNjEyMjIjNDEjJDEjJDgjJDgz,1,내과,3,0,장튼위튼병원,병원,관악구
JDQ4MTg4MSM1MSMkMSMkMCMkOTkkMzgxMzUxIzQxIyQyIyQ3IyQwMCQzNjEyMjIjNDEjJDEjJDgjJDgz,4,외과,3,0,장튼위튼병원,병원,관악구
JDQ4MTg4MSM1MSMkMSMkMCMkOTkkMzgxMzUxIzQxIyQyIyQ3IyQwMCQzNjEyMjIjNDEjJDEjJDgjJDgz,16,영상의학과,1,0,장튼위튼병원,병원,관악구
JDQ4MTg4MSM1MSMkMSMkMCMkOTkkMzgxMzUxIzQxIyQyIyQ3IyQwMCQzNjEyMjIjNDEjJDEjJDgjJDgz,23,가정의학과,1,0,장튼위튼병원,병원,관악구
JDQ4MTg4MSM1MSMkMSMkMCMkOTkkMzgxMzUxIzIxIyQxIyQ5IyQ4OSQyNjE4MzIjNTEjJDEjJDYjJDgz,1,내과,1,0,정동병원,병원,동작구
JDQ4MTg4MSM1MSMkMSMkMCMkOTkkMzgxMzUxIzIxIyQxIyQ5IyQ4OSQyNjE4MzIjNTEjJDEjJDYjJDgz,5,정형외과,3,0,정동병원,병원,동작구
JDQ4MTg4MSM1MSMkMSMkMCMkOTkkMzgxMzUxIzIxIyQxIyQ5IyQ4OSQyNjE4MzIjNTEjJDEjJDYjJDgz,6,신경외과,0,0,정동병원,병원,동작구
JDQ4MTg4MSM1MSMkMSMkMCMkOTkkMzgxMzUxIzIxIyQxIyQ5IyQ4OSQyNjE4MzIjNTEjJDEjJDYjJDgz,9,마취통증의학과,1,0,정동병원,병원,동작구
JDQ4MTg4MSM1MSMkMSMkMCMkOTkkMzgxMzUxIzIxIyQxIyQ5IyQ4OSQyNjE4MzIjNTEjJDEjJDYjJDgz,16,영상의학과,1,0,정동병원,병원,동작구
JDQ4MTg4MSM1MSMkMSMkMCMkOTkkMzgxMzUxIzUxIyQxIyQxIyQ5OSQyNjEwMDIjNDEjJDEjJDQjJDgz,1,내과,1,0,정석병원,병원,노원구
JDQ4MTg4MSM1MSMkMSMkMCMkOTkkMzgxMzUxIzUxIyQxIyQxIyQ5OSQyNjEwMDIjNDEjJDEjJDQjJDgz,5,정형외과,4,0,정석병원,병원,노원구
JDQ4MTg4MSM1MSMkMSMkMCMkOTkkMzgxMzUxIzUxIyQxIyQxIyQ5OSQyNjEwMDIjNDEjJDEjJDQjJDgz,6,신경외과,0,0,정석병원,병원,노원구
JDQ4MTg4MSM1MSMkMSMkMCMkOTkkMzgxMzUxIzUxIyQxIyQxIyQ5OSQyNjEwMDIjNDEjJDEjJDQjJDgz,9,마취통증의학과,0,0,정석병원,병원,노원구
JDQ4MTg4MSM1MSMkMSMkMCMkOTkkMzgxMzUxIzUxIyQxIyQxIyQ5OSQyNjEwMDIjNDEjJDEjJDQjJDgz,16,영상의학과,1,0,정석병원,병원,노원구
JDQ4MTg4MSM1MSMkMSMkMCMkOTkkMzgxMzUxIzMxIyQxIyQzIyQ5OSQyNjE4MzIjNzEjJDEjJDgjJDgz,1,내과,0,0,제니스병원,병원,광진구
JDQ4MTg4MSM1MSMkMSMkMCMkOTkkMzgxMzUxIzMxIyQxIyQzIyQ5OSQyNjE4MzIjNzEjJDEjJDgjJDgz,2,신경과,0,0,제니스병원,병원,광진구
JDQ4MTg4MSM1MSMkMSMkMCMkOTkkMzgxMzUxIzMxIyQxIyQzIyQ5OSQyNjE4MzIjNzEjJDEjJDgjJDgz,9,마취통증의학과,0,0,제니스병원,병원,광진구
JDQ4MTg4MSM1MSMkMSMkMCMkOTkkMzgxMzUxIzMxIyQxIyQzIyQ5OSQyNjE4MzIjNzEjJDEjJDgjJDgz,21,재활의학과,3,0,제니스병원,병원,광진구
JDQ4MTg4MSM1MSMkMSMkMCMkOTkkMzgxMzUxIzMxIyQxIyQzIyQ5OSQyNjE4MzIjNzEjJDEjJDgjJDgz,23,가정의학과,0,0,제니스병원,병원,광진구
JDQ4MTg4MSM1MSMkMSMkMCMkOTkkMzgxMzUxIzMxIyQxIyQ3IyQ5OSQyNjE4MzIjNTEjJDEjJDYjJDgz,1,내과,2,0,제일정형외과병원,병원,강남구
JDQ4MTg4MSM1MSMkMSMkMCMkOTkkMzgxMzUxIzMxIyQxIyQ3IyQ5OSQyNjE4MzIjNTEjJDEjJDYjJDgz,5,정형외과,8,0,제일정형외과병원,병원,강남구
JDQ4MTg4MSM1MSMkMSMkMCMkOTkkMzgxMzUxIzMxIyQxIyQ3IyQ5OSQyNjE4MzIjNTEjJDEjJDYjJDgz,6,신경외과,4,0,제일정형외과병원,병원,강남구
JDQ4MTg4MSM1MSMkMSMkMCMkOTkkMzgxMzUxIzMxIyQxIyQ3IyQ5OSQyNjE4MzIjNTEjJDEjJDYjJDgz,7,심장혈관흉부외과,0,0,제일정형외과병원,병원,강남구
JDQ4MTg4MSM1MSMkMSMkMCMkOTkkMzgxMzUxIzMxIyQxIyQ3IyQ5OSQyNjE4MzIjNTEjJDEjJDYjJDgz,9,마취통증의학과,2,0,제일정형외과병원,병원,강남구
JDQ4MTg4MSM1MSMkMSMkMCMkOTkkMzgxMzUxIzMxIyQxIyQ3IyQ5OSQyNjE4MzIjNTEjJDEjJDYjJDgz,16,영상의학과,2,0,제일정형외과병원,병원,강남구
JDQ4MTg4MSM1MSMkMSMkMCMkOTkkMzgxMzUxIzMxIyQxIyQ3IyQ5OSQyNjE4MzIjNTEjJDEjJDYjJDgz,21,재활의학과,1,0,제일정형외과병원,병원,강남구
JDQ4MTg4MSM1MSMkMSMkMCMkOTkkMzgxMzUxIzMxIyQxIyQ3IyQ5OSQyNjE4MzIjNTEjJDEjJDYjJDgz,23,가정의학과,0,0,제일정형외과병원,병원,강남구
JDQ4MTg4MSM1MSMkMSMkMCMkOTkkMzgxMzUxIzMxIyQxIyQ3IyQ4MiQzNjEyMjIjNzEjJDEjJDgjJDgz,1,내과,1,0,조앤조병원,병원,중랑구
JDQ4MTg4MSM1MSMkMSMkMCMkOTkkMzgxMzUxIzMxIyQxIyQ3IyQ4MiQzNjEyMjIjNzEjJDEjJDgjJDgz,4,외과,0,0,조앤조병원,병원,중랑구
JDQ4MTg4MSM1MSMkMSMkMCMkOTkkMzgxMzUxIzMxIyQxIyQ3IyQ4MiQzNjEyMjIjNzEjJDEjJDgjJDgz,5,정형외과,2,0,조앤조병원,병원,중랑구
JDQ4MTg4MSM1MSMkMSMkMCMkOTkkMzgxMzUxIzMxIyQxIyQ3IyQ4MiQzNjEyMjIjNzEjJDEjJDgjJDgz,6,신경외과,1,0,조앤조병원,병원,중랑구
JDQ4MTg4MSM1MSMkMSMkMCMkOTkkMzgxMzUxIzMxIyQxIyQ3IyQ4MiQzNjEyMjIjNzEjJDEjJDgjJDgz,9,마취통증의학과,0,0,조앤조병원,병원,중랑구
JDQ4MTg4MSM1MSMkMSMkMCMkOTkkMzgxMzUxIzMxIyQxIyQ3IyQ4MiQzNjEyMjIjNzEjJDEjJDgjJDgz,14,피부과,0,0,조앤조병원,병원,중랑구
JDQ4MTg4MSM1MSMkMSMkMCMkOTkkMzgxMzUxIzMxIyQxIyQ3IyQ4MiQzNjEyMjIjNzEjJDEjJDgjJDgz,15,비뇨의학과,0,0,조앤조병원,병원,중랑구
JDQ4MTg4MSM1MSMkMSMkMCMkOTkkMzgxMzUxIzMxIyQxIyQ3IyQ4MiQzNjEyMjIjNzEjJDEjJDgjJDgz,16,영상의학과,1,0,조앤조병원,병원,중랑구
JDQ4MTg4MSM1MSMkMSMkMCMkOTkkMzgxMzUxIzMxIyQxIyQ3IyQ4MiQzNjEyMjIjNzEjJDEjJDgjJDgz,21,재활의학과,0,0,조앤조병원,병원,중랑구
JDQ4MTg4MSM1MSMkMSMkMCMkOTkkMzgxMzUxIzMxIyQxIyQ3IyQ3OSQzNjE0ODEjNzEjJDEjJDgjJDgz,1,내과,1,0,조은마디병원,병원,강동구
JDQ4MTg4MSM1MSMkMSMkMCMkOTkkMzgxMzUxIzMxIyQxIyQ3IyQ3OSQzNjE0ODEjNzEjJDEjJDgjJDgz,5,정형외과,1,0,조은마디병원,병원,강동구
JDQ4MTg4MSM1MSMkMSMkMCMkOTkkMzgxMzUxIzMxIyQxIyQ3IyQ3OSQzNjE0ODEjNzEjJDEjJDgjJDgz,6,신경외과,0,0,조은마디병원,병원,강동구
JDQ4MTg4MSM1MSMkMSMkMCMkOTkkMzgxMzUxIzMxIyQxIyQ3IyQ3OSQzNjE0ODEjNzEjJDEjJDgjJDgz,9,마취통증의학과,0,0,조은마디병원,병원,강동구
JDQ4MTg4MSM1MSMkMSMkMCMkOTkkMzgxMzUxIzMxIyQxIyQ3IyQ3OSQzNjE0ODEjNzEjJDEjJDgjJDgz,16,영상의학과,1,0,조은마디병원,병원,강동구
JDQ4MTg4MSM1MSMkMSMkMCMkOTkkMzgxMzUxIzMxIyQxIyQ3IyQ2MiQyNjE0ODEjNTEjJDEjJDYjJDgz,1,내과,0,0,조인트힐병원,병원,관악구
JDQ4MTg4MSM1MSMkMSMkMCMkOTkkMzgxMzUxIzMxIyQxIyQ3IyQ2MiQyNjE0ODEjNTEjJDEjJDYjJDgz,5,정형외과,3,0,조인트힐병원,병원,관악구
JDQ4MTg4MSM1MSMkMSMkMCMkOTkkMzgxMzUxIzMxIyQxIyQ3IyQ2MiQyNjE0ODEjNTEjJDEjJDYjJDgz,6,신경외과,0,0,조인트힐병원,병원,관악구
JDQ4MTg4MSM1MSMkMSMkMCMkOTkkMzgxMzUxIzMxIyQxIyQ3IyQ2MiQyNjE0ODEjNTEjJDEjJDYjJDgz,9,마취통증의학과,1,0,조인트힐병원,병원,관악구
JDQ4MTg4MSM1MSMkMSMkMCMkOTkkMzgxMzUxIzMxIyQxIyQ3IyQ2MiQyNjE0ODEjNTEjJDEjJDYjJDgz,14,피부과,0,0,조인트힐병원,병원,관악구
JDQ4MTg4MSM1MSMkMSMkMCMkOTkkMzgxMzUxIzMxIyQxIyQ3IyQ2MiQyNjE0ODEjNTEjJDEjJDYjJDgz,15,비뇨의학과,0,0,조인트힐병원,병원,관악구
JDQ4MTg4MSM1MSMkMSMkMCMkOTkkMzgxMzUxIzMxIyQxIyQ3IyQ2MiQyNjE0ODEjNTEjJDEjJDYjJDgz,16,영상의학과,1,0,조인트힐병원,병원,관악구
JDQ4MTg4MSM1MSMkMSMkMCMkOTkkMzgxMzUxIzMxIyQxIyQ3IyQ2MiQyNjE0ODEjNTEjJDEjJDYjJDgz,21,재활의학과,0,0,조인트힐병원,병원,관악구
JDQ4MTg4MSM1MSMkMSMkMCMkOTkkMzgxMzUxIzMxIyQxIyQ3IyQ2MiQyNjE0ODEjNTEjJDEjJDYjJDgz,23,가정의학과,0,0,조인트힐병원,병원,관악구
JDQ4MTg4MSM1MSMkMSMkMCMkOTkkMzgxMzUxIzMxIyQxIyQ3IyQwMyQ0NjEwMDIjNjEjJDEjJDgjJDgz,3,정신건강의학과,0,0,지앤지병원,병원,강남구
JDQ4MTg4MSM1MSMkMSMkMCMkOTkkMzgxMzUxIzMxIyQxIyQ3IyQwMyQ0NjEwMDIjNjEjJDEjJDgjJDgz,8,성형외과,0,0,지앤지병원,병원,강남구
JDQ4MTg4MSM1MSMkMSMkMCMkOTkkMzgxMzUxIzMxIyQxIyQ3IyQwMyQ0NjEwMDIjNjEjJDEjJDgjJDgz,13,이비인후과,6,0,지앤지병원,병원,강남구
JDQ4MTg4MSM1MSMkMSMkMCMkOTkkMzgxMzUxIzMxIyQxIyQ3IyQwMyQ0NjEwMDIjNjEjJDEjJDgjJDgz,14,피부과,0,0,지앤지병원,병원,강남구
JDQ4MTg4MSM1MSMkMSMkMCMkOTkkMzgxMzUxIzQxIyQxIyQ3IyQ3OSQzNjEwMDIjNDEjJDEjJDgjJDgz,1,내과,1,0,참바로병원,병원,중구
JDQ4MTg4MSM1MSMkMSMkMCMkOTkkMzgxMzUxIzQxIyQxIyQ3IyQ3OSQzNjEwMDIjNDEjJDEjJDgjJDgz,4,외과,0,0,참바로병원,병원,중구
JDQ4MTg4MSM1MSMkMSMkMCMkOTkkMzgxMzUxIzQxIyQxIyQ3IyQ3OSQzNjEwMDIjNDEjJDEjJDgjJDgz,5,정형외과,2,0,참바로병원,병원,중구
JDQ4MTg4MSM1MSMkMSMkMCMkOTkkMzgxMzUxIzQxIyQxIyQ3IyQ3OSQzNjEwMDIjNDEjJDEjJDgjJDgz,6,신경외과,1,0,참바로병원,병원,중구
JDQ4MTg4MSM1MSMkMSMkMCMkOTkkMzgxMzUxIzQxIyQxIyQ3IyQ3OSQzNjEwMDIjNDEjJDEjJDgjJDgz,9,마취통증의학과,0,0,참바로병원,병원,중구
JDQ4MTg4MSM1MSMkMSMkMCMkOTkkMzgxMzUxIzQxIyQxIyQ3IyQ3OSQzNjEwMDIjNDEjJDEjJDgjJDgz,16,영상의학과,1,0,참바로병원,병원,중구
JDQ4MTg4MSM1MSMkMSMkMCMkOTkkMzgxMzUxIzQxIyQxIyQ3IyQ3OSQzNjEwMDIjNDEjJDEjJDgjJDgz,21,재활의학과,0,0,참바로병원,병원,중구
JDQ4MTg4MSM1MSMkMSMkMCMkOTkkMzgxMzUxIzMxIyQxIyQzIyQ5MiQ0NjE0ODEjNjEjJDEjJDAjJDgz,1,내과,1,0,참튼튼병원,병원,동대문구
JDQ4MTg4MSM1MSMkMSMkMCMkOTkkMzgxMzUxIzMxIyQxIyQzIyQ5MiQ0NjE0ODEjNjEjJDEjJDAjJDgz,4,외과,0,0,참튼튼병원,병원,동대문구
JDQ4MTg4MSM1MSMkMSMkMCMkOTkkMzgxMzUxIzMxIyQxIyQzIyQ5MiQ0NjE0ODEjNjEjJDEjJDAjJDgz,5,정형외과,2,0,참튼튼병원,병원,동대문구
JDQ4MTg4MSM1MSMkMSMkMCMkOTkkMzgxMzUxIzMxIyQxIyQzIyQ5MiQ0NjE0ODEjNjEjJDEjJDAjJDgz,6,신경외과,1,0,참튼튼병원,병원,동대문구
JDQ4MTg4MSM1MSMkMSMkMCMkOTkkMzgxMzUxIzMxIyQxIyQzIyQ5MiQ0NjE0ODEjNjEjJDEjJDAjJDgz,9,마취통증의학과,0,0,참튼튼병원,병원,동대문구
JDQ4MTg4MSM1MSMkMSMkMCMkOTkkMzgxMzUxIzMxIyQxIyQzIyQ5MiQ0NjE0ODEjNjEjJDEjJDAjJDgz,10,산부인과,0,0,참튼튼병원,병원,동대문구
JDQ4MTg4MSM1MSMkMSMkMCMkOTkkMzgxMzUxIzMxIyQxIyQzIyQ5MiQ0NjE0ODEjNjEjJDEjJDAjJDgz,11,소아청소년과,0,0,참튼튼병원,병원,동대문구
JDQ4MTg4MSM1MSMkMSMkMCMkOTkkMzgxMzUxIzMxIyQxIyQzIyQ5MiQ0NjE0ODEjNjEjJDEjJDAjJDgz,14,피부과,0,0,참튼튼병원,병원,동대문구
JDQ4MTg4MSM1MSMkMSMkMCMkOTkkMzgxMzUxIzMxIyQxIyQzIyQ5MiQ0NjE0ODEjNjEjJDEjJDAjJDgz,15,비뇨의학과,0,0,참튼튼병원,병원,동대문구
JDQ4MTg4MSM1MSMkMSMkMCMkOTkkMzgxMzUxIzMxIyQxIyQzIyQ5MiQ0NjE0ODEjNjEjJDEjJDAjJDgz,16,영상의학과,1,0,참튼튼병원,병원,동대문구
JDQ4MTg4MSM1MSMkMSMkMCMkOTkkMzgxMzUxIzMxIyQxIyQzIyQ5MiQ0NjE0ODEjNjEjJDEjJDAjJDgz,18,병리과,0,0,참튼튼병원,병원,동대문구
JDQ4MTg4MSM1MSMkMSMkMCMkOTkkMzgxMzUxIzMxIyQxIyQzIyQ5MiQ0NjE0ODEjNjEjJDEjJDAjJDgz,19,진단검사의학과,0,0,참튼튼병원,병원,동대문구
JDQ4MTg4MSM1MSMkMSMkMCMkOTkkMzgxMzUxIzMxIyQxIyQzIyQ5MiQ0NjE0ODEjNjEjJDEjJDAjJDgz,21,재활의학과,0,0,참튼튼병원,병원,동대문구
JDQ4MTg4MSM1MSMkMSMkMCMkOTkkMzgxMzUxIzMxIyQxIyQzIyQ5MiQ0NjE0ODEjNjEjJDEjJDAjJDgz,23,가정의학과,0,0,참튼튼병원,병원,동대문구
JDQ4MTg4MSM1MSMkMSMkMCMkOTkkMzgxMzUxIzQxIyQxIyQ3IyQ3MiQzNjEwMDIjODEjJDEjJDIjJDgz,1,내과,3,0,참튼튼병원,병원,구로구
JDQ4MTg4MSM1MSMkMSMkMCMkOTkkMzgxMzUxIzQxIyQxIyQ3IyQ3MiQzNjEwMDIjODEjJDEjJDIjJDgz,2,신경과,0,0,참튼튼병원,병원,구로구
JDQ4MTg4MSM1MSMkMSMkMCMkOTkkMzgxMzUxIzQxIyQxIyQ3IyQ3MiQzNjEwMDIjODEjJDEjJDIjJDgz,4,외과,0,0,참튼튼병원,병원,구로구
JDQ4MTg4MSM1MSMkMSMkMCMkOTkkMzgxMzUxIzQxIyQxIyQ3IyQ3MiQzNjEwMDIjODEjJDEjJDIjJDgz,5,정형외과,2,0,참튼튼병원,병원,구로구
JDQ4MTg4MSM1MSMkMSMkMCMkOTkkMzgxMzUxIzQxIyQxIyQ3IyQ3MiQzNjEwMDIjODEjJDEjJDIjJDgz,6,신경외과,2,0,참튼튼병원,병원,구로구
JDQ4MTg4MSM1MSMkMSMkMCMkOTkkMzgxMzUxIzQxIyQxIyQ3IyQ3MiQzNjEwMDIjODEjJDEjJDIjJDgz,9,마취통증의학과,1,0,참튼튼병원,병원,구로구
JDQ4MTg4MSM1MSMkMSMkMCMkOTkkMzgxMzUxIzQxIyQxIyQ3IyQ3MiQzNjEwMDIjODEjJDEjJDIjJDgz,10,산부인과,1,0,참튼튼병원,병원,구로구
JDQ4MTg4MSM1MSMkMSMkMCMkOTkkMzgxMzUxIzQxIyQxIyQ3IyQ3MiQzNjEwMDIjODEjJDEjJDIjJDgz,13,이비인후과,0,0,참튼튼병원,병원,구로구
JDQ4MTg4MSM1MSMkMSMkMCMkOTkkMzgxMzUxIzQxIyQxIyQ3IyQ3MiQzNjEwMDIjODEjJDEjJDIjJDgz,15,비뇨의학과,0,0,참튼튼병원,병원,구로구
JDQ4MTg4MSM1MSMkMSMkMCMkOTkkMzgxMzUxIzQxIyQxIyQ3IyQ3MiQzNjEwMDIjODEjJDEjJDIjJDgz,16,영상의학과,3,0,참튼튼병원,병원,구로구
JDQ4MTg4MSM1MSMkMSMkMCMkOTkkMzgxMzUxIzQxIyQxIyQ3IyQ3MiQzNjEwMDIjODEjJDEjJDIjJDgz,18,병리과,0,0,참튼튼병원,병원,구로구
JDQ4MTg4MSM1MSMkMSMkMCMkOTkkMzgxMzUxIzQxIyQxIyQ3IyQ3MiQzNjEwMDIjODEjJDEjJDIjJDgz,21,재활의학과,0,0,참튼튼병원,병원,구로구
JDQ4MTg4MSM1MSMkMSMkMCMkOTkkMzgxMzUxIzQxIyQxIyQ3IyQ3MiQzNjEwMDIjODEjJDEjJDIjJDgz,23,가정의학과,1,0,참튼튼병원,병원,구로구
JDQ4MTg4MSM1MSMkMSMkMCMkOTkkMzgxMzUxIzQxIyQxIyQ3IyQ3MiQzNjEwMDIjODEjJDEjJDIjJDgz,25,직업환경의학과,13,0,참튼튼병원,병원,구로구
JDQ4MTg4MSM1MSMkMSMkMCMkOTkkMzgxMzUxIzMxIyQxIyQ3IyQ4OSQyNjEwMDIjNDEjJDEjJDQjJDgz,1,내과,1,0,참포도나무병원,병원,서초구
JDQ4MTg4MSM1MSMkMSMkMCMkOTkkMzgxMzUxIzMxIyQxIyQ3IyQ4OSQyNjEwMDIjNDEjJDEjJDQjJDgz,2,신경과,0,0,참포도나무병원,병원,서초구
JDQ4MTg4MSM1MSMkMSMkMCMkOTkkMzgxMzUxIzMxIyQxIyQ3IyQ4OSQyNjEwMDIjNDEjJDEjJDQjJDgz,4,외과,0,0,참포도나무병원,병원,서초구
JDQ4MTg4MSM1MSMkMSMkMCMkOTkkMzgxMzUxIzMxIyQxIyQ3IyQ4OSQyNjEwMDIjNDEjJDEjJDQjJDgz,5,정형외과,1,0,참포도나무병원,병원,서초구
JDQ4MTg4MSM1MSMkMSMkMCMkOTkkMzgxMzUxIzMxIyQxIyQ3IyQ4OSQyNjEwMDIjNDEjJDEjJDQjJDgz,6,신경외과,3,0,참포도나무병원,병원,서초구
JDQ4MTg4MSM1MSMkMSMkMCMkOTkkMzgxMzUxIzMxIyQxIyQ3IyQ4OSQyNjEwMDIjNDEjJDEjJDQjJDgz,9,마취통증의학과,3,0,참포도나무병원,병원,서초구
JDQ4MTg4MSM1MSMkMSMkMCMkOTkkMzgxMzUxIzMxIyQxIyQ3IyQ4OSQyNjEwMDIjNDEjJDEjJDQjJDgz,11,소아청소년과,0,0,참포도나무병원,병원,서초구
JDQ4MTg4MSM1MSMkMSMkMCMkOTkkMzgxMzUxIzMxIyQxIyQ3IyQ4OSQyNjEwMDIjNDEjJDEjJDQjJDgz,16,영상의학과,1,0,참포도나무병원,병원,서초구
JDQ4MTg4MSM1MSMkMSMkMCMkOTkkMzgxMzUxIzMxIyQxIyQ3IyQ4OSQyNjEwMDIjNDEjJDEjJDQjJDgz,19,진단검사의학과,0,0,참포도나무병원,병원,서초구
JDQ4MTg4MSM1MSMkMSMkMCMkOTkkMzgxMzUxIzMxIyQxIyQ3IyQ4OSQyNjEwMDIjNDEjJDEjJDQjJDgz,21,재활의학과,0,0,참포도나무병원,병원,서초구
JDQ4MTg4MSM1MSMkMSMkMCMkOTkkMzgxMzUxIzMxIyQxIyQ3IyQ4OSQyNjEwMDIjNDEjJDEjJDQjJDgz,23,가정의학과,0,0,참포도나무병원,병원,서초구
JDQ4MTg4MSM1MSMkMSMkOCMkOTkkMzgxMzUxIzExIyQxIyQzIyQ3OSQyNjE4MzIjODEjJDEjJDIjJDgz,1,내과,1,0,척바른병원,병원,서초구
JDQ4MTg4MSM1MSMkMSMkOCMkOTkkMzgxMzUxIzExIyQxIyQzIyQ3OSQyNjE4MzIjODEjJDEjJDIjJDgz,2,신경과,1,0,척바른병원,병원,서초구
JDQ4MTg4MSM1MSMkMSMkOCMkOTkkMzgxMzUxIzExIyQxIyQzIyQ3OSQyNjE4MzIjODEjJDEjJDIjJDgz,4,외과,0,0,척바른병원,병원,서초구
JDQ4MTg4MSM1MSMkMSMkOCMkOTkkMzgxMzUxIzExIyQxIyQzIyQ3OSQyNjE4MzIjODEjJDEjJDIjJDgz,5,정형외과,1,0,척바른병원,병원,서초구
JDQ4MTg4MSM1MSMkMSMkOCMkOTkkMzgxMzUxIzExIyQxIyQzIyQ3OSQyNjE4MzIjODEjJDEjJDIjJDgz,6,신경외과,0,0,척바른병원,병원,서초구
JDQ4MTg4MSM1MSMkMSMkOCMkOTkkMzgxMzUxIzExIyQxIyQzIyQ3OSQyNjE4MzIjODEjJDEjJDIjJDgz,9,마취통증의학과,0,0,척바른병원,병원,서초구
JDQ4MTg4MSM1MSMkMSMkOCMkOTkkMzgxMzUxIzExIyQxIyQzIyQ3OSQyNjE4MzIjODEjJDEjJDIjJDgz,16,영상의학과,1,0,척바른병원,병원,서초구
JDQ4MTg4MSM1MSMkMSMkOCMkOTkkMzgxMzUxIzExIyQxIyQzIyQ3OSQyNjE4MzIjODEjJDEjJDIjJDgz,21,재활의학과,0,0,척바른병원,병원,서초구
JDQ4MTg4MSM1MSMkMSMkMCMkOTkkMzgxMzUxIzMxIyQyIyQ3IyQwMCQyNjE0ODEjNjEjJDEjJDgjJDgz,5,정형외과,2,0,척편한병원,병원,관악구
JDQ4MTg4MSM1MSMkMSMkMCMkOTkkMzgxMzUxIzMxIyQyIyQ3IyQwMCQyNjE0ODEjNjEjJDEjJDgjJDgz,6,신경외과,2,0,척편한병원,병원,관악구
JDQ4MTg4MSM1MSMkMSMkMCMkOTkkMzgxMzUxIzMxIyQyIyQ3IyQwMCQyNjE0ODEjNjEjJDEjJDgjJDgz,9,마취통증의학과,0,0,척편한병원,병원,관악구
JDQ4MTg4MSM1MSMkMSMkMCMkOTkkMzgxMzUxIzMxIyQyIyQ3IyQwMCQyNjE0ODEjNjEjJDEjJDgjJDgz,16,영상의학과,1,0,척편한병원,병원,관악구
JDQ4MTg4MSM1MSMkMSMkMCMkOTkkMzgxMzUxIzMxIyQxIyQ3IyQ5MiQzNjE4MzIjNTEjJDEjJDIjJDgz,1,내과,1,0,청담병원,병원,강남구
JDQ4MTg4MSM1MSMkMSMkMCMkOTkkMzgxMzUxIzMxIyQxIyQ3IyQ5MiQzNjE4MzIjNTEjJDEjJDIjJDgz,2,신경과,1,0,청담병원,병원,강남구
JDQ4MTg4MSM1MSMkMSMkMCMkOTkkMzgxMzUxIzMxIyQxIyQ3IyQ5MiQzNjE4MzIjNTEjJDEjJDIjJDgz,5,정형외과,0,0,청담병원,병원,강남구
JDQ4MTg4MSM1MSMkMSMkMCMkOTkkMzgxMzUxIzMxIyQxIyQ3IyQ5MiQzNjE4MzIjNTEjJDEjJDIjJDgz,6,신경외과,1,0,청담병원,병원,강남구
JDQ4MTg4MSM1MSMkMSMkMCMkOTkkMzgxMzUxIzMxIyQxIyQ3IyQ5MiQzNjE4MzIjNTEjJDEjJDIjJDgz,11,소아청소년과,0,0,청담병원,병원,강남구
JDQ4MTg4MSM1MSMkMSMkMCMkOTkkMzgxMzUxIzMxIyQxIyQ3IyQ5MiQzNjE4MzIjNTEjJDEjJDIjJDgz,21,재활의학과,4,0,청담병원,병원,강남구
JDQ4MTg4MSM1MSMkMSMkMCMkOTkkMzgxMzUxIzQxIyQxIyQ3IyQxMyQyNjE0ODEjNjEjJDEjJDgjJDgz,1,내과,0,0,청담해리슨병원,병원,강남구
JDQ4MTg4MSM1MSMkMSMkMCMkOTkkMzgxMzUxIzQxIyQxIyQ3IyQxMyQyNjE0ODEjNjEjJDEjJDgjJDgz,2,신경과,0,0,청담해리슨병원,병원,강남구
JDQ4MTg4MSM1MSMkMSMkMCMkOTkkMzgxMzUxIzQxIyQxIyQ3IyQxMyQyNjE0ODEjNjEjJDEjJDgjJDgz,5,정형외과,1,0,청담해리슨병원,병원,강남구
JDQ4MTg4MSM1MSMkMSMkMCMkOTkkMzgxMzUxIzQxIyQxIyQ3IyQxMyQyNjE0ODEjNjEjJDEjJDgjJDgz,6,신경외과,4,0,청담해리슨병원,병원,강남구
JDQ4MTg4MSM1MSMkMSMkMCMkOTkkMzgxMzUxIzQxIyQxIyQ3IyQxMyQyNjE0ODEjNjEjJDEjJDgjJDgz,9,마취통증의학과,1,0,청담해리슨병원,병원,강남구
JDQ4MTg4MSM1MSMkMSMkMCMkOTkkMzgxMzUxIzQxIyQxIyQ3IyQxMyQyNjE0ODEjNjEjJDEjJDgjJDgz,16,영상의학과,1,0,청담해리슨병원,병원,강남구
JDQ4MTg4MSM1MSMkMSMkMCMkOTkkMzgxMzUxIzQxIyQxIyQ3IyQxMyQyNjE0ODEjNjEjJDEjJDgjJDgz,21,재활의학과,0,0,청담해리슨병원,병원,강남구
JDQ4MTg4MSM1MSMkMSMkMCMkOTkkMzgxMzUxIzQxIyQxIyQ3IyQxMyQyNjE0ODEjNjEjJDEjJDgjJDgz,23,가정의학과,1,0,청담해리슨병원,병원,강남구
JDQ4MTg4MSM1MSMkMSMkMCMkOTkkMzgxMzUxIzIxIyQxIyQ5IyQ5MiQzNjEyMjIjNDEjJDEjJDgjJDgz,1,내과,2,0,청병원,병원,강동구
JDQ4MTg4MSM1MSMkMSMkMCMkOTkkMzgxMzUxIzIxIyQxIyQ5IyQ5MiQzNjEyMjIjNDEjJDEjJDgjJDgz,4,외과,2,0,청병원,병원,강동구
JDQ4MTg4MSM1MSMkMSMkMCMkOTkkMzgxMzUxIzIxIyQxIyQ5IyQ5MiQzNjEyMjIjNDEjJDEjJDgjJDgz,5,정형외과,1,0,청병원,병원,강동구
JDQ4MTg4MSM1MSMkMSMkMCMkOTkkMzgxMzUxIzIxIyQxIyQ5IyQ5MiQzNjEyMjIjNDEjJDEjJDgjJDgz,9,마취통증의학과,0,0,청병원,병원,강동구
JDQ4MTg4MSM1MSMkMSMkMCMkOTkkMzgxMzUxIzIxIyQxIyQ5IyQ5MiQzNjEyMjIjNDEjJDEjJDgjJDgz,16,영상의학과,1,0,청병원,병원,강동구
JDQ4MTg4MSM1MSMkMSMkMCMkOTkkMzgxMzUxIzIxIyQxIyQ5IyQ5MiQzNjEyMjIjNDEjJDEjJDgjJDgz,19,진단검사의학과,0,0,청병원,병원,강동구
JDQ4MTg4MSM1MSMkMSMkMCMkOTkkMzgxMzUxIzIxIyQxIyQ5IyQ5MiQzNjEyMjIjNDEjJDEjJDgjJDgz,23,가정의학과,0,0,청병원,병원,강동구
JDQ4MTg4MSM1MSMkMSMkMCMkOTkkMzgxMzUxIzIxIyQxIyQ1IyQ3MiQyNjEyMjIjODEjJDEjJDIjJDgz,10,산부인과,10,0,청화병원,병원,동작구
JDQ4MTg4MSM1MSMkMSMkMCMkOTkkMzgxMzUxIzIxIyQxIyQ1IyQ3MiQyNjEyMjIjODEjJDEjJDIjJDgz,11,소아청소년과,2,0,청화병원,병원,동작구
JDQ4MTg4MSM1MSMkMSMkMCMkOTkkMzgxMzUxIzMxIyQxIyQ3IyQ4MiQyNjE4MzIjNTEjJDEjJDIjJDgz,1,내과,1,0,최원호병원,병원,은평구
JDQ4MTg4MSM1MSMkMSMkMCMkOTkkMzgxMzUxIzMxIyQxIyQ3IyQ4MiQyNjE4MzIjNTEjJDEjJDIjJDgz,2,신경과,0,0,최원호병원,병원,은평구
JDQ4MTg4MSM1MSMkMSMkMCMkOTkkMzgxMzUxIzMxIyQxIyQ3IyQ4MiQyNjE4MzIjNTEjJDEjJDIjJDgz,5,정형외과,3,0,최원호병원,병원,은평구
JDQ4MTg4MSM1MSMkMSMkMCMkOTkkMzgxMzUxIzMxIyQxIyQ3IyQ4MiQyNjE4MzIjNTEjJDEjJDIjJDgz,6,신경외과,1,0,최원호병원,병원,은평구
JDQ4MTg4MSM1MSMkMSMkMCMkOTkkMzgxMzUxIzMxIyQxIyQ3IyQ4MiQyNjE4MzIjNTEjJDEjJDIjJDgz,9,마취통증의학과,1,0,최원호병원,병원,은평구
JDQ4MTg4MSM1MSMkMSMkMCMkOTkkMzgxMzUxIzMxIyQxIyQ3IyQ4MiQyNjE4MzIjNTEjJDEjJDIjJDgz,16,영상의학과,1,0,최원호병원,병원,은평구
JDQ4MTg4MSM1MSMkMSMkMCMkOTkkMzgxMzUxIzMxIyQxIyQ3IyQ4MiQyNjE4MzIjNTEjJDEjJDIjJDgz,19,진단검사의학과,0,0,최원호병원,병원,은평구
JDQ4MTg4MSM1MSMkMSMkMCMkOTkkMzgxMzUxIzMxIyQxIyQ3IyQ4MiQyNjE4MzIjNTEjJDEjJDIjJDgz,23,가정의학과,0,0,최원호병원,병원,은평구
JDQ4MTg4MSM1MSMkMSMkMCMkOTkkMzgxMzUxIzMxIyQxIyQ3IyQ4MiQyNjE4MzIjNTEjJDEjJDIjJDgz,24,응급의학과,0,0,최원호병원,병원,은평구
JDQ4MTg4MSM1MSMkMSMkMCMkOTkkMzgxMzUxIzIxIyQxIyQxIyQxMyQyNjE0ODEjNjEjJDEjJDAjJDgz,1,내과,1,0,코리아병원,병원,동대문구
JDQ4MTg4MSM1MSMkMSMkMCMkOTkkMzgxMzUxIzIxIyQxIyQxIyQxMyQyNjE0ODEjNjEjJDEjJDAjJDgz,5,정형외과,1,0,코리아병원,병원,동대문구
JDQ4MTg4MSM1MSMkMSMkMCMkOTkkMzgxMzUxIzIxIyQxIyQxIyQxMyQyNjE0ODEjNjEjJDEjJDAjJDgz,6,신경외과,0,0,코리아병원,병원,동대문구
JDQ4MTg4MSM1MSMkMSMkMCMkOTkkMzgxMzUxIzQxIyQxIyQ3IyQxMyQyNjEwMDIjNjEjJDEjJDAjJDgz,1,내과,1,0,트리니티병원,병원,강남구
JDQ4MTg4MSM1MSMkMSMkMCMkOTkkMzgxMzUxIzQxIyQxIyQ3IyQxMyQyNjEwMDIjNjEjJDEjJDAjJDgz,5,정형외과,0,0,트리니티병원,병원,강남구
JDQ4MTg4MSM1MSMkMSMkMCMkOTkkMzgxMzUxIzQxIyQxIyQ3IyQxMyQyNjEwMDIjNjEjJDEjJDAjJDgz,21,재활의학과,2,0,트리니티병원,병원,강남구
JDQ4MTg4MSM1MSMkMSMkMCMkOTkkMzgxMzUxIzQxIyQxIyQ3IyQxMyQyNjEwMDIjNjEjJDEjJDAjJDgz,23,가정의학과,1,0,트리니티병원,병원,강남구
JDQ4MTg4MSM1MSMkMSMkMCMkOTkkMzgxMzUxIzQxIyQxIyQ3IyQxMyQyNjEwMDIjNjEjJDEjJDAjJDgz,85,침구과,0,0,트리니티병원,병원,강남구
JDQ4MTg4MSM1MSMkMSMkMCMkOTkkMzgxMzUxIzMxIyQxIyQzIyQ2MiQzNjEwMDIjODEjJDEjJDIjJDgz,1,내과,0,0,튼튼병원,병원,강남구
JDQ4MTg4MSM1MSMkMSMkMCMkOTkkMzgxMzUxIzMxIyQxIyQzIyQ2MiQzNjEwMDIjODEjJDEjJDIjJDgz,2,신경과,1,0,튼튼병원,병원,강남구
JDQ4MTg4MSM1MSMkMSMkMCMkOTkkMzgxMzUxIzMxIyQxIyQzIyQ2MiQzNjEwMDIjODEjJDEjJDIjJDgz,4,외과,1,0,튼튼병원,병원,강남구
JDQ4MTg4MSM1MSMkMSMkMCMkOTkkMzgxMzUxIzMxIyQxIyQzIyQ2MiQzNjEwMDIjODEjJDEjJDIjJDgz,5,정형외과,2,0,튼튼병원,병원,강남구
JDQ4MTg4MSM1MSMkMSMkMCMkOTkkMzgxMzUxIzMxIyQxIyQzIyQ2MiQzNjEwMDIjODEjJDEjJDIjJDgz,6,신경외과,3,0,튼튼병원,병원,강남구
JDQ4MTg4MSM1MSMkMSMkMCMkOTkkMzgxMzUxIzMxIyQxIyQzIyQ2MiQzNjEwMDIjODEjJDEjJDIjJDgz,9,마취통증의학과,1,0,튼튼병원,병원,강남구
JDQ4MTg4MSM1MSMkMSMkMCMkOTkkMzgxMzUxIzMxIyQxIyQzIyQ2MiQzNjEwMDIjODEjJDEjJDIjJDgz,11,소아청소년과,1,0,튼튼병원,병원,강남구
JDQ4MTg4MSM1MSMkMSMkMCMkOTkkMzgxMzUxIzMxIyQxIyQzIyQ2MiQzNjEwMDIjODEjJDEjJDIjJDgz,16,영상의학과,1,0,튼튼병원,병원,강남구
JDQ4MTg4MSM1MSMkMSMkMCMkOTkkMzgxMzUxIzMxIyQxIyQzIyQ2MiQzNjEwMDIjODEjJDEjJDIjJDgz,18,병리과,0,0,튼튼병원,병원,강남구
JDQ4MTg4MSM1MSMkMSMkMCMkOTkkMzgxMzUxIzMxIyQxIyQ3IyQ2MiQzNjE0ODEjNjEjJDEjJDgjJDgz,1,내과,1,0,팔팔병원,병원,중랑구
JDQ4MTg4MSM1MSMkMSMkMCMkOTkkMzgxMzUxIzMxIyQxIyQ3IyQ2MiQzNjE0ODEjNjEjJDEjJDgjJDgz,5,정형외과,3,0,팔팔병원,병원,중랑구
JDQ4MTg4MSM1MSMkMSMkMCMkOTkkMzgxMzUxIzMxIyQxIyQ3IyQ2MiQzNjE0ODEjNjEjJDEjJDgjJDgz,6,신경외과,1,0,팔팔병원,병원,중랑구
JDQ4MTg4MSM1MSMkMSMkMCMkOTkkMzgxMzUxIzMxIyQxIyQ3IyQ2MiQzNjE0ODEjNjEjJDEjJDgjJDgz,16,영상의학과,1,0,팔팔병원,병원,중랑구
JDQ4MTg4MSM1MSMkMSMkMCMkOTkkMzgxMzUxIzMxIyQxIyQ3IyQ2MiQzNjE0ODEjNjEjJDEjJDgjJDgz,23,가정의학과,0,0,팔팔병원,병원,중랑구
JDQ4MTg4MSM1MSMkMSMkMCMkOTkkMzgxMzUxIzMxIyQxIyQzIyQxMyQ0NjE0ODEjODEjJDEjJDYjJDgz,1,내과,0,0,포그니병원,병원,구로구
JDQ4MTg4MSM1MSMkMSMkMCMkOTkkMzgxMzUxIzMxIyQxIyQzIyQxMyQ0NjE0ODEjODEjJDEjJDYjJDgz,23,가정의학과,0,0,포그니병원,병원,구로구
JDQ4MTg4MSM1MSMkMSMkMCMkOTkkMzgxMzUxIzMxIyQxIyQzIyQxMyQ0NjE0ODEjODEjJDEjJDYjJDgz,85,침구과,0,0,포그니병원,병원,구로구
JDQ4MTg4MSM1MSMkMSMkMCMkOTkkMzgxMzUxIzQxIyQxIyQ3IyQ5MiQzNjEyMjIjNDEjJDEjJDgjJDgz,1,내과,0,0,포근한재활병원,병원,강북구
JDQ4MTg4MSM1MSMkMSMkMCMkOTkkMzgxMzUxIzQxIyQxIyQ3IyQ5MiQzNjEyMjIjNDEjJDEjJDgjJDgz,2,신경과,0,0,포근한재활병원,병원,강북구
JDQ4MTg4MSM1MSMkMSMkMCMkOTkkMzgxMzUxIzQxIyQxIyQ3IyQ5MiQzNjEyMjIjNDEjJDEjJDgjJDgz,3,정신건강의학과,1,0,포근한재활병원,병원,강북구
JDQ4MTg4MSM1MSMkMSMkMCMkOTkkMzgxMzUxIzQxIyQxIyQ3IyQ5MiQzNjEyMjIjNDEjJDEjJDgjJDgz,21,재활의학과,3,0,포근한재활병원,병원,강북구
JDQ4MTg4MSM1MSMkMSMkMCMkOTkkMzgxMzUxIzQxIyQxIyQ3IyQ5MiQzNjEyMjIjNDEjJDEjJDgjJDgz,23,가정의학과,0,0,포근한재활병원,병원,강북구
JDQ4MTg4MSM1MSMkMSMkMCMkOTkkMzgxMzUxIzQxIyQxIyQ3IyQ5MiQzNjEyMjIjNDEjJDEjJDgjJDgz,80,한방내과,1,0,포근한재활병원,병원,강북구
JDQ4MTg4MSM1MSMkMSMkMCMkOTkkMzgxMzUxIzUxIyQxIyQxIyQ3OSQyNjE0ODEjNzEjJDEjJDgjJDgz,1,내과,0,0,포레스트병원,병원,종로구
JDQ4MTg4MSM1MSMkMSMkMCMkOTkkMzgxMzUxIzUxIyQxIyQxIyQ3OSQyNjE0ODEjNzEjJDEjJDgjJDgz,2,신경과,0,0,포레스트병원,병원,종로구
JDQ4MTg4MSM1MSMkMSMkMCMkOTkkMzgxMzUxIzUxIyQxIyQxIyQ3OSQyNjE0ODEjNzEjJDEjJDgjJDgz,3,정신건강의학과,0,0,포레스트병원,병원,종로구
JDQ4MTg4MSM1MSMkMSMkMCMkOTkkMzgxMzUxIzUxIyQxIyQxIyQ3OSQyNjE0ODEjNzEjJDEjJDgjJDgz,9,마취통증의학과,1,0,포레스트병원,병원,종로구
JDQ4MTg4MSM1MSMkMSMkMCMkOTkkMzgxMzUxIzUxIyQxIyQxIyQ3OSQyNjE0ODEjNzEjJDEjJDgjJDgz,21,재활의학과,0,0,포레스트병원,병원,종로구
JDQ4MTg4MSM1MSMkMSMkMCMkOTkkMzgxMzUxIzUxIyQxIyQxIyQ3OSQyNjE0ODEjNzEjJDEjJDgjJDgz,80,한방내과,0,0,포레스트병원,병원,종로구
JDQ4MTg4MSM1MSMkMSMkMCMkOTkkMzgxMzUxIzIxIyQxIyQ5IyQ3OSQzNjE0ODEjNjEjJDEjJDAjJDgz,1,내과,1,0,포미즈여성병원,병원,양천구
JDQ4MTg4MSM1MSMkMSMkMCMkOTkkMzgxMzUxIzIxIyQxIyQ5IyQ3OSQzNjE0ODEjNjEjJDEjJDAjJDgz,10,산부인과,5,0,포미즈여성병원,병원,양천구
JDQ4MTg4MSM1MSMkMSMkMCMkOTkkMzgxMzUxIzIxIyQxIyQ5IyQ3OSQzNjE0ODEjNjEjJDEjJDAjJDgz,11,소아청소년과,1,0,포미즈여성병원,병원,양천구
JDQ4MTg4MSM1MSMkMSMkMCMkOTkkMzgxMzUxIzIxIyQxIyQ5IyQ3OSQzNjE0ODEjNjEjJDEjJDAjJDgz,14,피부과,0,0,포미즈여성병원,병원,양천구
JDQ4MTg4MSM1MSMkMSMkMCMkOTkkMzgxMzUxIzIxIyQxIyQ1IyQ5OSQzNjE0ODEjNTEjJDEjJDIjJDgz,1,내과,0,0,핑크힐병원,병원,강서구
JDQ4MTg4MSM1MSMkMSMkMCMkOTkkMzgxMzUxIzIxIyQxIyQ1IyQ5OSQzNjE0ODEjNTEjJDEjJDIjJDgz,8,성형외과,1,0,핑크힐병원,병원,강서구
JDQ4MTg4MSM1MSMkMSMkMCMkOTkkMzgxMzUxIzIxIyQxIyQ1IyQ5OSQzNjE0ODEjNTEjJDEjJDIjJDgz,9,마취통증의학과,0,0,핑크힐병원,병원,강서구
JDQ4MTg4MSM1MSMkMSMkMCMkOTkkMzgxMzUxIzMxIyQxIyQzIyQ2MiQyNjE0ODEjNzEjJDEjJDgjJDgz,1,내과,1,0,하나이비인후과병원,병원,강남구
JDQ4MTg4MSM1MSMkMSMkMCMkOTkkMzgxMzUxIzMxIyQxIyQzIyQ2MiQyNjE0ODEjNzEjJDEjJDgjJDgz,2,신경과,0,0,하나이비인후과병원,병원,강남구
JDQ4MTg4MSM1MSMkMSMkMCMkOTkkMzgxMzUxIzMxIyQxIyQzIyQ2MiQyNjE0ODEjNzEjJDEjJDgjJDgz,13,이비인후과,12,0,하나이비인후과병원,병원,강남구
JDQ4MTg4MSM1MSMkMSMkMCMkOTkkMzgxMzUxIzMxIyQxIyQ3IyQ4OSQzNjEyMjIjNDEjJDEjJDgjJDgz,1,내과,2,0,하늘병원,병원,동대문구
JDQ4MTg4MSM1MSMkMSMkMCMkOTkkMzgxMzUxIzMxIyQxIyQ3IyQ4OSQzNjEyMjIjNDEjJDEjJDgjJDgz,2,신경과,1,0,하늘병원,병원,동대문구
JDQ4MTg4MSM1MSMkMSMkMCMkOTkkMzgxMzUxIzMxIyQxIyQ3IyQ4OSQzNjEyMjIjNDEjJDEjJDgjJDgz,5,정형외과,2,0,하늘병원,병원,동대문구
JDQ4MTg4MSM1MSMkMSMkMCMkOTkkMzgxMzUxIzMxIyQxIyQ3IyQ4OSQzNjEyMjIjNDEjJDEjJDgjJDgz,6,신경외과,0,0,하늘병원,병원,동대문구
JDQ4MTg4MSM1MSMkMSMkMCMkOTkkMzgxMzUxIzMxIyQxIyQ3IyQ4OSQzNjEyMjIjNDEjJDEjJDgjJDgz,9,마취통증의학과,6,0,하늘병원,병원,동대문구
JDQ4MTg4MSM1MSMkMSMkMCMkOTkkMzgxMzUxIzMxIyQxIyQ3IyQ4OSQzNjEyMjIjNDEjJDEjJDgjJDgz,21,재활의학과,3,0,하늘병원,병원,동대문구
JDQ4MTg4MSM1MSMkMSMkMCMkOTkkMzgxMzUxIzMxIyQxIyQ3IyQ4OSQzNjEyMjIjNDEjJDEjJDgjJDgz,23,가정의학과,0,0,하늘병원,병원,동대문구
JDQ4MTg4MSM1MSMkMSMkMCMkOTkkMzgxMzUxIzUxIyQxIyQxIyQ3OSQ0NjE0ODEjNTEjJDEjJDIjJDgz,1,내과,0,0,하병원,병원,강남구
JDQ4MTg4MSM1MSMkMSMkMCMkOTkkMzgxMzUxIzUxIyQxIyQxIyQ3OSQ0NjE0ODEjNTEjJDEjJDIjJDgz,4,외과,0,0,하병원,병원,강남구
JDQ4MTg4MSM1MSMkMSMkMCMkOTkkMzgxMzUxIzUxIyQxIyQxIyQ3OSQ0NjE0ODEjNTEjJDEjJDIjJDgz,5,정형외과,2,0,하병원,병원,강남구
JDQ4MTg4MSM1MSMkMSMkMCMkOTkkMzgxMzUxIzUxIyQxIyQxIyQ3OSQ0NjE0ODEjNTEjJDEjJDIjJDgz,6,신경외과,0,0,하병원,병원,강남구
JDQ4MTg4MSM1MSMkMSMkMCMkOTkkMzgxMzUxIzUxIyQxIyQxIyQ3OSQ0NjE0ODEjNTEjJDEjJDIjJDgz,9,마취통증의학과,0,0,하병원,병원,강남구
JDQ4MTg4MSM1MSMkMSMkMCMkOTkkMzgxMzUxIzUxIyQxIyQxIyQ3OSQ0NjE0ODEjNTEjJDEjJDIjJDgz,16,영상의학과,0,0,하병원,병원,강남구
JDQ4MTg4MSM1MSMkMSMkMCMkOTkkMzgxMzUxIzUxIyQxIyQxIyQ3OSQ0NjE0ODEjNTEjJDEjJDIjJDgz,21,재활의학과,0,0,하병원,병원,강남구
JDQ4MTg4MSM1MSMkMSMkMCMkOTkkMzgxMzUxIzMxIyQxIyQ3IyQ5OSQzNjEyMjIjODEjJDEjJDIjJDgz,1,내과,0,0,학교법인대진교육재단 제인병원,병원,성동구
JDQ4MTg4MSM1MSMkMSMkMCMkOTkkMzgxMzUxIzMxIyQxIyQ3IyQ5OSQzNjEyMjIjODEjJDEjJDIjJDgz,16,영상의학과,0,0,학교법인대진교육재단 제인병원,병원,성동구
JDQ4MTg4MSM1MSMkMSMkMCMkOTkkMzgxMzUxIzMxIyQxIyQ3IyQ5OSQzNjEyMjIjODEjJDEjJDIjJDgz,21,재활의학과,1,0,학교법인대진교육재단 제인병원,병원,성동구
JDQ4MTg4MSM1MSMkMSMkMCMkOTkkMzgxMzUxIzMxIyQxIyQ3IyQ5OSQzNjEyMjIjODEjJDEjJDIjJDgz,23,가정의학과,0,0,학교법인대진교육재단 제인병원,병원,성동구
JDQ4MTg4MSM1MSMkMSMkMCMkOTkkMzgxMzUxIzMxIyQxIyQ3IyQ5OSQzNjEyMjIjODEjJDEjJDIjJDgz,56,구강내과,0,0,학교법인대진교육재단 제인병원,병원,성동구
JDQ4MTg4MSM1MSMkMSMkMCMkOTkkMzgxMzUxIzMxIyQxIyQ3IyQ5OSQzNjEyMjIjODEjJDEjJDIjJDgz,61,통합치의학과,0,0,학교법인대진교육재단 제인병원,병원,성동구
JDQ4MTg4MSM1MSMkMSMkMCMkOTkkMzgxMzUxIzMxIyQxIyQ3IyQ5OSQzNjEyMjIjODEjJDEjJDIjJDgz,80,한방내과,0,0,학교법인대진교육재단 제인병원,병원,성동구
JDQ4MTg4MSM1MSMkMSMkMCMkOTkkMzgxMzUxIzQxIyQxIyQ3IyQ4OSQyNjEyMjIjNjEjJDEjJDAjJDgz,1,내과,0,0,한강수병원,병원,영등포구
JDQ4MTg4MSM1MSMkMSMkMCMkOTkkMzgxMzUxIzQxIyQxIyQ3IyQ4OSQyNjEyMjIjNjEjJDEjJDAjJDgz,4,외과,1,0,한강수병원,병원,영등포구
JDQ4MTg4MSM1MSMkMSMkMCMkOTkkMzgxMzUxIzQxIyQxIyQ3IyQ4OSQyNjEyMjIjNjEjJDEjJDAjJDgz,5,정형외과,1,0,한강수병원,병원,영등포구
JDQ4MTg4MSM1MSMkMSMkMCMkOTkkMzgxMzUxIzQxIyQxIyQ3IyQ4OSQyNjEyMjIjNjEjJDEjJDAjJDgz,8,성형외과,9,0,한강수병원,병원,영등포구
JDQ4MTg4MSM1MSMkMSMkMCMkOTkkMzgxMzUxIzQxIyQxIyQ3IyQ4OSQyNjEyMjIjNjEjJDEjJDAjJDgz,9,마취통증의학과,1,0,한강수병원,병원,영등포구
JDQ4MTg4MSM1MSMkMSMkMCMkOTkkMzgxMzUxIzQxIyQxIyQ3IyQ4OSQyNjEyMjIjNjEjJDEjJDAjJDgz,11,소아청소년과,0,0,한강수병원,병원,영등포구
JDQ4MTg4MSM1MSMkMSMkMCMkOTkkMzgxMzUxIzQxIyQxIyQ3IyQ4OSQyNjEyMjIjNjEjJDEjJDAjJDgz,25,직업환경의학과,8,0,한강수병원,병원,영등포구
JDQ4MTg4MSM1MSMkMSMkMCMkOTkkMzgxMzUxIzIxIyQxIyQ1IyQ3OSQyNjEyMjIjNDEjJDEjJDgjJDgz,1,내과,10,0,한솔병원,병원,송파구
JDQ4MTg4MSM1MSMkMSMkMCMkOTkkMzgxMzUxIzIxIyQxIyQ1IyQ3OSQyNjEyMjIjNDEjJDEjJDgjJDgz,4,외과,13,0,한솔병원,병원,송파구
JDQ4MTg4MSM1MSMkMSMkMCMkOTkkMzgxMzUxIzIxIyQxIyQ1IyQ3OSQyNjEyMjIjNDEjJDEjJDgjJDgz,9,마취통증의학과,2,0,한솔병원,병원,송파구
JDQ4MTg4MSM1MSMkMSMkMCMkOTkkMzgxMzUxIzIxIyQxIyQ1IyQ3OSQyNjEyMjIjNDEjJDEjJDgjJDgz,16,영상의학과,3,0,한솔병원,병원,송파구
JDQ4MTg4MSM1MSMkMSMkMCMkOTkkMzgxMzUxIzIxIyQxIyQ1IyQ3OSQyNjEyMjIjNDEjJDEjJDgjJDgz,23,가정의학과,2,0,한솔병원,병원,송파구
JDQ4MTg4MSM1MSMkMSMkMCMkOTkkMzgxMzUxIzIxIyQxIyQ1IyQ3OSQyNjEyMjIjNDEjJDEjJDgjJDgz,49,치과,0,0,한솔병원,병원,송파구
JDQ4MTg4MSM1MSMkMSMkMCMkOTkkMzgxMzUxIzIxIyQxIyQ5IyQ5OSQyNjE4MzIjNDEjJDEjJDgjJDgz,1,내과,1,0,햇빛병원,병원,강북구
JDQ4MTg4MSM1MSMkMSMkMCMkOTkkMzgxMzUxIzIxIyQxIyQ5IyQ5OSQyNjE4MzIjNDEjJDEjJDgjJDgz,9,마취통증의학과,1,0,햇빛병원,병원,강북구
JDQ4MTg4MSM1MSMkMSMkMCMkOTkkMzgxMzUxIzIxIyQxIyQ5IyQ5OSQyNjE4MzIjNDEjJDEjJDgjJDgz,10,산부인과,11,0,햇빛병원,병원,강북구
JDQ4MTg4MSM1MSMkMSMkMCMkOTkkMzgxMzUxIzIxIyQxIyQ5IyQ5OSQyNjE4MzIjNDEjJDEjJDgjJDgz,11,소아청소년과,2,0,햇빛병원,병원,강북구
JDQ4MTg4MSM1MSMkMSMkMCMkOTkkMzgxMzUxIzMxIyQxIyQ3IyQwMyQzNjEwMDIjNTEjJDEjJDYjJDgz,5,정형외과,1,0,허리나은병원,병원,강동구
JDQ4MTg4MSM1MSMkMSMkMCMkOTkkMzgxMzUxIzMxIyQxIyQ3IyQwMyQzNjEwMDIjNTEjJDEjJDYjJDgz,6,신경외과,3,0,허리나은병원,병원,강동구
JDQ4MTg4MSM1MSMkMSMkMCMkOTkkMzgxMzUxIzMxIyQxIyQ3IyQwMyQzNjEwMDIjNTEjJDEjJDYjJDgz,9,마취통증의학과,1,0,허리나은병원,병원,강동구
JDQ4MTg4MSM1MSMkMSMkMCMkOTkkMzgxMzUxIzMxIyQxIyQ3IyQwMyQzNjEwMDIjNTEjJDEjJDYjJDgz,16,영상의학과,1,0,허리나은병원,병원,강동구
JDQ4MTg4MSM1MSMkMSMkMCMkOTkkMzgxMzUxIzMxIyQxIyQ3IyQwMyQzNjEwMDIjNTEjJDEjJDYjJDgz,21,재활의학과,1,0,허리나은병원,병원,강동구
JDQ4MTg4MSM1MSMkMSMkMCMkOTkkMzgxMzUxIzMxIyQxIyQ3IyQwMyQzNjEwMDIjNTEjJDEjJDYjJDgz,23,가정의학과,1,0,허리나은병원,병원,강동구
JDQ4MTg4MSM1MSMkMSMkMCMkOTkkMzgxMzUxIzQxIyQxIyQ3IyQ3OSQ0NjEwMDIjNjEjJDEjJDAjJDgz,12,안과,5,0,혜민안과병원,병원,송파구
JDQ4MTg4MSM1MSMkMSMkMCMkOTkkMzgxMzUxIzQxIyQxIyQ3IyQ3OSQ0NjEwMDIjNjEjJDEjJDAjJDgz,16,영상의학과,0,0,혜민안과병원,병원,송파구
JDQ4MTg4MSM1MSMkMSMkMCMkOTkkMzgxMzUxIzQxIyQxIyQ3IyQ3OSQ0NjEwMDIjNjEjJDEjJDAjJDgz,18,병리과,0,0,혜민안과병원,병원,송파구
JDQ4MTg4MSM1MSMkMSMkMCMkOTkkMzgxMzUxIzIxIyQxIyQ1IyQ5OSQyNjE4MzIjNjEjJDEjJDAjJDgz,4,외과,1,0,호산여성병원,병원,강남구
JDQ4MTg4MSM1MSMkMSMkMCMkOTkkMzgxMzUxIzIxIyQxIyQ1IyQ5OSQyNjE4MzIjNjEjJDEjJDAjJDgz,10,산부인과,8,0,호산여성병원,병원,강남구
JDQ4MTg4MSM1MSMkMSMkMCMkOTkkMzgxMzUxIzIxIyQxIyQ1IyQ5OSQyNjE4MzIjNjEjJDEjJDAjJDgz,11,소아청소년과,1,0,호산여성병원,병원,강남구
JDQ4MTg4MSM1MSMkMSMkNCMkOTkkMzgxMzUxIzExIyQxIyQzIyQ3OSQyNjEwMDIjODEjJDEjJDIjJDgz,1,내과,2,0,힘찬병원,병원,양천구
JDQ4MTg4MSM1MSMkMSMkNCMkOTkkMzgxMzUxIzExIyQxIyQzIyQ3OSQyNjEwMDIjODEjJDEjJDIjJDgz,2,신경과,0,0,힘찬병원,병원,양천구
JDQ4MTg4MSM1MSMkMSMkNCMkOTkkMzgxMzUxIzExIyQxIyQzIyQ3OSQyNjEwMDIjODEjJDEjJDIjJDgz,5,정형외과,10,0,힘찬병원,병원,양천구
JDQ4MTg4MSM1MSMkMSMkNCMkOTkkMzgxMzUxIzExIyQxIyQzIyQ3OSQyNjEwMDIjODEjJDEjJDIjJDgz,6,신경외과,2,0,힘찬병원,병원,양천구
JDQ4MTg4MSM1MSMkMSMkNCMkOTkkMzgxMzUxIzExIyQxIyQzIyQ3OSQyNjEwMDIjODEjJDEjJDIjJDgz,9,마취통증의학과,2,0,힘찬병원,병원,양천구
JDQ4MTg4MSM1MSMkMSMkNCMkOTkkMzgxMzUxIzExIyQxIyQzIyQ3OSQyNjEwMDIjODEjJDEjJDIjJDgz,16,영상의학과,2,0,힘찬병원,병원,양천구
JDQ4MTg4MSM1MSMkMSMkNCMkOTkkMzgxMzUxIzExIyQxIyQzIyQ3OSQyNjEwMDIjODEjJDEjJDIjJDgz,19,진단검사의학과,0,0,힘찬병원,병원,양천구
JDQ4MTg4MSM1MSMkMSMkMCMkOTIkMzgxMzUxIzExIyQxIyQzIyQ5OSQyNjE4MzIjODEjJDEjJDIjJDgz,1,내과,0,0,강북구보건소,보건소,강북구
JDQ4MTg4MSM1MSMkMSMkMCMkOTIkMzgxMzUxIzExIyQxIyQzIyQ5OSQyNjE4MzIjODEjJDEjJDIjJDgz,10,산부인과,1,0,강북구보건소,보건소,강북구
JDQ4MTg4MSM1MSMkMSMkMCMkOTIkMzgxMzUxIzExIyQxIyQzIyQ5OSQyNjE4MzIjODEjJDEjJDIjJDgz,11,소아청소년과,2,0,강북구보건소,보건소,강북구
JDQ4MTg4MSM1MSMkMSMkMCMkOTIkMzgxMzUxIzExIyQxIyQzIyQ5OSQyNjE4MzIjODEjJDEjJDIjJDgz,20,결핵과,0,0,강북구보건소,보건소,강북구
JDQ4MTg4MSM1MSMkMSMkMCMkOTIkMzgxMzUxIzExIyQxIyQzIyQ5OSQyNjE4MzIjODEjJDEjJDIjJDgz,23,가정의학과,2,0,강북구보건소,보건소,강북구
JDQ4MTg4MSM1MSMkMSMkMCMkOTIkMzgxMzUxIzExIyQxIyQzIyQ5OSQzNjE0ODEjNjEjJDEjJDgjJDgz,1,내과,0,0,광진구보건소,보건소,광진구
JDQ4MTg4MSM1MSMkMSMkMCMkOTIkMzgxMzUxIzExIyQxIyQzIyQ3OSQzNjE0ODEjNDEjJDEjJDgjJDgz,1,내과,0,0,서대문구보건소,보건소,서대문구
JDQ4MTg4MSM1MSMkMSMkMCMkOTIkMzgxMzUxIzExIyQxIyQzIyQ3OSQzNjE0ODEjNDEjJDEjJDgjJDgz,11,소아청소년과,1,0,서대문구보건소,보건소,서대문구
JDQ4MTg4MSM1MSMkMSMkMCMkOTIkMzgxMzUxIzExIyQxIyQzIyQ4OSQzNjEwMDIjNzEjJDEjJDgjJDgz,80,한방내과,0,0,서울특별시 중구보건소,보건소,중구
JDQ4MTg4MSM1MSMkMSMkMCMkOTIkMzgxMzUxIzExIyQxIyQzIyQ4OSQzNjEwMDIjNzEjJDEjJDgjJDgz,81,한방부인과,0,0,서울특별시 중구보건소,보건소,중구
JDQ4MTg4MSM1MSMkMSMkMCMkOTIkMzgxMzUxIzExIyQxIyQzIyQ4OSQzNjEwMDIjNzEjJDEjJDgjJDgz,82,한방소아과,0,0,서울특별시 중구보건소,보건소,중구
JDQ4MTg4MSM1MSMkMSMkMCMkOTIkMzgxMzUxIzExIyQxIyQzIyQ4OSQzNjEwMDIjNzEjJDEjJDgjJDgz,85,침구과,0,0,서울특별시 중구보건소,보건소,중구
JDQ4MTg4MSM1MSMkMSMkMCMkOTIkMzgxMzUxIzExIyQxIyQzIyQ4OSQzNjE0ODEjODEjJDEjJDYjJDgz,1,내과,0,0,서울특별시강서구보건소,보건소,강서구
JDQ4MTg4MSM1MSMkMSMkMCMkOTIkMzgxMzUxIzExIyQxIyQzIyQ4OSQzNjE0ODEjODEjJDEjJDYjJDgz,59,예방치과,0,0,서울특별시강서구보건소,보건소,강서구
JDQ4MTg4MSM1MSMkMSMkMCMkOTIkMzgxMzUxIzExIyQxIyQzIyQ4OSQzNjE0ODEjODEjJDEjJDYjJDgz,61,통합치의학과,0,0,서울특별시강서구보건소,보건소,강서구
JDQ4MTg4MSM1MSMkMSMkMCMkOTIkMzgxMzUxIzExIyQxIyQzIyQ5OSQzNjEwMDIjNjEjJDEjJDAjJDgz,1,내과,1,0,서울특별시금천구보건소,보건소,금천구
JDQ4MTg4MSM1MSMkMSMkMCMkOTIkMzgxMzUxIzExIyQxIyQzIyQ4OSQyNjE0ODEjNjEjJDEjJDgjJDgz,1,내과,1,0,서울특별시송파구보건소,보건소,송파구
JDQ4MTg4MSM1MSMkMSMkMCMkOTIkMzgxMzUxIzExIyQxIyQzIyQ4OSQyNjEwMDIjNjEjJDEjJDAjJDgz,1,내과,0,0,서울특별시중랑구보건소,보건소,중랑구
JDQ4MTg4MSM1MSMkMSMkMCMkOTIkMzgxMzUxIzExIyQxIyQzIyQ3OSQ0NjE0ODEjNjEjJDEjJDAjJDgz,1,내과,1,0,영등포구보건소,보건소,영등포구
JDQ4MTg4MSM1MSMkMSMkMCMkOTIkMzgxMzUxIzExIyQxIyQzIyQ3OSQzNjE4MzIjNjEjJDEjJDgjJDgz,1,내과,0,0,은평구보건소,보건소,은평구
JDQ4MTg4MSM1MSMkMSMkMCMkOTIkMzgxMzUxIzExIyQxIyQzIyQ3OSQzNjE4MzIjNjEjJDEjJDgjJDgz,10,산부인과,0,0,은평구보건소,보건소,은평구
JDQ4MTg4MSM1MSMkMSMkMCMkOTIkMzgxMzUxIzExIyQxIyQzIyQ3OSQzNjE4MzIjNjEjJDEjJDgjJDgz,11,소아청소년과,2,0,은평구보건소,보건소,은평구
JDQ4MTg4MSM1MSMkMSMkMCMkOTIkMzgxMzUxIzExIyQxIyQzIyQ3OSQzNjE4MzIjNjEjJDEjJDgjJDgz,20,결핵과,0,0,은평구보건소,보건소,은평구
JDQ4MTg4MSM1MSMkMSMkMCMkOTIkMzgxMTkxIzExIyQxIyQzIyQ3OSQzNjE4MzIjNzEjJDEjJDgjJDgz,23,가정의학과,0,0,구로구 오류보건지소,보건지소,구로구
JDQ4MTg4MSM1MSMkMSMkNCMkOTIkMzgxOTYxIzExIyQxIyQzIyQ3OSQyNjE0ODEjODEjJDEjJDIjJDgz,1,내과,0,0,서초보건지소,보건지소,서초구
JDQ4MTg4MSM1MSMkMSMkNCMkOTIkMzgxOTYxIzExIyQxIyQzIyQ3OSQyNjE0ODEjODEjJDEjJDIjJDgz,3,정신건강의학과,0,0,서초보건지소,보건지소,서초구
JDQ4MTg4MSM1MSMkMSMkNCMkOTIkMzgxOTYxIzExIyQxIyQzIyQ3OSQyNjE0ODEjODEjJDEjJDIjJDgz,10,산부인과,0,0,서초보건지소,보건지소,서초구
JDQ4MTg4MSM1MSMkMSMkNCMkOTIkMzgxOTYxIzExIyQxIyQzIyQ3OSQyNjE0ODEjODEjJDEjJDIjJDgz,11,소아청소년과,0,0,서초보건지소,보건지소,서초구
JDQ4MTg4MSM1MSMkMSMkNCMkOTIkMzgxOTYxIzExIyQxIyQzIyQ3OSQyNjE0ODEjODEjJDEjJDIjJDgz,23,가정의학과,0,0,서초보건지소,보건지소,서초구
JDQ4MTg4MSM1MSMkMSMkNCMkOTIkMzgxOTYxIzExIyQxIyQzIyQ3OSQyNjE0ODEjODEjJDEjJDIjJDgz,26,예방의학과,0,0,서초보건지소,보건지소,서초구
JDQ4MTg4MSM1MSMkMSMkMCMkOTIkMzgxMTkxIzExIyQxIyQzIyQ3OSQyNjEwMDIjODEjJDEjJDIjJDgz,1,내과,0,0,송파구보건지소,보건지소,송파구
JDQ4MTg4MSM1MSMkMSMkMCMkOTIkMzgxMTkxIzExIyQxIyQzIyQ3OSQyNjEwMDIjODEjJDEjJDIjJDgz,21,재활의학과,0,0,송파구보건지소,보건지소,송파구
JDQ4MTg4MSM1MSMkMSMkMCMkOTIkMzgxMTkxIzExIyQxIyQzIyQ3OSQyNjEwMDIjODEjJDEjJDIjJDgz,23,가정의학과,0,0,송파구보건지소,보건지소,송파구
JDQ4MTg4MSM1MSMkMSMkMCMkOTIkMzgxMTkxIzExIyQxIyQzIyQ3OSQyNjEwMDIjODEjJDEjJDIjJDgz,26,예방의학과,0,0,송파구보건지소,보건지소,송파구
JDQ4MTg4MSM1MSMkMSMkMCMkOTIkMzgxMTkxIzExIyQxIyQzIyQ3OSQ0NjEwMDIjNTEjJDEjJDYjJDgz,1,내과,0,0,장위석관보건지소,보건지소,성북구
JDQ4MTg4MSM1MSMkMSMkMCMkOTIkMzgxMTkxIzExIyQxIyQzIyQ3OSQ0NjE0ODEjNjEjJDEjJDQjJDgz,1,내과,0,0,정릉보건지소,보건지소,성북구
JDQ4MTg4MSM1MSMkMSMkMCMkODkkMzgxMzUxIzExIyQxIyQzIyQ3OSQ0NjEwMDIjNjEjJDEjJDQjJDgz,1,내과,67,0,강북삼성병원,상급종합,종로구
JDQ4MTg4MSM1MSMkMSMkMCMkODkkMzgxMzUxIzExIyQxIyQzIyQ3OSQ0NjEwMDIjNjEjJDEjJDQjJDgz,2,신경과,8,0,강북삼성병원,상급종합,종로구
JDQ4MTg4MSM1MSMkMSMkMCMkODkkMzgxMzUxIzExIyQxIyQzIyQ3OSQ0NjEwMDIjNjEjJDEjJDQjJDgz,3,정신건강의학과,7,0,강북삼성병원,상급종합,종로구
JDQ4MTg4MSM1MSMkMSMkMCMkODkkMzgxMzUxIzExIyQxIyQzIyQ3OSQ0NjEwMDIjNjEjJDEjJDQjJDgz,4,외과,18,0,강북삼성병원,상급종합,종로구
JDQ4MTg4MSM1MSMkMSMkMCMkODkkMzgxMzUxIzExIyQxIyQzIyQ3OSQ0NjEwMDIjNjEjJDEjJDQjJDgz,5,정형외과,8,0,강북삼성병원,상급종합,종로구
JDQ4MTg4MSM1MSMkMSMkMCMkODkkMzgxMzUxIzExIyQxIyQzIyQ3OSQ0NjEwMDIjNjEjJDEjJDQjJDgz,6,신경외과,8,0,강북삼성병원,상급종합,종로구
JDQ4MTg4MSM1MSMkMSMkMCMkODkkMzgxMzUxIzExIyQxIyQzIyQ3OSQ0NjEwMDIjNjEjJDEjJDQjJDgz,7,심장혈관흉부외과,5,0,강북삼성병원,상급종합,종로구
JDQ4MTg4MSM1MSMkMSMkMCMkODkkMzgxMzUxIzExIyQxIyQzIyQ3OSQ0NjEwMDIjNjEjJDEjJDQjJDgz,8,성형외과,3,0,강북삼성병원,상급종합,종로구
JDQ4MTg4MSM1MSMkMSMkMCMkODkkMzgxMzUxIzExIyQxIyQzIyQ3OSQ0NjEwMDIjNjEjJDEjJDQjJDgz,9,마취통증의학과,12,0,강북삼성병원,상급종합,종로구
JDQ4MTg4MSM1MSMkMSMkMCMkODkkMzgxMzUxIzExIyQxIyQzIyQ3OSQ0NjEwMDIjNjEjJDEjJDQjJDgz,10,산부인과,8,0,강북삼성병원,상급종합,종로구
JDQ4MTg4MSM1MSMkMSMkMCMkODkkMzgxMzUxIzExIyQxIyQzIyQ3OSQ0NjEwMDIjNjEjJDEjJDQjJDgz,11,소아청소년과,14,0,강북삼성병원,상급종합,종로구
JDQ4MTg4MSM1MSMkMSMkMCMkODkkMzgxMzUxIzExIyQxIyQzIyQ3OSQ0NjEwMDIjNjEjJDEjJDQjJDgz,12,안과,7,0,강북삼성병원,상급종합,종로구
JDQ4MTg4MSM1MSMkMSMkMCMkODkkMzgxMzUxIzExIyQxIyQzIyQ3OSQ0NjEwMDIjNjEjJDEjJDQjJDgz,13,이비인후과,7,0,강북삼성병원,상급종합,종로구
JDQ4MTg4MSM1MSMkMSMkMCMkODkkMzgxMzUxIzExIyQxIyQzIyQ3OSQ0NjEwMDIjNjEjJDEjJDQjJDgz,14,피부과,4,0,강북삼성병원,상급종합,종로구
JDQ4MTg4MSM1MSMkMSMkMCMkODkkMzgxMzUxIzExIyQxIyQzIyQ3OSQ0NjEwMDIjNjEjJDEjJDQjJDgz,15,비뇨의학과,8,0,강북삼성병원,상급종합,종로구
JDQ4MTg4MSM1MSMkMSMkMCMkODkkMzgxMzUxIzExIyQxIyQzIyQ3OSQ0NjEwMDIjNjEjJDEjJDQjJDgz,16,영상의학과,23,0,강북삼성병원,상급종합,종로구
JDQ4MTg4MSM1MSMkMSMkMCMkODkkMzgxMzUxIzExIyQxIyQzIyQ3OSQ0NjEwMDIjNjEjJDEjJDQjJDgz,17,방사선종양학과,3,0,강북삼성병원,상급종합,종로구
JDQ4MTg4MSM1MSMkMSMkMCMkODkkMzgxMzUxIzExIyQxIyQzIyQ3OSQ0NjEwMDIjNjEjJDEjJDQjJDgz,18,병리과,13,0,강북삼성병원,상급종합,종로구
JDQ4MTg4MSM1MSMkMSMkMCMkODkkMzgxMzUxIzExIyQxIyQzIyQ3OSQ0NjEwMDIjNjEjJDEjJDQjJDgz,19,진단검사의학과,6,0,강북삼성병원,상급종합,종로구
JDQ4MTg4MSM1MSMkMSMkMCMkODkkMzgxMzUxIzExIyQxIyQzIyQ3OSQ0NjEwMDIjNjEjJDEjJDQjJDgz,21,재활의학과,4,0,강북삼성병원,상급종합,종로구
JDQ4MTg4MSM1MSMkMSMkMCMkODkkMzgxMzUxIzExIyQxIyQzIyQ3OSQ0NjEwMDIjNjEjJDEjJDQjJDgz,22,핵의학과,3,0,강북삼성병원,상급종합,종로구
JDQ4MTg4MSM1MSMkMSMkMCMkODkkMzgxMzUxIzExIyQxIyQzIyQ3OSQ0NjEwMDIjNjEjJDEjJDQjJDgz,23,가정의학과,7,0,강북삼성병원,상급종합,종로구
JDQ4MTg4MSM1MSMkMSMkMCMkODkkMzgxMzUxIzExIyQxIyQzIyQ3OSQ0NjEwMDIjNjEjJDEjJDQjJDgz,24,응급의학과,8,0,강북삼성병원,상급종합,종로구
JDQ4MTg4MSM1MSMkMSMkMCMkODkkMzgxMzUxIzExIyQxIyQzIyQ3OSQ0NjEwMDIjNjEjJDEjJDQjJDgz,25,직업환경의학과,10,0,강북삼성병원,상급종합,종로구
JDQ4MTg4MSM1MSMkMSMkMCMkODkkMzgxMzUxIzExIyQxIyQzIyQ3OSQ0NjEwMDIjNjEjJDEjJDQjJDgz,50,구강악안면외과,1,0,강북삼성병원,상급종합,종로구
JDQ4MTg4MSM1MSMkMSMkMCMkODkkMzgxMzUxIzExIyQxIyQzIyQ3OSQ0NjEwMDIjNjEjJDEjJDQjJDgz,51,치과보철과,2,0,강북삼성병원,상급종합,종로구
JDQ4MTg4MSM1MSMkMSMkMCMkODkkMzgxMzUxIzExIyQxIyQzIyQ3OSQ0NjEwMDIjNjEjJDEjJDQjJDgz,52,치과교정과,0,0,강북삼성병원,상급종합,종로구
JDQ4MTg4MSM1MSMkMSMkMCMkODkkMzgxMzUxIzExIyQxIyQzIyQ3OSQ0NjEwMDIjNjEjJDEjJDQjJDgz,54,치주과,1,0,강북삼성병원,상급종합,종로구
JDQ4MTg4MSM1MSMkMSMkMCMkODkkMzgxMzUxIzExIyQxIyQzIyQ3OSQ0NjEwMDIjNjEjJDEjJDQjJDgz,55,치과보존과,0,0,강북삼성병원,상급종합,종로구
JDQ4MTg4MSM1MSMkMSMkMCMkODkkMzgxMzUxIzExIyQxIyQzIyQ2MiQyNjE4MzIjNjEjJDEjJDQjJDgz,1,내과,65,0,건국대학교병원,상급종합,광진구
JDQ4MTg4MSM1MSMkMSMkMCMkODkkMzgxMzUxIzExIyQxIyQzIyQ2MiQyNjE4MzIjNjEjJDEjJDQjJDgz,2,신경과,11,0,건국대학교병원,상급종합,광진구
JDQ4MTg4MSM1MSMkMSMkMCMkODkkMzgxMzUxIzExIyQxIyQzIyQ2MiQyNjE4MzIjNjEjJDEjJDQjJDgz,3,정신건강의학과,5,0,건국대학교병원,상급종합,광진구
JDQ4MTg4MSM1MSMkMSMkMCMkODkkMzgxMzUxIzExIyQxIyQzIyQ2MiQyNjE4MzIjNjEjJDEjJDQjJDgz,4,외과,16,0,건국대학교병원,상급종합,광진구
JDQ4MTg4MSM1MSMkMSMkMCMkODkkMzgxMzUxIzExIyQxIyQzIyQ2MiQyNjE4MzIjNjEjJDEjJDQjJDgz,5,정형외과,10,0,건국대학교병원,상급종합,광진구
JDQ4MTg4MSM1MSMkMSMkMCMkODkkMzgxMzUxIzExIyQxIyQzIyQ2MiQyNjE4MzIjNjEjJDEjJDQjJDgz,6,신경외과,6,0,건국대학교병원,상급종합,광진구
JDQ4MTg4MSM1MSMkMSMkMCMkODkkMzgxMzUxIzExIyQxIyQzIyQ2MiQyNjE4MzIjNjEjJDEjJDQjJDgz,7,심장혈관흉부외과,4,0,건국대학교병원,상급종합,광진구
JDQ4MTg4MSM1MSMkMSMkMCMkODkkMzgxMzUxIzExIyQxIyQzIyQ2MiQyNjE4MzIjNjEjJDEjJDQjJDgz,8,성형외과,4,0,건국대학교병원,상급종합,광진구
JDQ4MTg4MSM1MSMkMSMkMCMkODkkMzgxMzUxIzExIyQxIyQzIyQ2MiQyNjE4MzIjNjEjJDEjJDQjJDgz,9,마취통증의학과,14,0,건국대학교병원,상급종합,광진구
JDQ4MTg4MSM1MSMkMSMkMCMkODkkMzgxMzUxIzExIyQxIyQzIyQ2MiQyNjE4MzIjNjEjJDEjJDQjJDgz,10,산부인과,12,0,건국대학교병원,상급종합,광진구
JDQ4MTg4MSM1MSMkMSMkMCMkODkkMzgxMzUxIzExIyQxIyQzIyQ2MiQyNjE4MzIjNjEjJDEjJDQjJDgz,11,소아청소년과,9,0,건국대학교병원,상급종합,광진구
JDQ4MTg4MSM1MSMkMSMkMCMkODkkMzgxMzUxIzExIyQxIyQzIyQ2MiQyNjE4MzIjNjEjJDEjJDQjJDgz,12,안과,6,0,건국대학교병원,상급종합,광진구
JDQ4MTg4MSM1MSMkMSMkMCMkODkkMzgxMzUxIzExIyQxIyQzIyQ2MiQyNjE4MzIjNjEjJDEjJDQjJDgz,13,이비인후과,7,0,건국대학교병원,상급종합,광진구
JDQ4MTg4MSM1MSMkMSMkMCMkODkkMzgxMzUxIzExIyQxIyQzIyQ2MiQyNjE4MzIjNjEjJDEjJDQjJDgz,14,피부과,4,0,건국대학교병원,상급종합,광진구
JDQ4MTg4MSM1MSMkMSMkMCMkODkkMzgxMzUxIzExIyQxIyQzIyQ2MiQyNjE4MzIjNjEjJDEjJDQjJDgz,15,비뇨의학과,4,0,건국대학교병원,상급종합,광진구
JDQ4MTg4MSM1MSMkMSMkMCMkODkkMzgxMzUxIzExIyQxIyQzIyQ2MiQyNjE4MzIjNjEjJDEjJDQjJDgz,16,영상의학과,29,0,건국대학교병원,상급종합,광진구
JDQ4MTg4MSM1MSMkMSMkMCMkODkkMzgxMzUxIzExIyQxIyQzIyQ2MiQyNjE4MzIjNjEjJDEjJDQjJDgz,17,방사선종양학과,3,0,건국대학교병원,상급종합,광진구
JDQ4MTg4MSM1MSMkMSMkMCMkODkkMzgxMzUxIzExIyQxIyQzIyQ2MiQyNjE4MzIjNjEjJDEjJDQjJDgz,18,병리과,9,0,건국대학교병원,상급종합,광진구
JDQ4MTg4MSM1MSMkMSMkMCMkODkkMzgxMzUxIzExIyQxIyQzIyQ2MiQyNjE4MzIjNjEjJDEjJDQjJDgz,19,진단검사의학과,6,0,건국대학교병원,상급종합,광진구
JDQ4MTg4MSM1MSMkMSMkMCMkODkkMzgxMzUxIzExIyQxIyQzIyQ2MiQyNjE4MzIjNjEjJDEjJDQjJDgz,21,재활의학과,4,0,건국대학교병원,상급종합,광진구
JDQ4MTg4MSM1MSMkMSMkMCMkODkkMzgxMzUxIzExIyQxIyQzIyQ2MiQyNjE4MzIjNjEjJDEjJDQjJDgz,22,핵의학과,2,0,건국대학교병원,상급종합,광진구
JDQ4MTg4MSM1MSMkMSMkMCMkODkkMzgxMzUxIzExIyQxIyQzIyQ2MiQyNjE4MzIjNjEjJDEjJDQjJDgz,23,가정의학과,6,0,건국대학교병원,상급종합,광진구
JDQ4MTg4MSM1MSMkMSMkMCMkODkkMzgxMzUxIzExIyQxIyQzIyQ2MiQyNjE4MzIjNjEjJDEjJDQjJDgz,24,응급의학과,7,0,건국대학교병원,상급종합,광진구
JDQ4MTg4MSM1MSMkMSMkMCMkODkkMzgxMzUxIzExIyQxIyQzIyQ2MiQyNjE4MzIjNjEjJDEjJDQjJDgz,50,구강악안면외과,1,0,건국대학교병원,상급종합,광진구
JDQ4MTg4MSM1MSMkMSMkMCMkODkkMzgxMzUxIzExIyQxIyQzIyQ2MiQyNjE4MzIjNjEjJDEjJDQjJDgz,51,치과보철과,0,0,건국대학교병원,상급종합,광진구
JDQ4MTg4MSM1MSMkMSMkMCMkODkkMzgxMzUxIzExIyQxIyQzIyQ2MiQyNjE4MzIjNjEjJDEjJDQjJDgz,52,치과교정과,0,0,건국대학교병원,상급종합,광진구
JDQ4MTg4MSM1MSMkMSMkMCMkODkkMzgxMzUxIzExIyQxIyQzIyQ4OSQzNjEyMjIjODEjJDEjJDIjJDgz,1,내과,71,0,경희대학교병원,상급종합,동대문구
JDQ4MTg4MSM1MSMkMSMkMCMkODkkMzgxMzUxIzExIyQxIyQzIyQ4OSQzNjEyMjIjODEjJDEjJDIjJDgz,2,신경과,10,0,경희대학교병원,상급종합,동대문구
JDQ4MTg4MSM1MSMkMSMkMCMkODkkMzgxMzUxIzExIyQxIyQzIyQ4OSQzNjEyMjIjODEjJDEjJDIjJDgz,3,정신건강의학과,7,0,경희대학교병원,상급종합,동대문구
JDQ4MTg4MSM1MSMkMSMkMCMkODkkMzgxMzUxIzExIyQxIyQzIyQ4OSQzNjEyMjIjODEjJDEjJDIjJDgz,4,외과,14,0,경희대학교병원,상급종합,동대문구
JDQ4MTg4MSM1MSMkMSMkMCMkODkkMzgxMzUxIzExIyQxIyQzIyQ4OSQzNjEyMjIjODEjJDEjJDIjJDgz,5,정형외과,16,0,경희대학교병원,상급종합,동대문구
JDQ4MTg4MSM1MSMkMSMkMCMkODkkMzgxMzUxIzExIyQxIyQzIyQ4OSQzNjEyMjIjODEjJDEjJDIjJDgz,6,신경외과,6,0,경희대학교병원,상급종합,동대문구
JDQ4MTg4MSM1MSMkMSMkMCMkODkkMzgxMzUxIzExIyQxIyQzIyQ4OSQzNjEyMjIjODEjJDEjJDIjJDgz,7,심장혈관흉부외과,4,0,경희대학교병원,상급종합,동대문구
JDQ4MTg4MSM1MSMkMSMkMCMkODkkMzgxMzUxIzExIyQxIyQzIyQ4OSQzNjEyMjIjODEjJDEjJDIjJDgz,8,성형외과,3,0,경희대학교병원,상급종합,동대문구
JDQ4MTg4MSM1MSMkMSMkMCMkODkkMzgxMzUxIzExIyQxIyQzIyQ4OSQzNjEyMjIjODEjJDEjJDIjJDgz,9,마취통증의학과,13,0,경희대학교병원,상급종합,동대문구
JDQ4MTg4MSM1MSMkMSMkMCMkODkkMzgxMzUxIzExIyQxIyQzIyQ4OSQzNjEyMjIjODEjJDEjJDIjJDgz,10,산부인과,6,0,경희대학교병원,상급종합,동대문구
JDQ4MTg4MSM1MSMkMSMkMCMkODkkMzgxMzUxIzExIyQxIyQzIyQ4OSQzNjEyMjIjODEjJDEjJDIjJDgz,11,소아청소년과,14,0,경희대학교병원,상급종합,동대문구
JDQ4MTg4MSM1MSMkMSMkMCMkODkkMzgxMzUxIzExIyQxIyQzIyQ4OSQzNjEyMjIjODEjJDEjJDIjJDgz,12,안과,7,0,경희대학교병원,상급종합,동대문구
JDQ4MTg4MSM1MSMkMSMkMCMkODkkMzgxMzUxIzExIyQxIyQzIyQ4OSQzNjEyMjIjODEjJDEjJDIjJDgz,13,이비인후과,7,0,경희대학교병원,상급종합,동대문구
JDQ4MTg4MSM1MSMkMSMkMCMkODkkMzgxMzUxIzExIyQxIyQzIyQ4OSQzNjEyMjIjODEjJDEjJDIjJDgz,14,피부과,3,0,경희대학교병원,상급종합,동대문구
JDQ4MTg4MSM1MSMkMSMkMCMkODkkMzgxMzUxIzExIyQxIyQzIyQ4OSQzNjEyMjIjODEjJDEjJDIjJDgz,15,비뇨의학과,4,0,경희대학교병원,상급종합,동대문구
JDQ4MTg4MSM1MSMkMSMkMCMkODkkMzgxMzUxIzExIyQxIyQzIyQ4OSQzNjEyMjIjODEjJDEjJDIjJDgz,16,영상의학과,18,0,경희대학교병원,상급종합,동대문구
JDQ4MTg4MSM1MSMkMSMkMCMkODkkMzgxMzUxIzExIyQxIyQzIyQ4OSQzNjEyMjIjODEjJDEjJDIjJDgz,17,방사선종양학과,3,0,경희대학교병원,상급종합,동대문구
JDQ4MTg4MSM1MSMkMSMkMCMkODkkMzgxMzUxIzExIyQxIyQzIyQ4OSQzNjEyMjIjODEjJDEjJDIjJDgz,18,병리과,5,0,경희대학교병원,상급종합,동대문구
JDQ4MTg4MSM1MSMkMSMkMCMkODkkMzgxMzUxIzExIyQxIyQzIyQ4OSQzNjEyMjIjODEjJDEjJDIjJDgz,19,진단검사의학과,6,0,경희대학교병원,상급종합,동대문구
JDQ4MTg4MSM1MSMkMSMkMCMkODkkMzgxMzUxIzExIyQxIyQzIyQ4OSQzNjEyMjIjODEjJDEjJDIjJDgz,21,재활의학과,7,0,경희대학교병원,상급종합,동대문구
JDQ4MTg4MSM1MSMkMSMkMCMkODkkMzgxMzUxIzExIyQxIyQzIyQ4OSQzNjEyMjIjODEjJDEjJDIjJDgz,22,핵의학과,3,0,경희대학교병원,상급종합,동대문구
JDQ4MTg4MSM1MSMkMSMkMCMkODkkMzgxMzUxIzExIyQxIyQzIyQ4OSQzNjEyMjIjODEjJDEjJDIjJDgz,23,가정의학과,3,0,경희대학교병원,상급종합,동대문구
JDQ4MTg4MSM1MSMkMSMkMCMkODkkMzgxMzUxIzExIyQxIyQzIyQ4OSQzNjEyMjIjODEjJDEjJDIjJDgz,24,응급의학과,10,0,경희대학교병원,상급종합,동대문구
JDQ4MTg4MSM1MSMkMSMkMCMkODkkMzgxMzUxIzExIyQxIyQzIyQ4OSQzNjEyMjIjODEjJDEjJDIjJDgz,25,직업환경의학과,4,0,경희대학교병원,상급종합,동대문구
JDQ4MTg4MSM1MSMkMSMkMCMkODkkMzgxMzUxIzExIyQxIyQzIyQ4OSQzNjEyMjIjODEjJDEjJDIjJDgz,50,구강악안면외과,0,0,경희대학교병원,상급종합,동대문구
JDQ4MTg4MSM1MSMkMSMkMCMkODkkMzgxMzUxIzExIyQxIyQzIyQ2MiQ0NjEwMDIjNjEjJDEjJDAjJDgz,1,내과,80,0,고려대학교의과대학부속구로병원,상급종합,구로구
JDQ4MTg4MSM1MSMkMSMkMCMkODkkMzgxMzUxIzExIyQxIyQzIyQ2MiQ0NjEwMDIjNjEjJDEjJDAjJDgz,2,신경과,12,0,고려대학교의과대학부속구로병원,상급종합,구로구
JDQ4MTg4MSM1MSMkMSMkMCMkODkkMzgxMzUxIzExIyQxIyQzIyQ2MiQ0NjEwMDIjNjEjJDEjJDAjJDgz,3,정신건강의학과,6,0,고려대학교의과대학부속구로병원,상급종합,구로구
JDQ4MTg4MSM1MSMkMSMkMCMkODkkMzgxMzUxIzExIyQxIyQzIyQ2MiQ0NjEwMDIjNjEjJDEjJDAjJDgz,4,외과,29,0,고려대학교의과대학부속구로병원,상급종합,구로구
JDQ4MTg4MSM1MSMkMSMkMCMkODkkMzgxMzUxIzExIyQxIyQzIyQ2MiQ0NjEwMDIjNjEjJDEjJDAjJDgz,5,정형외과,15,0,고려대학교의과대학부속구로병원,상급종합,구로구
JDQ4MTg4MSM1MSMkMSMkMCMkODkkMzgxMzUxIzExIyQxIyQzIyQ2MiQ0NjEwMDIjNjEjJDEjJDAjJDgz,6,신경외과,13,0,고려대학교의과대학부속구로병원,상급종합,구로구
JDQ4MTg4MSM1MSMkMSMkMCMkODkkMzgxMzUxIzExIyQxIyQzIyQ2MiQ0NjEwMDIjNjEjJDEjJDAjJDgz,7,심장혈관흉부외과,7,0,고려대학교의과대학부속구로병원,상급종합,구로구
JDQ4MTg4MSM1MSMkMSMkMCMkODkkMzgxMzUxIzExIyQxIyQzIyQ2MiQ0NjEwMDIjNjEjJDEjJDAjJDgz,8,성형외과,6,0,고려대학교의과대학부속구로병원,상급종합,구로구
JDQ4MTg4MSM1MSMkMSMkMCMkODkkMzgxMzUxIzExIyQxIyQzIyQ2MiQ0NjEwMDIjNjEjJDEjJDAjJDgz,9,마취통증의학과,16,0,고려대학교의과대학부속구로병원,상급종합,구로구
JDQ4MTg4MSM1MSMkMSMkMCMkODkkMzgxMzUxIzExIyQxIyQzIyQ2MiQ0NjEwMDIjNjEjJDEjJDAjJDgz,10,산부인과,13,0,고려대학교의과대학부속구로병원,상급종합,구로구
JDQ4MTg4MSM1MSMkMSMkMCMkODkkMzgxMzUxIzExIyQxIyQzIyQ2MiQ0NjEwMDIjNjEjJDEjJDAjJDgz,11,소아청소년과,20,0,고려대학교의과대학부속구로병원,상급종합,구로구
JDQ4MTg4MSM1MSMkMSMkMCMkODkkMzgxMzUxIzExIyQxIyQzIyQ2MiQ0NjEwMDIjNjEjJDEjJDAjJDgz,12,안과,10,0,고려대학교의과대학부속구로병원,상급종합,구로구
JDQ4MTg4MSM1MSMkMSMkMCMkODkkMzgxMzUxIzExIyQxIyQzIyQ2MiQ0NjEwMDIjNjEjJDEjJDAjJDgz,13,이비인후과,8,0,고려대학교의과대학부속구로병원,상급종합,구로구
JDQ4MTg4MSM1MSMkMSMkMCMkODkkMzgxMzUxIzExIyQxIyQzIyQ2MiQ0NjEwMDIjNjEjJDEjJDAjJDgz,14,피부과,4,0,고려대학교의과대학부속구로병원,상급종합,구로구
JDQ4MTg4MSM1MSMkMSMkMCMkODkkMzgxMzUxIzExIyQxIyQzIyQ2MiQ0NjEwMDIjNjEjJDEjJDAjJDgz,15,비뇨의학과,7,0,고려대학교의과대학부속구로병원,상급종합,구로구
JDQ4MTg4MSM1MSMkMSMkMCMkODkkMzgxMzUxIzExIyQxIyQzIyQ2MiQ0NjEwMDIjNjEjJDEjJDAjJDgz,16,영상의학과,31,0,고려대학교의과대학부속구로병원,상급종합,구로구
JDQ4MTg4MSM1MSMkMSMkMCMkODkkMzgxMzUxIzExIyQxIyQzIyQ2MiQ0NjEwMDIjNjEjJDEjJDAjJDgz,17,방사선종양학과,4,0,고려대학교의과대학부속구로병원,상급종합,구로구
JDQ4MTg4MSM1MSMkMSMkMCMkODkkMzgxMzUxIzExIyQxIyQzIyQ2MiQ0NjEwMDIjNjEjJDEjJDAjJDgz,18,병리과,6,0,고려대학교의과대학부속구로병원,상급종합,구로구
JDQ4MTg4MSM1MSMkMSMkMCMkODkkMzgxMzUxIzExIyQxIyQzIyQ2MiQ0NjEwMDIjNjEjJDEjJDAjJDgz,19,진단검사의학과,6,0,고려대학교의과대학부속구로병원,상급종합,구로구
JDQ4MTg4MSM1MSMkMSMkMCMkODkkMzgxMzUxIzExIyQxIyQzIyQ2MiQ0NjEwMDIjNjEjJDEjJDAjJDgz,21,재활의학과,4,0,고려대학교의과대학부속구로병원,상급종합,구로구
JDQ4MTg4MSM1MSMkMSMkMCMkODkkMzgxMzUxIzExIyQxIyQzIyQ2MiQ0NjEwMDIjNjEjJDEjJDAjJDgz,22,핵의학과,3,0,고려대학교의과대학부속구로병원,상급종합,구로구
JDQ4MTg4MSM1MSMkMSMkMCMkODkkMzgxMzUxIzExIyQxIyQzIyQ2MiQ0NjEwMDIjNjEjJDEjJDAjJDgz,23,가정의학과,10,0,고려대학교의과대학부속구로병원,상급종합,구로구
JDQ4MTg4MSM1MSMkMSMkMCMkODkkMzgxMzUxIzExIyQxIyQzIyQ2MiQ0NjEwMDIjNjEjJDEjJDAjJDgz,24,응급의학과,11,0,고려대학교의과대학부속구로병원,상급종합,구로구
JDQ4MTg4MSM1MSMkMSMkMCMkODkkMzgxMzUxIzExIyQxIyQzIyQ2MiQ0NjEwMDIjNjEjJDEjJDAjJDgz,50,구강악안면외과,3,0,고려대학교의과대학부속구로병원,상급종합,구로구
JDQ4MTg4MSM1MSMkMSMkMCMkODkkMzgxMzUxIzExIyQxIyQzIyQ2MiQ0NjEwMDIjNjEjJDEjJDAjJDgz,51,치과보철과,3,0,고려대학교의과대학부속구로병원,상급종합,구로구
JDQ4MTg4MSM1MSMkMSMkMCMkODkkMzgxMzUxIzExIyQxIyQzIyQ2MiQ0NjEwMDIjNjEjJDEjJDAjJDgz,52,치과교정과,2,0,고려대학교의과대학부속구로병원,상급종합,구로구
JDQ4MTg4MSM1MSMkMSMkMCMkODkkMzgxMzUxIzExIyQxIyQzIyQ2MiQ0NjEwMDIjNjEjJDEjJDAjJDgz,54,치주과,1,0,고려대학교의과대학부속구로병원,상급종합,구로구
JDQ4MTg4MSM1MSMkMSMkMCMkODkkMzgxMzUxIzExIyQxIyQzIyQ2MiQ0NjEwMDIjNjEjJDEjJDAjJDgz,55,치과보존과,1,0,고려대학교의과대학부속구로병원,상급종합,구로구
JDQ4MTg4MSM1MSMkMSMkMCMkODkkMzgxMzUxIzExIyQxIyQzIyQ2MiQ0NjEwMDIjNjEjJDEjJDAjJDgz,59,예방치과,0,0,고려대학교의과대학부속구로병원,상급종합,구로구
JDQ4MTg4MSM1MSMkMSMkMCMkODkkMzgxMzUxIzExIyQxIyQzIyQxMyQzNjEwMDIjODEjJDEjJDIjJDgz,1,내과,209,0,삼성서울병원,상급종합,강남구
JDQ4MTg4MSM1MSMkMSMkMCMkODkkMzgxMzUxIzExIyQxIyQzIyQxMyQzNjEwMDIjODEjJDEjJDIjJDgz,2,신경과,32,0,삼성서울병원,상급종합,강남구
JDQ4MTg4MSM1MSMkMSMkMCMkODkkMzgxMzUxIzExIyQxIyQzIyQxMyQzNjEwMDIjODEjJDEjJDIjJDgz,3,정신건강의학과,14,0,삼성서울병원,상급종합,강남구
JDQ4MTg4MSM1MSMkMSMkMCMkODkkMzgxMzUxIzExIyQxIyQzIyQxMyQzNjEwMDIjODEjJDEjJDIjJDgz,4,외과,87,0,삼성서울병원,상급종합,강남구
JDQ4MTg4MSM1MSMkMSMkMCMkODkkMzgxMzUxIzExIyQxIyQzIyQxMyQzNjEwMDIjODEjJDEjJDIjJDgz,5,정형외과,25,0,삼성서울병원,상급종합,강남구
JDQ4MTg4MSM1MSMkMSMkMCMkODkkMzgxMzUxIzExIyQxIyQzIyQxMyQzNjEwMDIjODEjJDEjJDIjJDgz,6,신경외과,18,0,삼성서울병원,상급종합,강남구
JDQ4MTg4MSM1MSMkMSMkMCMkODkkMzgxMzUxIzExIyQxIyQzIyQxMyQzNjEwMDIjODEjJDEjJDIjJDgz,7,심장혈관흉부외과,24,0,삼성서울병원,상급종합,강남구
JDQ4MTg4MSM1MSMkMSMkMCMkODkkMzgxMzUxIzExIyQxIyQzIyQxMyQzNjEwMDIjODEjJDEjJDIjJDgz,8,성형외과,11,0,삼성서울병원,상급종합,강남구
JDQ4MTg4MSM1MSMkMSMkMCMkODkkMzgxMzUxIzExIyQxIyQzIyQxMyQzNjEwMDIjODEjJDEjJDIjJDgz,9,마취통증의학과,47,0,삼성서울병원,상급종합,강남구
JDQ4MTg4MSM1MSMkMSMkMCMkODkkMzgxMzUxIzExIyQxIyQzIyQxMyQzNjEwMDIjODEjJDEjJDIjJDgz,10,산부인과,20,0,삼성서울병원,상급종합,강남구
JDQ4MTg4MSM1MSMkMSMkMCMkODkkMzgxMzUxIzExIyQxIyQzIyQxMyQzNjEwMDIjODEjJDEjJDIjJDgz,11,소아청소년과,62,0,삼성서울병원,상급종합,강남구
JDQ4MTg4MSM1MSMkMSMkMCMkODkkMzgxMzUxIzExIyQxIyQzIyQxMyQzNjEwMDIjODEjJDEjJDIjJDgz,12,안과,20,0,삼성서울병원,상급종합,강남구
JDQ4MTg4MSM1MSMkMSMkMCMkODkkMzgxMzUxIzExIyQxIyQzIyQxMyQzNjEwMDIjODEjJDEjJDIjJDgz,13,이비인후과,20,0,삼성서울병원,상급종합,강남구
JDQ4MTg4MSM1MSMkMSMkMCMkODkkMzgxMzUxIzExIyQxIyQzIyQxMyQzNjEwMDIjODEjJDEjJDIjJDgz,14,피부과,4,0,삼성서울병원,상급종합,강남구
JDQ4MTg4MSM1MSMkMSMkMCMkODkkMzgxMzUxIzExIyQxIyQzIyQxMyQzNjEwMDIjODEjJDEjJDIjJDgz,15,비뇨의학과,20,0,삼성서울병원,상급종합,강남구
JDQ4MTg4MSM1MSMkMSMkMCMkODkkMzgxMzUxIzExIyQxIyQzIyQxMyQzNjEwMDIjODEjJDEjJDIjJDgz,16,영상의학과,92,0,삼성서울병원,상급종합,강남구
JDQ4MTg4MSM1MSMkMSMkMCMkODkkMzgxMzUxIzExIyQxIyQzIyQxMyQzNjEwMDIjODEjJDEjJDIjJDgz,17,방사선종양학과,14,0,삼성서울병원,상급종합,강남구
JDQ4MTg4MSM1MSMkMSMkMCMkODkkMzgxMzUxIzExIyQxIyQzIyQxMyQzNjEwMDIjODEjJDEjJDIjJDgz,18,병리과,23,0,삼성서울병원,상급종합,강남구
JDQ4MTg4MSM1MSMkMSMkMCMkODkkMzgxMzUxIzExIyQxIyQzIyQxMyQzNjEwMDIjODEjJDEjJDIjJDgz,19,진단검사의학과,20,0,삼성서울병원,상급종합,강남구
JDQ4MTg4MSM1MSMkMSMkMCMkODkkMzgxMzUxIzExIyQxIyQzIyQxMyQzNjEwMDIjODEjJDEjJDIjJDgz,21,재활의학과,8,0,삼성서울병원,상급종합,강남구
JDQ4MTg4MSM1MSMkMSMkMCMkODkkMzgxMzUxIzExIyQxIyQzIyQxMyQzNjEwMDIjODEjJDEjJDIjJDgz,22,핵의학과,7,0,삼성서울병원,상급종합,강남구
JDQ4MTg4MSM1MSMkMSMkMCMkODkkMzgxMzUxIzExIyQxIyQzIyQxMyQzNjEwMDIjODEjJDEjJDIjJDgz,23,가정의학과,11,0,삼성서울병원,상급종합,강남구
JDQ4MTg4MSM1MSMkMSMkMCMkODkkMzgxMzUxIzExIyQxIyQzIyQxMyQzNjEwMDIjODEjJDEjJDIjJDgz,24,응급의학과,18,0,삼성서울병원,상급종합,강남구
JDQ4MTg4MSM1MSMkMSMkMCMkODkkMzgxMzUxIzExIyQxIyQzIyQxMyQzNjEwMDIjODEjJDEjJDIjJDgz,50,구강악안면외과,3,0,삼성서울병원,상급종합,강남구
JDQ4MTg4MSM1MSMkMSMkMCMkODkkMzgxMzUxIzExIyQxIyQzIyQxMyQzNjEwMDIjODEjJDEjJDIjJDgz,51,치과보철과,3,0,삼성서울병원,상급종합,강남구
JDQ4MTg4MSM1MSMkMSMkMCMkODkkMzgxMzUxIzExIyQxIyQzIyQxMyQzNjEwMDIjODEjJDEjJDIjJDgz,52,치과교정과,1,0,삼성서울병원,상급종합,강남구
JDQ4MTg4MSM1MSMkMSMkMCMkODkkMzgxMzUxIzExIyQxIyQzIyQxMyQzNjEwMDIjODEjJDEjJDIjJDgz,53,소아치과,1,0,삼성서울병원,상급종합,강남구
JDQ4MTg4MSM1MSMkMSMkMCMkODkkMzgxMzUxIzExIyQxIyQzIyQxMyQzNjEwMDIjODEjJDEjJDIjJDgz,54,치주과,3,0,삼성서울병원,상급종합,강남구
JDQ4MTg4MSM1MSMkMSMkMCMkODkkMzgxMzUxIzExIyQxIyQzIyQxMyQzNjEwMDIjODEjJDEjJDIjJDgz,55,치과보존과,3,0,삼성서울병원,상급종합,강남구
JDQ4MTg4MSM1MSMkMSMkMCMkODkkMzgxMzUxIzExIyQxIyQzIyQ3OSQzNjE4MzIjODEjJDEjJDYjJDgz,1,내과,161,0,서울대학교병원,상급종합,종로구
JDQ4MTg4MSM1MSMkMSMkMCMkODkkMzgxMzUxIzExIyQxIyQzIyQ3OSQzNjE4MzIjODEjJDEjJDYjJDgz,2,신경과,27,0,서울대학교병원,상급종합,종로구
JDQ4MTg4MSM1MSMkMSMkMCMkODkkMzgxMzUxIzExIyQxIyQzIyQ3OSQzNjE4MzIjODEjJDEjJDYjJDgz,3,정신건강의학과,36,0,서울대학교병원,상급종합,종로구
JDQ4MTg4MSM1MSMkMSMkMCMkODkkMzgxMzUxIzExIyQxIyQzIyQ3OSQzNjE4MzIjODEjJDEjJDYjJDgz,4,외과,62,0,서울대학교병원,상급종합,종로구
JDQ4MTg4MSM1MSMkMSMkMCMkODkkMzgxMzUxIzExIyQxIyQzIyQ3OSQzNjE4MzIjODEjJDEjJDYjJDgz,5,정형외과,37,0,서울대학교병원,상급종합,종로구
JDQ4MTg4MSM1MSMkMSMkMCMkODkkMzgxMzUxIzExIyQxIyQzIyQ3OSQzNjE4MzIjODEjJDEjJDYjJDgz,6,신경외과,29,0,서울대학교병원,상급종합,종로구
JDQ4MTg4MSM1MSMkMSMkMCMkODkkMzgxMzUxIzExIyQxIyQzIyQ3OSQzNjE4MzIjODEjJDEjJDYjJDgz,7,심장혈관흉부외과,26,0,서울대학교병원,상급종합,종로구
JDQ4MTg4MSM1MSMkMSMkMCMkODkkMzgxMzUxIzExIyQxIyQzIyQ3OSQzNjE4MzIjODEjJDEjJDYjJDgz,8,성형외과,10,0,서울대학교병원,상급종합,종로구
JDQ4MTg4MSM1MSMkMSMkMCMkODkkMzgxMzUxIzExIyQxIyQzIyQ3OSQzNjE4MzIjODEjJDEjJDYjJDgz,9,마취통증의학과,55,0,서울대학교병원,상급종합,종로구
JDQ4MTg4MSM1MSMkMSMkMCMkODkkMzgxMzUxIzExIyQxIyQzIyQ3OSQzNjE4MzIjODEjJDEjJDYjJDgz,10,산부인과,24,0,서울대학교병원,상급종합,종로구
JDQ4MTg4MSM1MSMkMSMkMCMkODkkMzgxMzUxIzExIyQxIyQzIyQ3OSQzNjE4MzIjODEjJDEjJDYjJDgz,11,소아청소년과,74,0,서울대학교병원,상급종합,종로구
JDQ4MTg4MSM1MSMkMSMkMCMkODkkMzgxMzUxIzExIyQxIyQzIyQ3OSQzNjE4MzIjODEjJDEjJDYjJDgz,12,안과,29,0,서울대학교병원,상급종합,종로구
JDQ4MTg4MSM1MSMkMSMkMCMkODkkMzgxMzUxIzExIyQxIyQzIyQ3OSQzNjE4MzIjODEjJDEjJDYjJDgz,13,이비인후과,16,0,서울대학교병원,상급종합,종로구
JDQ4MTg4MSM1MSMkMSMkMCMkODkkMzgxMzUxIzExIyQxIyQzIyQ3OSQzNjE4MzIjODEjJDEjJDYjJDgz,14,피부과,9,0,서울대학교병원,상급종합,종로구
JDQ4MTg4MSM1MSMkMSMkMCMkODkkMzgxMzUxIzExIyQxIyQzIyQ3OSQzNjE4MzIjODEjJDEjJDYjJDgz,15,비뇨의학과,13,0,서울대학교병원,상급종합,종로구
JDQ4MTg4MSM1MSMkMSMkMCMkODkkMzgxMzUxIzExIyQxIyQzIyQ3OSQzNjE4MzIjODEjJDEjJDYjJDgz,16,영상의학과,80,0,서울대학교병원,상급종합,종로구
JDQ4MTg4MSM1MSMkMSMkMCMkODkkMzgxMzUxIzExIyQxIyQzIyQ3OSQzNjE4MzIjODEjJDEjJDYjJDgz,17,방사선종양학과,10,0,서울대학교병원,상급종합,종로구
JDQ4MTg4MSM1MSMkMSMkMCMkODkkMzgxMzUxIzExIyQxIyQzIyQ3OSQzNjE4MzIjODEjJDEjJDYjJDgz,18,병리과,20,0,서울대학교병원,상급종합,종로구
JDQ4MTg4MSM1MSMkMSMkMCMkODkkMzgxMzUxIzExIyQxIyQzIyQ3OSQzNjE4MzIjODEjJDEjJDYjJDgz,19,진단검사의학과,13,0,서울대학교병원,상급종합,종로구
JDQ4MTg4MSM1MSMkMSMkMCMkODkkMzgxMzUxIzExIyQxIyQzIyQ3OSQzNjE4MzIjODEjJDEjJDYjJDgz,21,재활의학과,14,0,서울대학교병원,상급종합,종로구
JDQ4MTg4MSM1MSMkMSMkMCMkODkkMzgxMzUxIzExIyQxIyQzIyQ3OSQzNjE4MzIjODEjJDEjJDYjJDgz,22,핵의학과,7,0,서울대학교병원,상급종합,종로구
JDQ4MTg4MSM1MSMkMSMkMCMkODkkMzgxMzUxIzExIyQxIyQzIyQ3OSQzNjE4MzIjODEjJDEjJDYjJDgz,23,가정의학과,24,0,서울대학교병원,상급종합,종로구
JDQ4MTg4MSM1MSMkMSMkMCMkODkkMzgxMzUxIzExIyQxIyQzIyQ3OSQzNjE4MzIjODEjJDEjJDYjJDgz,24,응급의학과,22,0,서울대학교병원,상급종합,종로구
JDQ4MTg4MSM1MSMkMSMkMCMkODkkMzgxMzUxIzExIyQxIyQzIyQ3OSQzNjE4MzIjODEjJDEjJDYjJDgz,56,구강내과,1,0,서울대학교병원,상급종합,종로구
JDQ4MTg4MSM1MSMkMSMkMCMkODkkMzgxMzUxIzExIyQxIyQzIyQ2MiQzNjE0ODEjNTEjJDEjJDYjJDgz,1,내과,67,0,연세대학교의과대학 강남세브란스병원,상급종합,강남구
JDQ4MTg4MSM1MSMkMSMkMCMkODkkMzgxMzUxIzExIyQxIyQzIyQ2MiQzNjE0ODEjNTEjJDEjJDYjJDgz,2,신경과,15,0,연세대학교의과대학 강남세브란스병원,상급종합,강남구
JDQ4MTg4MSM1MSMkMSMkMCMkODkkMzgxMzUxIzExIyQxIyQzIyQ2MiQzNjE0ODEjNTEjJDEjJDYjJDgz,3,정신건강의학과,6,0,연세대학교의과대학 강남세브란스병원,상급종합,강남구
JDQ4MTg4MSM1MSMkMSMkMCMkODkkMzgxMzUxIzExIyQxIyQzIyQ2MiQzNjE0ODEjNTEjJDEjJDYjJDgz,4,외과,30,0,연세대학교의과대학 강남세브란스병원,상급종합,강남구
JDQ4MTg4MSM1MSMkMSMkMCMkODkkMzgxMzUxIzExIyQxIyQzIyQ2MiQzNjE0ODEjNTEjJDEjJDYjJDgz,5,정형외과,15,0,연세대학교의과대학 강남세브란스병원,상급종합,강남구
JDQ4MTg4MSM1MSMkMSMkMCMkODkkMzgxMzUxIzExIyQxIyQzIyQ2MiQzNjE0ODEjNTEjJDEjJDYjJDgz,6,신경외과,19,0,연세대학교의과대학 강남세브란스병원,상급종합,강남구
JDQ4MTg4MSM1MSMkMSMkMCMkODkkMzgxMzUxIzExIyQxIyQzIyQ2MiQzNjE0ODEjNTEjJDEjJDYjJDgz,7,심장혈관흉부외과,6,0,연세대학교의과대학 강남세브란스병원,상급종합,강남구
JDQ4MTg4MSM1MSMkMSMkMCMkODkkMzgxMzUxIzExIyQxIyQzIyQ2MiQzNjE0ODEjNTEjJDEjJDYjJDgz,8,성형외과,5,0,연세대학교의과대학 강남세브란스병원,상급종합,강남구
JDQ4MTg4MSM1MSMkMSMkMCMkODkkMzgxMzUxIzExIyQxIyQzIyQ2MiQzNjE0ODEjNTEjJDEjJDYjJDgz,9,마취통증의학과,24,0,연세대학교의과대학 강남세브란스병원,상급종합,강남구
JDQ4MTg4MSM1MSMkMSMkMCMkODkkMzgxMzUxIzExIyQxIyQzIyQ2MiQzNjE0ODEjNTEjJDEjJDYjJDgz,10,산부인과,10,0,연세대학교의과대학 강남세브란스병원,상급종합,강남구
JDQ4MTg4MSM1MSMkMSMkMCMkODkkMzgxMzUxIzExIyQxIyQzIyQ2MiQzNjE0ODEjNTEjJDEjJDYjJDgz,11,소아청소년과,21,0,연세대학교의과대학 강남세브란스병원,상급종합,강남구
JDQ4MTg4MSM1MSMkMSMkMCMkODkkMzgxMzUxIzExIyQxIyQzIyQ2MiQzNjE0ODEjNTEjJDEjJDYjJDgz,12,안과,11,0,연세대학교의과대학 강남세브란스병원,상급종합,강남구
JDQ4MTg4MSM1MSMkMSMkMCMkODkkMzgxMzUxIzExIyQxIyQzIyQ2MiQzNjE0ODEjNTEjJDEjJDYjJDgz,13,이비인후과,7,0,연세대학교의과대학 강남세브란스병원,상급종합,강남구
JDQ4MTg4MSM1MSMkMSMkMCMkODkkMzgxMzUxIzExIyQxIyQzIyQ2MiQzNjE0ODEjNTEjJDEjJDYjJDgz,14,피부과,4,0,연세대학교의과대학 강남세브란스병원,상급종합,강남구
JDQ4MTg4MSM1MSMkMSMkMCMkODkkMzgxMzUxIzExIyQxIyQzIyQ2MiQzNjE0ODEjNTEjJDEjJDYjJDgz,15,비뇨의학과,7,0,연세대학교의과대학 강남세브란스병원,상급종합,강남구
JDQ4MTg4MSM1MSMkMSMkMCMkODkkMzgxMzUxIzExIyQxIyQzIyQ2MiQzNjE0ODEjNTEjJDEjJDYjJDgz,16,영상의학과,38,0,연세대학교의과대학 강남세브란스병원,상급종합,강남구
JDQ4MTg4MSM1MSMkMSMkMCMkODkkMzgxMzUxIzExIyQxIyQzIyQ2MiQzNjE0ODEjNTEjJDEjJDYjJDgz,17,방사선종양학과,3,0,연세대학교의과대학 강남세브란스병원,상급종합,강남구
JDQ4MTg4MSM1MSMkMSMkMCMkODkkMzgxMzUxIzExIyQxIyQzIyQ2MiQzNjE0ODEjNTEjJDEjJDYjJDgz,18,병리과,7,0,연세대학교의과대학 강남세브란스병원,상급종합,강남구
JDQ4MTg4MSM1MSMkMSMkMCMkODkkMzgxMzUxIzExIyQxIyQzIyQ2MiQzNjE0ODEjNTEjJDEjJDYjJDgz,19,진단검사의학과,8,0,연세대학교의과대학 강남세브란스병원,상급종합,강남구
JDQ4MTg4MSM1MSMkMSMkMCMkODkkMzgxMzUxIzExIyQxIyQzIyQ2MiQzNjE0ODEjNTEjJDEjJDYjJDgz,21,재활의학과,8,0,연세대학교의과대학 강남세브란스병원,상급종합,강남구
JDQ4MTg4MSM1MSMkMSMkMCMkODkkMzgxMzUxIzExIyQxIyQzIyQ2MiQzNjE0ODEjNTEjJDEjJDYjJDgz,22,핵의학과,4,0,연세대학교의과대학 강남세브란스병원,상급종합,강남구
JDQ4MTg4MSM1MSMkMSMkMCMkODkkMzgxMzUxIzExIyQxIyQzIyQ2MiQzNjE0ODEjNTEjJDEjJDYjJDgz,23,가정의학과,12,0,연세대학교의과대학 강남세브란스병원,상급종합,강남구
JDQ4MTg4MSM1MSMkMSMkMCMkODkkMzgxMzUxIzExIyQxIyQzIyQ2MiQzNjE0ODEjNTEjJDEjJDYjJDgz,24,응급의학과,11,0,연세대학교의과대학 강남세브란스병원,상급종합,강남구
JDQ4MTg4MSM1MSMkMSMkMCMkODkkMzgxMzUxIzExIyQxIyQzIyQ2MiQzNjE0ODEjNTEjJDEjJDYjJDgz,50,구강악안면외과,3,0,연세대학교의과대학 강남세브란스병원,상급종합,강남구
JDQ4MTg4MSM1MSMkMSMkMCMkODkkMzgxMzUxIzExIyQxIyQzIyQ2MiQzNjE0ODEjNTEjJDEjJDYjJDgz,51,치과보철과,3,0,연세대학교의과대학 강남세브란스병원,상급종합,강남구
JDQ4MTg4MSM1MSMkMSMkMCMkODkkMzgxMzUxIzExIyQxIyQzIyQ2MiQzNjE0ODEjNTEjJDEjJDYjJDgz,52,치과교정과,3,0,연세대학교의과대학 강남세브란스병원,상급종합,강남구
JDQ4MTg4MSM1MSMkMSMkMCMkODkkMzgxMzUxIzExIyQxIyQzIyQ2MiQzNjE0ODEjNTEjJDEjJDYjJDgz,54,치주과,2,0,연세대학교의과대학 강남세브란스병원,상급종합,강남구
JDQ4MTg4MSM1MSMkMSMkMCMkODkkMzgxMzUxIzExIyQxIyQzIyQ2MiQzNjE0ODEjNTEjJDEjJDYjJDgz,55,치과보존과,3,0,연세대학교의과대학 강남세브란스병원,상급종합,강남구
JDQ4MTg4MSM1MSMkMSMkMCMkODkkMzgxMzUxIzExIyQxIyQzIyQ5OSQyNjE0ODEjNjEjJDEjJDgjJDgz,1,내과,237,0,연세대학교의과대학세브란스병원,상급종합,서대문구
JDQ4MTg4MSM1MSMkMSMkMCMkODkkMzgxMzUxIzExIyQxIyQzIyQ5OSQyNjE0ODEjNjEjJDEjJDgjJDgz,2,신경과,26,0,연세대학교의과대학세브란스병원,상급종합,서대문구
JDQ4MTg4MSM1MSMkMSMkMCMkODkkMzgxMzUxIzExIyQxIyQzIyQ5OSQyNjE0ODEjNjEjJDEjJDgjJDgz,3,정신건강의학과,23,0,연세대학교의과대학세브란스병원,상급종합,서대문구
JDQ4MTg4MSM1MSMkMSMkMCMkODkkMzgxMzUxIzExIyQxIyQzIyQ5OSQyNjE0ODEjNjEjJDEjJDgjJDgz,4,외과,76,0,연세대학교의과대학세브란스병원,상급종합,서대문구
JDQ4MTg4MSM1MSMkMSMkMCMkODkkMzgxMzUxIzExIyQxIyQzIyQ5OSQyNjE0ODEjNjEjJDEjJDgjJDgz,5,정형외과,28,0,연세대학교의과대학세브란스병원,상급종합,서대문구
JDQ4MTg4MSM1MSMkMSMkMCMkODkkMzgxMzUxIzExIyQxIyQzIyQ5OSQyNjE0ODEjNjEjJDEjJDgjJDgz,6,신경외과,38,0,연세대학교의과대학세브란스병원,상급종합,서대문구
JDQ4MTg4MSM1MSMkMSMkMCMkODkkMzgxMzUxIzExIyQxIyQzIyQ5OSQyNjE0ODEjNjEjJDEjJDgjJDgz,7,심장혈관흉부외과,20,0,연세대학교의과대학세브란스병원,상급종합,서대문구
JDQ4MTg4MSM1MSMkMSMkMCMkODkkMzgxMzUxIzExIyQxIyQzIyQ5OSQyNjE0ODEjNjEjJDEjJDgjJDgz,8,성형외과,11,0,연세대학교의과대학세브란스병원,상급종합,서대문구
JDQ4MTg4MSM1MSMkMSMkMCMkODkkMzgxMzUxIzExIyQxIyQzIyQ5OSQyNjE0ODEjNjEjJDEjJDgjJDgz,9,마취통증의학과,76,0,연세대학교의과대학세브란스병원,상급종합,서대문구
JDQ4MTg4MSM1MSMkMSMkMCMkODkkMzgxMzUxIzExIyQxIyQzIyQ5OSQyNjE0ODEjNjEjJDEjJDgjJDgz,10,산부인과,27,0,연세대학교의과대학세브란스병원,상급종합,서대문구
JDQ4MTg4MSM1MSMkMSMkMCMkODkkMzgxMzUxIzExIyQxIyQzIyQ5OSQyNjE0ODEjNjEjJDEjJDgjJDgz,11,소아청소년과,75,0,연세대학교의과대학세브란스병원,상급종합,서대문구
JDQ4MTg4MSM1MSMkMSMkMCMkODkkMzgxMzUxIzExIyQxIyQzIyQ5OSQyNjE0ODEjNjEjJDEjJDgjJDgz,12,안과,23,0,연세대학교의과대학세브란스병원,상급종합,서대문구
JDQ4MTg4MSM1MSMkMSMkMCMkODkkMzgxMzUxIzExIyQxIyQzIyQ5OSQyNjE0ODEjNjEjJDEjJDgjJDgz,13,이비인후과,18,0,연세대학교의과대학세브란스병원,상급종합,서대문구
JDQ4MTg4MSM1MSMkMSMkMCMkODkkMzgxMzUxIzExIyQxIyQzIyQ5OSQyNjE0ODEjNjEjJDEjJDgjJDgz,14,피부과,10,0,연세대학교의과대학세브란스병원,상급종합,서대문구
JDQ4MTg4MSM1MSMkMSMkMCMkODkkMzgxMzUxIzExIyQxIyQzIyQ5OSQyNjE0ODEjNjEjJDEjJDgjJDgz,15,비뇨의학과,17,0,연세대학교의과대학세브란스병원,상급종합,서대문구
JDQ4MTg4MSM1MSMkMSMkMCMkODkkMzgxMzUxIzExIyQxIyQzIyQ5OSQyNjE0ODEjNjEjJDEjJDgjJDgz,16,영상의학과,77,0,연세대학교의과대학세브란스병원,상급종합,서대문구
JDQ4MTg4MSM1MSMkMSMkMCMkODkkMzgxMzUxIzExIyQxIyQzIyQ5OSQyNjE0ODEjNjEjJDEjJDgjJDgz,17,방사선종양학과,13,0,연세대학교의과대학세브란스병원,상급종합,서대문구
JDQ4MTg4MSM1MSMkMSMkMCMkODkkMzgxMzUxIzExIyQxIyQzIyQ5OSQyNjE0ODEjNjEjJDEjJDgjJDgz,18,병리과,16,0,연세대학교의과대학세브란스병원,상급종합,서대문구
JDQ4MTg4MSM1MSMkMSMkMCMkODkkMzgxMzUxIzExIyQxIyQzIyQ5OSQyNjE0ODEjNjEjJDEjJDgjJDgz,19,진단검사의학과,19,0,연세대학교의과대학세브란스병원,상급종합,서대문구
JDQ4MTg4MSM1MSMkMSMkMCMkODkkMzgxMzUxIzExIyQxIyQzIyQ5OSQyNjE0ODEjNjEjJDEjJDgjJDgz,21,재활의학과,13,0,연세대학교의과대학세브란스병원,상급종합,서대문구
JDQ4MTg4MSM1MSMkMSMkMCMkODkkMzgxMzUxIzExIyQxIyQzIyQ5OSQyNjE0ODEjNjEjJDEjJDgjJDgz,22,핵의학과,6,0,연세대학교의과대학세브란스병원,상급종합,서대문구
JDQ4MTg4MSM1MSMkMSMkMCMkODkkMzgxMzUxIzExIyQxIyQzIyQ5OSQyNjE0ODEjNjEjJDEjJDgjJDgz,23,가정의학과,9,0,연세대학교의과대학세브란스병원,상급종합,서대문구
JDQ4MTg4MSM1MSMkMSMkMCMkODkkMzgxMzUxIzExIyQxIyQzIyQ5OSQyNjE0ODEjNjEjJDEjJDgjJDgz,24,응급의학과,21,0,연세대학교의과대학세브란스병원,상급종합,서대문구
JDQ4MTg4MSM1MSMkMSMkMCMkODkkMzgxMzUxIzExIyQxIyQzIyQ5OSQyNjE0ODEjNjEjJDEjJDgjJDgz,25,직업환경의학과,3,0,연세대학교의과대학세브란스병원,상급종합,서대문구
JDQ4MTg4MSM1MSMkMSMkMCMkODkkMzgxMzUxIzExIyQxIyQzIyQ5OSQyNjE0ODEjNjEjJDEjJDgjJDgz,50,구강악안면외과,0,0,연세대학교의과대학세브란스병원,상급종합,서대문구
JDQ4MTg4MSM1MSMkMSMkMCMkODkkMzgxMzUxIzExIyQxIyQzIyQxMyQyNjEwMDIjNjEjJDEjJDQjJDgz,1,내과,51,0,이화여자대학교의과대학부속목동병원,상급종합,양천구
JDQ4MTg4MSM1MSMkMSMkMCMkODkkMzgxMzUxIzExIyQxIyQzIyQxMyQyNjEwMDIjNjEjJDEjJDQjJDgz,2,신경과,11,0,이화여자대학교의과대학부속목동병원,상급종합,양천구
JDQ4MTg4MSM1MSMkMSMkMCMkODkkMzgxMzUxIzExIyQxIyQzIyQxMyQyNjEwMDIjNjEjJDEjJDQjJDgz,3,정신건강의학과,3,0,이화여자대학교의과대학부속목동병원,상급종합,양천구
JDQ4MTg4MSM1MSMkMSMkMCMkODkkMzgxMzUxIzExIyQxIyQzIyQxMyQyNjEwMDIjNjEjJDEjJDQjJDgz,4,외과,24,0,이화여자대학교의과대학부속목동병원,상급종합,양천구
JDQ4MTg4MSM1MSMkMSMkMCMkODkkMzgxMzUxIzExIyQxIyQzIyQxMyQyNjEwMDIjNjEjJDEjJDQjJDgz,5,정형외과,9,0,이화여자대학교의과대학부속목동병원,상급종합,양천구
JDQ4MTg4MSM1MSMkMSMkMCMkODkkMzgxMzUxIzExIyQxIyQzIyQxMyQyNjEwMDIjNjEjJDEjJDQjJDgz,6,신경외과,5,0,이화여자대학교의과대학부속목동병원,상급종합,양천구
JDQ4MTg4MSM1MSMkMSMkMCMkODkkMzgxMzUxIzExIyQxIyQzIyQxMyQyNjEwMDIjNjEjJDEjJDQjJDgz,7,심장혈관흉부외과,4,0,이화여자대학교의과대학부속목동병원,상급종합,양천구
JDQ4MTg4MSM1MSMkMSMkMCMkODkkMzgxMzUxIzExIyQxIyQzIyQxMyQyNjEwMDIjNjEjJDEjJDQjJDgz,8,성형외과,4,0,이화여자대학교의과대학부속목동병원,상급종합,양천구
JDQ4MTg4MSM1MSMkMSMkMCMkODkkMzgxMzUxIzExIyQxIyQzIyQxMyQyNjEwMDIjNjEjJDEjJDQjJDgz,9,마취통증의학과,13,0,이화여자대학교의과대학부속목동병원,상급종합,양천구
JDQ4MTg4MSM1MSMkMSMkMCMkODkkMzgxMzUxIzExIyQxIyQzIyQxMyQyNjEwMDIjNjEjJDEjJDQjJDgz,10,산부인과,10,0,이화여자대학교의과대학부속목동병원,상급종합,양천구
JDQ4MTg4MSM1MSMkMSMkMCMkODkkMzgxMzUxIzExIyQxIyQzIyQxMyQyNjEwMDIjNjEjJDEjJDQjJDgz,11,소아청소년과,14,0,이화여자대학교의과대학부속목동병원,상급종합,양천구
JDQ4MTg4MSM1MSMkMSMkMCMkODkkMzgxMzUxIzExIyQxIyQzIyQxMyQyNjEwMDIjNjEjJDEjJDQjJDgz,12,안과,6,0,이화여자대학교의과대학부속목동병원,상급종합,양천구
JDQ4MTg4MSM1MSMkMSMkMCMkODkkMzgxMzUxIzExIyQxIyQzIyQxMyQyNjEwMDIjNjEjJDEjJDQjJDgz,13,이비인후과,6,0,이화여자대학교의과대학부속목동병원,상급종합,양천구
JDQ4MTg4MSM1MSMkMSMkMCMkODkkMzgxMzUxIzExIyQxIyQzIyQxMyQyNjEwMDIjNjEjJDEjJDQjJDgz,14,피부과,3,0,이화여자대학교의과대학부속목동병원,상급종합,양천구
JDQ4MTg4MSM1MSMkMSMkMCMkODkkMzgxMzUxIzExIyQxIyQzIyQxMyQyNjEwMDIjNjEjJDEjJDQjJDgz,15,비뇨의학과,10,0,이화여자대학교의과대학부속목동병원,상급종합,양천구
JDQ4MTg4MSM1MSMkMSMkMCMkODkkMzgxMzUxIzExIyQxIyQzIyQxMyQyNjEwMDIjNjEjJDEjJDQjJDgz,16,영상의학과,16,0,이화여자대학교의과대학부속목동병원,상급종합,양천구
JDQ4MTg4MSM1MSMkMSMkMCMkODkkMzgxMzUxIzExIyQxIyQzIyQxMyQyNjEwMDIjNjEjJDEjJDQjJDgz,17,방사선종양학과,3,0,이화여자대학교의과대학부속목동병원,상급종합,양천구
JDQ4MTg4MSM1MSMkMSMkMCMkODkkMzgxMzUxIzExIyQxIyQzIyQxMyQyNjEwMDIjNjEjJDEjJDQjJDgz,18,병리과,6,0,이화여자대학교의과대학부속목동병원,상급종합,양천구
JDQ4MTg4MSM1MSMkMSMkMCMkODkkMzgxMzUxIzExIyQxIyQzIyQxMyQyNjEwMDIjNjEjJDEjJDQjJDgz,19,진단검사의학과,6,0,이화여자대학교의과대학부속목동병원,상급종합,양천구
JDQ4MTg4MSM1MSMkMSMkMCMkODkkMzgxMzUxIzExIyQxIyQzIyQxMyQyNjEwMDIjNjEjJDEjJDQjJDgz,21,재활의학과,3,0,이화여자대학교의과대학부속목동병원,상급종합,양천구
JDQ4MTg4MSM1MSMkMSMkMCMkODkkMzgxMzUxIzExIyQxIyQzIyQxMyQyNjEwMDIjNjEjJDEjJDQjJDgz,22,핵의학과,3,0,이화여자대학교의과대학부속목동병원,상급종합,양천구
JDQ4MTg4MSM1MSMkMSMkMCMkODkkMzgxMzUxIzExIyQxIyQzIyQxMyQyNjEwMDIjNjEjJDEjJDQjJDgz,23,가정의학과,3,0,이화여자대학교의과대학부속목동병원,상급종합,양천구
JDQ4MTg4MSM1MSMkMSMkMCMkODkkMzgxMzUxIzExIyQxIyQzIyQxMyQyNjEwMDIjNjEjJDEjJDQjJDgz,24,응급의학과,17,0,이화여자대학교의과대학부속목동병원,상급종합,양천구
JDQ4MTg4MSM1MSMkMSMkMCMkODkkMzgxMzUxIzExIyQxIyQzIyQxMyQyNjEwMDIjNjEjJDEjJDQjJDgz,25,직업환경의학과,1,0,이화여자대학교의과대학부속목동병원,상급종합,양천구
JDQ4MTg4MSM1MSMkMSMkMCMkODkkMzgxMzUxIzExIyQxIyQzIyQxMyQyNjEwMDIjNjEjJDEjJDQjJDgz,50,구강악안면외과,3,0,이화여자대학교의과대학부속목동병원,상급종합,양천구
JDQ4MTg4MSM1MSMkMSMkMCMkODkkMzgxMzUxIzExIyQxIyQzIyQxMyQyNjEwMDIjNjEjJDEjJDQjJDgz,51,치과보철과,2,0,이화여자대학교의과대학부속목동병원,상급종합,양천구
JDQ4MTg4MSM1MSMkMSMkMCMkODkkMzgxMzUxIzExIyQxIyQzIyQxMyQyNjEwMDIjNjEjJDEjJDQjJDgz,52,치과교정과,2,0,이화여자대학교의과대학부속목동병원,상급종합,양천구
JDQ4MTg4MSM1MSMkMSMkMCMkODkkMzgxMzUxIzExIyQxIyQzIyQxMyQyNjEwMDIjNjEjJDEjJDQjJDgz,53,소아치과,0,0,이화여자대학교의과대학부속목동병원,상급종합,양천구
JDQ4MTg4MSM1MSMkMSMkMCMkODkkMzgxMzUxIzExIyQxIyQzIyQxMyQyNjEwMDIjNjEjJDEjJDQjJDgz,54,치주과,2,0,이화여자대학교의과대학부속목동병원,상급종합,양천구
JDQ4MTg4MSM1MSMkMSMkMCMkODkkMzgxMzUxIzExIyQxIyQzIyQxMyQyNjEwMDIjNjEjJDEjJDQjJDgz,55,치과보존과,1,0,이화여자대학교의과대학부속목동병원,상급종합,양천구
JDQ4MTg4MSM1MSMkMSMkMCMkODkkMzgxMzUxIzExIyQxIyQzIyQwMyQyNjE0ODEjNDEjJDEjJDQjJDgz,1,내과,293,0,재단법인아산사회복지재단 서울아산병원,상급종합,송파구
JDQ4MTg4MSM1MSMkMSMkMCMkODkkMzgxMzUxIzExIyQxIyQzIyQwMyQyNjE0ODEjNDEjJDEjJDQjJDgz,2,신경과,41,0,재단법인아산사회복지재단 서울아산병원,상급종합,송파구
JDQ4MTg4MSM1MSMkMSMkMCMkODkkMzgxMzUxIzExIyQxIyQzIyQwMyQyNjE0ODEjNDEjJDEjJDQjJDgz,3,정신건강의학과,16,0,재단법인아산사회복지재단 서울아산병원,상급종합,송파구
JDQ4MTg4MSM1MSMkMSMkMCMkODkkMzgxMzUxIzExIyQxIyQzIyQwMyQyNjE0ODEjNDEjJDEjJDQjJDgz,4,외과,138,0,재단법인아산사회복지재단 서울아산병원,상급종합,송파구
JDQ4MTg4MSM1MSMkMSMkMCMkODkkMzgxMzUxIzExIyQxIyQzIyQwMyQyNjE0ODEjNDEjJDEjJDQjJDgz,5,정형외과,39,0,재단법인아산사회복지재단 서울아산병원,상급종합,송파구
JDQ4MTg4MSM1MSMkMSMkMCMkODkkMzgxMzUxIzExIyQxIyQzIyQwMyQyNjE0ODEjNDEjJDEjJDQjJDgz,6,신경외과,35,0,재단법인아산사회복지재단 서울아산병원,상급종합,송파구
JDQ4MTg4MSM1MSMkMSMkMCMkODkkMzgxMzUxIzExIyQxIyQzIyQwMyQyNjE0ODEjNDEjJDEjJDQjJDgz,7,심장혈관흉부외과,44,0,재단법인아산사회복지재단 서울아산병원,상급종합,송파구
JDQ4MTg4MSM1MSMkMSMkMCMkODkkMzgxMzUxIzExIyQxIyQzIyQwMyQyNjE0ODEjNDEjJDEjJDQjJDgz,8,성형외과,15,0,재단법인아산사회복지재단 서울아산병원,상급종합,송파구
JDQ4MTg4MSM1MSMkMSMkMCMkODkkMzgxMzUxIzExIyQxIyQzIyQwMyQyNjE0ODEjNDEjJDEjJDQjJDgz,9,마취통증의학과,73,0,재단법인아산사회복지재단 서울아산병원,상급종합,송파구
JDQ4MTg4MSM1MSMkMSMkMCMkODkkMzgxMzUxIzExIyQxIyQzIyQwMyQyNjE0ODEjNDEjJDEjJDQjJDgz,10,산부인과,28,0,재단법인아산사회복지재단 서울아산병원,상급종합,송파구
JDQ4MTg4MSM1MSMkMSMkMCMkODkkMzgxMzUxIzExIyQxIyQzIyQwMyQyNjE0ODEjNDEjJDEjJDQjJDgz,11,소아청소년과,66,0,재단법인아산사회복지재단 서울아산병원,상급종합,송파구
JDQ4MTg4MSM1MSMkMSMkMCMkODkkMzgxMzUxIzExIyQxIyQzIyQwMyQyNjE0ODEjNDEjJDEjJDQjJDgz,12,안과,28,0,재단법인아산사회복지재단 서울아산병원,상급종합,송파구
JDQ4MTg4MSM1MSMkMSMkMCMkODkkMzgxMzUxIzExIyQxIyQzIyQwMyQyNjE0ODEjNDEjJDEjJDQjJDgz,13,이비인후과,22,0,재단법인아산사회복지재단 서울아산병원,상급종합,송파구
JDQ4MTg4MSM1MSMkMSMkMCMkODkkMzgxMzUxIzExIyQxIyQzIyQwMyQyNjE0ODEjNDEjJDEjJDQjJDgz,14,피부과,8,0,재단법인아산사회복지재단 서울아산병원,상급종합,송파구
JDQ4MTg4MSM1MSMkMSMkMCMkODkkMzgxMzUxIzExIyQxIyQzIyQwMyQyNjE0ODEjNDEjJDEjJDQjJDgz,15,비뇨의학과,20,0,재단법인아산사회복지재단 서울아산병원,상급종합,송파구
JDQ4MTg4MSM1MSMkMSMkMCMkODkkMzgxMzUxIzExIyQxIyQzIyQwMyQyNjE0ODEjNDEjJDEjJDQjJDgz,16,영상의학과,131,0,재단법인아산사회복지재단 서울아산병원,상급종합,송파구
JDQ4MTg4MSM1MSMkMSMkMCMkODkkMzgxMzUxIzExIyQxIyQzIyQwMyQyNjE0ODEjNDEjJDEjJDQjJDgz,17,방사선종양학과,13,0,재단법인아산사회복지재단 서울아산병원,상급종합,송파구
JDQ4MTg4MSM1MSMkMSMkMCMkODkkMzgxMzUxIzExIyQxIyQzIyQwMyQyNjE0ODEjNDEjJDEjJDQjJDgz,18,병리과,23,0,재단법인아산사회복지재단 서울아산병원,상급종합,송파구
JDQ4MTg4MSM1MSMkMSMkMCMkODkkMzgxMzUxIzExIyQxIyQzIyQwMyQyNjE0ODEjNDEjJDEjJDQjJDgz,19,진단검사의학과,19,0,재단법인아산사회복지재단 서울아산병원,상급종합,송파구
JDQ4MTg4MSM1MSMkMSMkMCMkODkkMzgxMzUxIzExIyQxIyQzIyQwMyQyNjE0ODEjNDEjJDEjJDQjJDgz,21,재활의학과,13,0,재단법인아산사회복지재단 서울아산병원,상급종합,송파구
JDQ4MTg4MSM1MSMkMSMkMCMkODkkMzgxMzUxIzExIyQxIyQzIyQwMyQyNjE0ODEjNDEjJDEjJDQjJDgz,22,핵의학과,9,0,재단법인아산사회복지재단 서울아산병원,상급종합,송파구
JDQ4MTg4MSM1MSMkMSMkMCMkODkkMzgxMzUxIzExIyQxIyQzIyQwMyQyNjE0ODEjNDEjJDEjJDQjJDgz,23,가정의학과,20,0,재단법인아산사회복지재단 서울아산병원,상급종합,송파구
JDQ4MTg4MSM1MSMkMSMkMCMkODkkMzgxMzUxIzExIyQxIyQzIyQwMyQyNjE0ODEjNDEjJDEjJDQjJDgz,24,응급의학과,19,0,재단법인아산사회복지재단 서울아산병원,상급종합,송파구
JDQ4MTg4MSM1MSMkMSMkMCMkODkkMzgxMzUxIzExIyQxIyQzIyQwMyQyNjE0ODEjNDEjJDEjJDQjJDgz,50,구강악안면외과,4,0,재단법인아산사회복지재단 서울아산병원,상급종합,송파구
JDQ4MTg4MSM1MSMkMSMkMCMkODkkMzgxMzUxIzExIyQxIyQzIyQwMyQyNjE0ODEjNDEjJDEjJDQjJDgz,51,치과보철과,3,0,재단법인아산사회복지재단 서울아산병원,상급종합,송파구
JDQ4MTg4MSM1MSMkMSMkMCMkODkkMzgxMzUxIzExIyQxIyQzIyQwMyQyNjE0ODEjNDEjJDEjJDQjJDgz,52,치과교정과,2,0,재단법인아산사회복지재단 서울아산병원,상급종합,송파구
JDQ4MTg4MSM1MSMkMSMkMCMkODkkMzgxMzUxIzExIyQxIyQzIyQwMyQyNjE0ODEjNDEjJDEjJDQjJDgz,53,소아치과,2,0,재단법인아산사회복지재단 서울아산병원,상급종합,송파구
JDQ4MTg4MSM1MSMkMSMkMCMkODkkMzgxMzUxIzExIyQxIyQzIyQwMyQyNjE0ODEjNDEjJDEjJDQjJDgz,54,치주과,3,0,재단법인아산사회복지재단 서울아산병원,상급종합,송파구
JDQ4MTg4MSM1MSMkMSMkMCMkODkkMzgxMzUxIzExIyQxIyQzIyQwMyQyNjE0ODEjNDEjJDEjJDQjJDgz,55,치과보존과,2,0,재단법인아산사회복지재단 서울아산병원,상급종합,송파구
JDQ4MTg4MSM1MSMkMSMkMCMkODkkMzgxMzUxIzExIyQxIyQzIyQ3OSQzNjEwMDIjNTEjJDEjJDIjJDgz,1,내과,65,0,중앙대학교병원,상급종합,동작구
JDQ4MTg4MSM1MSMkMSMkMCMkODkkMzgxMzUxIzExIyQxIyQzIyQ3OSQzNjEwMDIjNTEjJDEjJDIjJDgz,2,신경과,10,0,중앙대학교병원,상급종합,동작구
JDQ4MTg4MSM1MSMkMSMkMCMkODkkMzgxMzUxIzExIyQxIyQzIyQ3OSQzNjEwMDIjNTEjJDEjJDIjJDgz,3,정신건강의학과,4,0,중앙대학교병원,상급종합,동작구
JDQ4MTg4MSM1MSMkMSMkMCMkODkkMzgxMzUxIzExIyQxIyQzIyQ3OSQzNjEwMDIjNTEjJDEjJDIjJDgz,4,외과,15,0,중앙대학교병원,상급종합,동작구
JDQ4MTg4MSM1MSMkMSMkMCMkODkkMzgxMzUxIzExIyQxIyQzIyQ3OSQzNjEwMDIjNTEjJDEjJDIjJDgz,5,정형외과,11,0,중앙대학교병원,상급종합,동작구
JDQ4MTg4MSM1MSMkMSMkMCMkODkkMzgxMzUxIzExIyQxIyQzIyQ3OSQzNjEwMDIjNTEjJDEjJDIjJDgz,6,신경외과,8,0,중앙대학교병원,상급종합,동작구
JDQ4MTg4MSM1MSMkMSMkMCMkODkkMzgxMzUxIzExIyQxIyQzIyQ3OSQzNjEwMDIjNTEjJDEjJDIjJDgz,7,심장혈관흉부외과,6,0,중앙대학교병원,상급종합,동작구
JDQ4MTg4MSM1MSMkMSMkMCMkODkkMzgxMzUxIzExIyQxIyQzIyQ3OSQzNjEwMDIjNTEjJDEjJDIjJDgz,8,성형외과,3,0,중앙대학교병원,상급종합,동작구
JDQ4MTg4MSM1MSMkMSMkMCMkODkkMzgxMzUxIzExIyQxIyQzIyQ3OSQzNjEwMDIjNTEjJDEjJDIjJDgz,9,마취통증의학과,9,0,중앙대학교병원,상급종합,동작구
JDQ4MTg4MSM1MSMkMSMkMCMkODkkMzgxMzUxIzExIyQxIyQzIyQ3OSQzNjEwMDIjNTEjJDEjJDIjJDgz,10,산부인과,7,0,중앙대학교병원,상급종합,동작구
JDQ4MTg4MSM1MSMkMSMkMCMkODkkMzgxMzUxIzExIyQxIyQzIyQ3OSQzNjEwMDIjNTEjJDEjJDIjJDgz,11,소아청소년과,11,0,중앙대학교병원,상급종합,동작구
JDQ4MTg4MSM1MSMkMSMkMCMkODkkMzgxMzUxIzExIyQxIyQzIyQ3OSQzNjEwMDIjNTEjJDEjJDIjJDgz,12,안과,5,0,중앙대학교병원,상급종합,동작구
JDQ4MTg4MSM1MSMkMSMkMCMkODkkMzgxMzUxIzExIyQxIyQzIyQ3OSQzNjEwMDIjNTEjJDEjJDIjJDgz,13,이비인후과,6,0,중앙대학교병원,상급종합,동작구
JDQ4MTg4MSM1MSMkMSMkMCMkODkkMzgxMzUxIzExIyQxIyQzIyQ3OSQzNjEwMDIjNTEjJDEjJDIjJDgz,14,피부과,5,0,중앙대학교병원,상급종합,동작구
JDQ4MTg4MSM1MSMkMSMkMCMkODkkMzgxMzUxIzExIyQxIyQzIyQ3OSQzNjEwMDIjNTEjJDEjJDIjJDgz,15,비뇨의학과,8,0,중앙대학교병원,상급종합,동작구
JDQ4MTg4MSM1MSMkMSMkMCMkODkkMzgxMzUxIzExIyQxIyQzIyQ3OSQzNjEwMDIjNTEjJDEjJDIjJDgz,16,영상의학과,21,0,중앙대학교병원,상급종합,동작구
JDQ4MTg4MSM1MSMkMSMkMCMkODkkMzgxMzUxIzExIyQxIyQzIyQ3OSQzNjEwMDIjNTEjJDEjJDIjJDgz,17,방사선종양학과,1,0,중앙대학교병원,상급종합,동작구
JDQ4MTg4MSM1MSMkMSMkMCMkODkkMzgxMzUxIzExIyQxIyQzIyQ3OSQzNjEwMDIjNTEjJDEjJDIjJDgz,18,병리과,6,0,중앙대학교병원,상급종합,동작구
JDQ4MTg4MSM1MSMkMSMkMCMkODkkMzgxMzUxIzExIyQxIyQzIyQ3OSQzNjEwMDIjNTEjJDEjJDIjJDgz,19,진단검사의학과,4,0,중앙대학교병원,상급종합,동작구
JDQ4MTg4MSM1MSMkMSMkMCMkODkkMzgxMzUxIzExIyQxIyQzIyQ3OSQzNjEwMDIjNTEjJDEjJDIjJDgz,21,재활의학과,4,0,중앙대학교병원,상급종합,동작구
JDQ4MTg4MSM1MSMkMSMkMCMkODkkMzgxMzUxIzExIyQxIyQzIyQ3OSQzNjEwMDIjNTEjJDEjJDIjJDgz,22,핵의학과,1,0,중앙대학교병원,상급종합,동작구
JDQ4MTg4MSM1MSMkMSMkMCMkODkkMzgxMzUxIzExIyQxIyQzIyQ3OSQzNjEwMDIjNTEjJDEjJDIjJDgz,23,가정의학과,6,0,중앙대학교병원,상급종합,동작구
JDQ4MTg4MSM1MSMkMSMkMCMkODkkMzgxMzUxIzExIyQxIyQzIyQ3OSQzNjEwMDIjNTEjJDEjJDIjJDgz,24,응급의학과,4,0,중앙대학교병원,상급종합,동작구
JDQ4MTg4MSM1MSMkMSMkMCMkODkkMzgxMzUxIzExIyQxIyQzIyQ3OSQzNjEwMDIjNTEjJDEjJDIjJDgz,50,구강악안면외과,3,0,중앙대학교병원,상급종합,동작구
JDQ4MTg4MSM1MSMkMSMkMCMkODkkMzgxMzUxIzExIyQxIyQzIyQ3OSQzNjEwMDIjNTEjJDEjJDIjJDgz,51,치과보철과,1,0,중앙대학교병원,상급종합,동작구
JDQ4MTg4MSM1MSMkMSMkMCMkODkkMzgxMzUxIzExIyQxIyQzIyQ3OSQzNjEwMDIjNTEjJDEjJDIjJDgz,52,치과교정과,2,0,중앙대학교병원,상급종합,동작구
JDQ4MTg4MSM1MSMkMSMkMCMkODkkMzgxMzUxIzExIyQxIyQzIyQ3OSQzNjEwMDIjNTEjJDEjJDIjJDgz,55,치과보존과,1,0,중앙대학교병원,상급종합,동작구
JDQ4MTg4MSM1MSMkMSMkMCMkODkkMzgxMzUxIzExIyQxIyQzIyQ4OSQyNjEwMDIjNzEjJDEjJDgjJDgz,1,내과,97,0,학교법인 고려중앙학원 고려대학교의과대학부속병원(안암병원),상급종합,성북구
JDQ4MTg4MSM1MSMkMSMkMCMkODkkMzgxMzUxIzExIyQxIyQzIyQ4OSQyNjEwMDIjNzEjJDEjJDgjJDgz,2,신경과,13,0,학교법인 고려중앙학원 고려대학교의과대학부속병원(안암병원),상급종합,성북구
JDQ4MTg4MSM1MSMkMSMkMCMkODkkMzgxMzUxIzExIyQxIyQzIyQ4OSQyNjEwMDIjNzEjJDEjJDgjJDgz,3,정신건강의학과,9,0,학교법인 고려중앙학원 고려대학교의과대학부속병원(안암병원),상급종합,성북구
JDQ4MTg4MSM1MSMkMSMkMCMkODkkMzgxMzUxIzExIyQxIyQzIyQ4OSQyNjEwMDIjNzEjJDEjJDgjJDgz,4,외과,29,0,학교법인 고려중앙학원 고려대학교의과대학부속병원(안암병원),상급종합,성북구
JDQ4MTg4MSM1MSMkMSMkMCMkODkkMzgxMzUxIzExIyQxIyQzIyQ4OSQyNjEwMDIjNzEjJDEjJDgjJDgz,5,정형외과,16,0,학교법인 고려중앙학원 고려대학교의과대학부속병원(안암병원),상급종합,성북구
JDQ4MTg4MSM1MSMkMSMkMCMkODkkMzgxMzUxIzExIyQxIyQzIyQ4OSQyNjEwMDIjNzEjJDEjJDgjJDgz,6,신경외과,15,0,학교법인 고려중앙학원 고려대학교의과대학부속병원(안암병원),상급종합,성북구
JDQ4MTg4MSM1MSMkMSMkMCMkODkkMzgxMzUxIzExIyQxIyQzIyQ4OSQyNjEwMDIjNzEjJDEjJDgjJDgz,7,심장혈관흉부외과,9,0,학교법인 고려중앙학원 고려대학교의과대학부속병원(안암병원),상급종합,성북구
JDQ4MTg4MSM1MSMkMSMkMCMkODkkMzgxMzUxIzExIyQxIyQzIyQ4OSQyNjEwMDIjNzEjJDEjJDgjJDgz,8,성형외과,6,0,학교법인 고려중앙학원 고려대학교의과대학부속병원(안암병원),상급종합,성북구
JDQ4MTg4MSM1MSMkMSMkMCMkODkkMzgxMzUxIzExIyQxIyQzIyQ4OSQyNjEwMDIjNzEjJDEjJDgjJDgz,9,마취통증의학과,20,0,학교법인 고려중앙학원 고려대학교의과대학부속병원(안암병원),상급종합,성북구
JDQ4MTg4MSM1MSMkMSMkMCMkODkkMzgxMzUxIzExIyQxIyQzIyQ4OSQyNjEwMDIjNzEjJDEjJDgjJDgz,10,산부인과,14,0,학교법인 고려중앙학원 고려대학교의과대학부속병원(안암병원),상급종합,성북구
JDQ4MTg4MSM1MSMkMSMkMCMkODkkMzgxMzUxIzExIyQxIyQzIyQ4OSQyNjEwMDIjNzEjJDEjJDgjJDgz,11,소아청소년과,26,0,학교법인 고려중앙학원 고려대학교의과대학부속병원(안암병원),상급종합,성북구
JDQ4MTg4MSM1MSMkMSMkMCMkODkkMzgxMzUxIzExIyQxIyQzIyQ4OSQyNjEwMDIjNzEjJDEjJDgjJDgz,12,안과,7,0,학교법인 고려중앙학원 고려대학교의과대학부속병원(안암병원),상급종합,성북구
JDQ4MTg4MSM1MSMkMSMkMCMkODkkMzgxMzUxIzExIyQxIyQzIyQ4OSQyNjEwMDIjNzEjJDEjJDgjJDgz,13,이비인후과,9,0,학교법인 고려중앙학원 고려대학교의과대학부속병원(안암병원),상급종합,성북구
JDQ4MTg4MSM1MSMkMSMkMCMkODkkMzgxMzUxIzExIyQxIyQzIyQ4OSQyNjEwMDIjNzEjJDEjJDgjJDgz,14,피부과,3,0,학교법인 고려중앙학원 고려대학교의과대학부속병원(안암병원),상급종합,성북구
JDQ4MTg4MSM1MSMkMSMkMCMkODkkMzgxMzUxIzExIyQxIyQzIyQ4OSQyNjEwMDIjNzEjJDEjJDgjJDgz,15,비뇨의학과,7,0,학교법인 고려중앙학원 고려대학교의과대학부속병원(안암병원),상급종합,성북구
JDQ4MTg4MSM1MSMkMSMkMCMkODkkMzgxMzUxIzExIyQxIyQzIyQ4OSQyNjEwMDIjNzEjJDEjJDgjJDgz,16,영상의학과,38,0,학교법인 고려중앙학원 고려대학교의과대학부속병원(안암병원),상급종합,성북구
JDQ4MTg4MSM1MSMkMSMkMCMkODkkMzgxMzUxIzExIyQxIyQzIyQ4OSQyNjEwMDIjNzEjJDEjJDgjJDgz,17,방사선종양학과,3,0,학교법인 고려중앙학원 고려대학교의과대학부속병원(안암병원),상급종합,성북구
JDQ4MTg4MSM1MSMkMSMkMCMkODkkMzgxMzUxIzExIyQxIyQzIyQ4OSQyNjEwMDIjNzEjJDEjJDgjJDgz,18,병리과,10,0,학교법인 고려중앙학원 고려대학교의과대학부속병원(안암병원),상급종합,성북구
JDQ4MTg4MSM1MSMkMSMkMCMkODkkMzgxMzUxIzExIyQxIyQzIyQ4OSQyNjEwMDIjNzEjJDEjJDgjJDgz,19,진단검사의학과,6,0,학교법인 고려중앙학원 고려대학교의과대학부속병원(안암병원),상급종합,성북구
JDQ4MTg4MSM1MSMkMSMkMCMkODkkMzgxMzUxIzExIyQxIyQzIyQ4OSQyNjEwMDIjNzEjJDEjJDgjJDgz,21,재활의학과,7,0,학교법인 고려중앙학원 고려대학교의과대학부속병원(안암병원),상급종합,성북구
JDQ4MTg4MSM1MSMkMSMkMCMkODkkMzgxMzUxIzExIyQxIyQzIyQ4OSQyNjEwMDIjNzEjJDEjJDgjJDgz,22,핵의학과,3,0,학교법인 고려중앙학원 고려대학교의과대학부속병원(안암병원),상급종합,성북구
JDQ4MTg4MSM1MSMkMSMkMCMkODkkMzgxMzUxIzExIyQxIyQzIyQ4OSQyNjEwMDIjNzEjJDEjJDgjJDgz,23,가정의학과,11,0,학교법인 고려중앙학원 고려대학교의과대학부속병원(안암병원),상급종합,성북구
JDQ4MTg4MSM1MSMkMSMkMCMkODkkMzgxMzUxIzExIyQxIyQzIyQ4OSQyNjEwMDIjNzEjJDEjJDgjJDgz,24,응급의학과,12,0,학교법인 고려중앙학원 고려대학교의과대학부속병원(안암병원),상급종합,성북구
JDQ4MTg4MSM1MSMkMSMkMCMkODkkMzgxMzUxIzExIyQxIyQzIyQ4OSQyNjEwMDIjNzEjJDEjJDgjJDgz,50,구강악안면외과,3,0,학교법인 고려중앙학원 고려대학교의과대학부속병원(안암병원),상급종합,성북구
JDQ4MTg4MSM1MSMkMSMkMCMkODkkMzgxMzUxIzExIyQxIyQzIyQ4OSQyNjEwMDIjNzEjJDEjJDgjJDgz,51,치과보철과,3,0,학교법인 고려중앙학원 고려대학교의과대학부속병원(안암병원),상급종합,성북구
JDQ4MTg4MSM1MSMkMSMkMCMkODkkMzgxMzUxIzExIyQxIyQzIyQ4OSQyNjEwMDIjNzEjJDEjJDgjJDgz,52,치과교정과,2,0,학교법인 고려중앙학원 고려대학교의과대학부속병원(안암병원),상급종합,성북구
JDQ4MTg4MSM1MSMkMSMkMCMkODkkMzgxMzUxIzExIyQxIyQzIyQ4OSQyNjEwMDIjNzEjJDEjJDgjJDgz,54,치주과,1,0,학교법인 고려중앙학원 고려대학교의과대학부속병원(안암병원),상급종합,성북구
JDQ4MTg4MSM1MSMkMSMkMCMkODkkMzgxMzUxIzExIyQxIyQzIyQ4OSQyNjEwMDIjNzEjJDEjJDgjJDgz,55,치과보존과,1,0,학교법인 고려중앙학원 고려대학교의과대학부속병원(안암병원),상급종합,성북구
JDQ4MTg4MSM1MSMkMSMkMCMkODkkMzgxMzUxIzExIyQyIyQzIyQwMCQyNjE4MzIjODEjJDEjJDIjJDgz,1,내과,149,0,학교법인가톨릭학원가톨릭대학교서울성모병원,상급종합,서초구
JDQ4MTg4MSM1MSMkMSMkMCMkODkkMzgxMzUxIzExIyQyIyQzIyQwMCQyNjE4MzIjODEjJDEjJDIjJDgz,2,신경과,13,0,학교법인가톨릭학원가톨릭대학교서울성모병원,상급종합,서초구
JDQ4MTg4MSM1MSMkMSMkMCMkODkkMzgxMzUxIzExIyQyIyQzIyQwMCQyNjE4MzIjODEjJDEjJDIjJDgz,3,정신건강의학과,12,0,학교법인가톨릭학원가톨릭대학교서울성모병원,상급종합,서초구
JDQ4MTg4MSM1MSMkMSMkMCMkODkkMzgxMzUxIzExIyQyIyQzIyQwMCQyNjE4MzIjODEjJDEjJDIjJDgz,4,외과,46,0,학교법인가톨릭학원가톨릭대학교서울성모병원,상급종합,서초구
JDQ4MTg4MSM1MSMkMSMkMCMkODkkMzgxMzUxIzExIyQyIyQzIyQwMCQyNjE4MzIjODEjJDEjJDIjJDgz,5,정형외과,21,0,학교법인가톨릭학원가톨릭대학교서울성모병원,상급종합,서초구
JDQ4MTg4MSM1MSMkMSMkMCMkODkkMzgxMzUxIzExIyQyIyQzIyQwMCQyNjE4MzIjODEjJDEjJDIjJDgz,6,신경외과,16,0,학교법인가톨릭학원가톨릭대학교서울성모병원,상급종합,서초구
JDQ4MTg4MSM1MSMkMSMkMCMkODkkMzgxMzUxIzExIyQyIyQzIyQwMCQyNjE4MzIjODEjJDEjJDIjJDgz,7,심장혈관흉부외과,10,0,학교법인가톨릭학원가톨릭대학교서울성모병원,상급종합,서초구
JDQ4MTg4MSM1MSMkMSMkMCMkODkkMzgxMzUxIzExIyQyIyQzIyQwMCQyNjE4MzIjODEjJDEjJDIjJDgz,8,성형외과,6,0,학교법인가톨릭학원가톨릭대학교서울성모병원,상급종합,서초구
JDQ4MTg4MSM1MSMkMSMkMCMkODkkMzgxMzUxIzExIyQyIyQzIyQwMCQyNjE4MzIjODEjJDEjJDIjJDgz,9,마취통증의학과,30,0,학교법인가톨릭학원가톨릭대학교서울성모병원,상급종합,서초구
JDQ4MTg4MSM1MSMkMSMkMCMkODkkMzgxMzUxIzExIyQyIyQzIyQwMCQyNjE4MzIjODEjJDEjJDIjJDgz,10,산부인과,20,0,학교법인가톨릭학원가톨릭대학교서울성모병원,상급종합,서초구
JDQ4MTg4MSM1MSMkMSMkMCMkODkkMzgxMzUxIzExIyQyIyQzIyQwMCQyNjE4MzIjODEjJDEjJDIjJDgz,11,소아청소년과,51,0,학교법인가톨릭학원가톨릭대학교서울성모병원,상급종합,서초구
JDQ4MTg4MSM1MSMkMSMkMCMkODkkMzgxMzUxIzExIyQyIyQzIyQwMCQyNjE4MzIjODEjJDEjJDIjJDgz,12,안과,30,0,학교법인가톨릭학원가톨릭대학교서울성모병원,상급종합,서초구
JDQ4MTg4MSM1MSMkMSMkMCMkODkkMzgxMzUxIzExIyQyIyQzIyQwMCQyNjE4MzIjODEjJDEjJDIjJDgz,13,이비인후과,14,0,학교법인가톨릭학원가톨릭대학교서울성모병원,상급종합,서초구
JDQ4MTg4MSM1MSMkMSMkMCMkODkkMzgxMzUxIzExIyQyIyQzIyQwMCQyNjE4MzIjODEjJDEjJDIjJDgz,14,피부과,6,0,학교법인가톨릭학원가톨릭대학교서울성모병원,상급종합,서초구
JDQ4MTg4MSM1MSMkMSMkMCMkODkkMzgxMzUxIzExIyQyIyQzIyQwMCQyNjE4MzIjODEjJDEjJDIjJDgz,15,비뇨의학과,11,0,학교법인가톨릭학원가톨릭대학교서울성모병원,상급종합,서초구
JDQ4MTg4MSM1MSMkMSMkMCMkODkkMzgxMzUxIzExIyQyIyQzIyQwMCQyNjE4MzIjODEjJDEjJDIjJDgz,16,영상의학과,56,0,학교법인가톨릭학원가톨릭대학교서울성모병원,상급종합,서초구
JDQ4MTg4MSM1MSMkMSMkMCMkODkkMzgxMzUxIzExIyQyIyQzIyQwMCQyNjE4MzIjODEjJDEjJDIjJDgz,17,방사선종양학과,8,0,학교법인가톨릭학원가톨릭대학교서울성모병원,상급종합,서초구
JDQ4MTg4MSM1MSMkMSMkMCMkODkkMzgxMzUxIzExIyQyIyQzIyQwMCQyNjE4MzIjODEjJDEjJDIjJDgz,18,병리과,17,0,학교법인가톨릭학원가톨릭대학교서울성모병원,상급종합,서초구
JDQ4MTg4MSM1MSMkMSMkMCMkODkkMzgxMzUxIzExIyQyIyQzIyQwMCQyNjE4MzIjODEjJDEjJDIjJDgz,19,진단검사의학과,13,0,학교법인가톨릭학원가톨릭대학교서울성모병원,상급종합,서초구
JDQ4MTg4MSM1MSMkMSMkMCMkODkkMzgxMzUxIzExIyQyIyQzIyQwMCQyNjE4MzIjODEjJDEjJDIjJDgz,21,재활의학과,4,0,학교법인가톨릭학원가톨릭대학교서울성모병원,상급종합,서초구
JDQ4MTg4MSM1MSMkMSMkMCMkODkkMzgxMzUxIzExIyQyIyQzIyQwMCQyNjE4MzIjODEjJDEjJDIjJDgz,22,핵의학과,6,0,학교법인가톨릭학원가톨릭대학교서울성모병원,상급종합,서초구
JDQ4MTg4MSM1MSMkMSMkMCMkODkkMzgxMzUxIzExIyQyIyQzIyQwMCQyNjE4MzIjODEjJDEjJDIjJDgz,23,가정의학과,16,0,학교법인가톨릭학원가톨릭대학교서울성모병원,상급종합,서초구
JDQ4MTg4MSM1MSMkMSMkMCMkODkkMzgxMzUxIzExIyQyIyQzIyQwMCQyNjE4MzIjODEjJDEjJDIjJDgz,24,응급의학과,12,0,학교법인가톨릭학원가톨릭대학교서울성모병원,상급종합,서초구
JDQ4MTg4MSM1MSMkMSMkMCMkODkkMzgxMzUxIzExIyQyIyQzIyQwMCQyNjE4MzIjODEjJDEjJDIjJDgz,25,직업환경의학과,7,0,학교법인가톨릭학원가톨릭대학교서울성모병원,상급종합,서초구
JDQ4MTg4MSM1MSMkMSMkMCMkODkkMzgxMzUxIzExIyQyIyQzIyQwMCQyNjE4MzIjODEjJDEjJDIjJDgz,50,구강악안면외과,3,0,학교법인가톨릭학원가톨릭대학교서울성모병원,상급종합,서초구
JDQ4MTg4MSM1MSMkMSMkMCMkODkkMzgxMzUxIzExIyQyIyQzIyQwMCQyNjE4MzIjODEjJDEjJDIjJDgz,51,치과보철과,2,0,학교법인가톨릭학원가톨릭대학교서울성모병원,상급종합,서초구
JDQ4MTg4MSM1MSMkMSMkMCMkODkkMzgxMzUxIzExIyQyIyQzIyQwMCQyNjE4MzIjODEjJDEjJDIjJDgz,52,치과교정과,3,0,학교법인가톨릭학원가톨릭대학교서울성모병원,상급종합,서초구
JDQ4MTg4MSM1MSMkMSMkMCMkODkkMzgxMzUxIzExIyQyIyQzIyQwMCQyNjE4MzIjODEjJDEjJDIjJDgz,54,치주과,2,0,학교법인가톨릭학원가톨릭대학교서울성모병원,상급종합,서초구
JDQ4MTg4MSM1MSMkMSMkMCMkODkkMzgxMzUxIzExIyQyIyQzIyQwMCQyNjE4MzIjODEjJDEjJDIjJDgz,55,치과보존과,3,0,학교법인가톨릭학원가톨릭대학교서울성모병원,상급종합,서초구
JDQ4MTg4MSM1MSMkMSMkMCMkODkkMzgxMzUxIzExIyQxIyQzIyQ4OSQ0NjE0ODEjNjEjJDEjJDAjJDgz,1,내과,60,0,한양대학교병원,상급종합,성동구
JDQ4MTg4MSM1MSMkMSMkMCMkODkkMzgxMzUxIzExIyQxIyQzIyQ4OSQ0NjE0ODEjNjEjJDEjJDAjJDgz,2,신경과,18,0,한양대학교병원,상급종합,성동구
JDQ4MTg4MSM1MSMkMSMkMCMkODkkMzgxMzUxIzExIyQxIyQzIyQ4OSQ0NjE0ODEjNjEjJDEjJDAjJDgz,3,정신건강의학과,4,0,한양대학교병원,상급종합,성동구
JDQ4MTg4MSM1MSMkMSMkMCMkODkkMzgxMzUxIzExIyQxIyQzIyQ4OSQ0NjE0ODEjNjEjJDEjJDAjJDgz,4,외과,13,0,한양대학교병원,상급종합,성동구
JDQ4MTg4MSM1MSMkMSMkMCMkODkkMzgxMzUxIzExIyQxIyQzIyQ4OSQ0NjE0ODEjNjEjJDEjJDAjJDgz,5,정형외과,11,0,한양대학교병원,상급종합,성동구
JDQ4MTg4MSM1MSMkMSMkMCMkODkkMzgxMzUxIzExIyQxIyQzIyQ4OSQ0NjE0ODEjNjEjJDEjJDAjJDgz,6,신경외과,7,0,한양대학교병원,상급종합,성동구
JDQ4MTg4MSM1MSMkMSMkMCMkODkkMzgxMzUxIzExIyQxIyQzIyQ4OSQ0NjE0ODEjNjEjJDEjJDAjJDgz,7,심장혈관흉부외과,5,0,한양대학교병원,상급종합,성동구
JDQ4MTg4MSM1MSMkMSMkMCMkODkkMzgxMzUxIzExIyQxIyQzIyQ4OSQ0NjE0ODEjNjEjJDEjJDAjJDgz,8,성형외과,5,0,한양대학교병원,상급종합,성동구
JDQ4MTg4MSM1MSMkMSMkMCMkODkkMzgxMzUxIzExIyQxIyQzIyQ4OSQ0NjE0ODEjNjEjJDEjJDAjJDgz,9,마취통증의학과,11,0,한양대학교병원,상급종합,성동구
JDQ4MTg4MSM1MSMkMSMkMCMkODkkMzgxMzUxIzExIyQxIyQzIyQ4OSQ0NjE0ODEjNjEjJDEjJDAjJDgz,10,산부인과,8,0,한양대학교병원,상급종합,성동구
JDQ4MTg4MSM1MSMkMSMkMCMkODkkMzgxMzUxIzExIyQxIyQzIyQ4OSQ0NjE0ODEjNjEjJDEjJDAjJDgz,11,소아청소년과,14,0,한양대학교병원,상급종합,성동구
JDQ4MTg4MSM1MSMkMSMkMCMkODkkMzgxMzUxIzExIyQxIyQzIyQ4OSQ0NjE0ODEjNjEjJDEjJDAjJDgz,12,안과,8,0,한양대학교병원,상급종합,성동구
JDQ4MTg4MSM1MSMkMSMkMCMkODkkMzgxMzUxIzExIyQxIyQzIyQ4OSQ0NjE0ODEjNjEjJDEjJDAjJDgz,13,이비인후과,5,0,한양대학교병원,상급종합,성동구
JDQ4MTg4MSM1MSMkMSMkMCMkODkkMzgxMzUxIzExIyQxIyQzIyQ4OSQ0NjE0ODEjNjEjJDEjJDAjJDgz,14,피부과,3,0,한양대학교병원,상급종합,성동구
JDQ4MTg4MSM1MSMkMSMkMCMkODkkMzgxMzUxIzExIyQxIyQzIyQ4OSQ0NjE0ODEjNjEjJDEjJDAjJDgz,15,비뇨의학과,5,0,한양대학교병원,상급종합,성동구
JDQ4MTg4MSM1MSMkMSMkMCMkODkkMzgxMzUxIzExIyQxIyQzIyQ4OSQ0NjE0ODEjNjEjJDEjJDAjJDgz,16,영상의학과,17,0,한양대학교병원,상급종합,성동구
JDQ4MTg4MSM1MSMkMSMkMCMkODkkMzgxMzUxIzExIyQxIyQzIyQ4OSQ0NjE0ODEjNjEjJDEjJDAjJDgz,17,방사선종양학과,2,0,한양대학교병원,상급종합,성동구
JDQ4MTg4MSM1MSMkMSMkMCMkODkkMzgxMzUxIzExIyQxIyQzIyQ4OSQ0NjE0ODEjNjEjJDEjJDAjJDgz,18,병리과,4,0,한양대학교병원,상급종합,성동구
JDQ4MTg4MSM1MSMkMSMkMCMkODkkMzgxMzUxIzExIyQxIyQzIyQ4OSQ0NjE0ODEjNjEjJDEjJDAjJDgz,19,진단검사의학과,7,0,한양대학교병원,상급종합,성동구
JDQ4MTg4MSM1MSMkMSMkMCMkODkkMzgxMzUxIzExIyQxIyQzIyQ4OSQ0NjE0ODEjNjEjJDEjJDAjJDgz,20,결핵과,0,0,한양대학교병원,상급종합,성동구
JDQ4MTg4MSM1MSMkMSMkMCMkODkkMzgxMzUxIzExIyQxIyQzIyQ4OSQ0NjE0ODEjNjEjJDEjJDAjJDgz,21,재활의학과,4,0,한양대학교병원,상급종합,성동구
JDQ4MTg4MSM1MSMkMSMkMCMkODkkMzgxMzUxIzExIyQxIyQzIyQ4OSQ0NjE0ODEjNjEjJDEjJDAjJDgz,22,핵의학과,2,0,한양대학교병원,상급종합,성동구
JDQ4MTg4MSM1MSMkMSMkMCMkODkkMzgxMzUxIzExIyQxIyQzIyQ4OSQ0NjE0ODEjNjEjJDEjJDAjJDgz,23,가정의학과,4,0,한양대학교병원,상급종합,성동구
JDQ4MTg4MSM1MSMkMSMkMCMkODkkMzgxMzUxIzExIyQxIyQzIyQ4OSQ0NjE0ODEjNjEjJDEjJDAjJDgz,24,응급의학과,13,0,한양대학교병원,상급종합,성동구
JDQ4MTg4MSM1MSMkMSMkMCMkODkkMzgxMzUxIzExIyQxIyQzIyQ4OSQ0NjE0ODEjNjEjJDEjJDAjJDgz,25,직업환경의학과,4,0,한양대학교병원,상급종합,성동구
JDQ4MTg4MSM1MSMkMSMkMCMkODkkMzgxMzUxIzExIyQxIyQzIyQ4OSQ0NjE0ODEjNjEjJDEjJDAjJDgz,50,구강악안면외과,2,0,한양대학교병원,상급종합,성동구
JDQ4MTg4MSM1MSMkMSMkMCMkODkkMzgxMzUxIzExIyQxIyQzIyQ4OSQ0NjE0ODEjNjEjJDEjJDAjJDgz,51,치과보철과,1,0,한양대학교병원,상급종합,성동구
JDQ4MTg4MSM1MSMkMSMkMCMkODkkMzgxMzUxIzExIyQxIyQzIyQ4OSQ0NjE0ODEjNjEjJDEjJDAjJDgz,52,치과교정과,1,0,한양대학교병원,상급종합,성동구
JDQ4MTg4MSM1MSMkMSMkMCMkODkkMzgxMzUxIzExIyQxIyQzIyQ4OSQ0NjE0ODEjNjEjJDEjJDAjJDgz,54,치주과,1,0,한양대학교병원,상급종합,성동구
JDQ4MTg4MSM1MSMkMSMkMCMkODkkMzgxMzUxIzExIyQxIyQzIyQ4OSQ0NjE0ODEjNjEjJDEjJDAjJDgz,55,치과보존과,1,0,한양대학교병원,상급종합,성동구
JDQ4MTg4MSM1MSMkMSMkMCMkOTkkNTgxMzUxIzIxIyQxIyQ1IyQ4OSQ0NjE0ODEjNDEjJDEjJDgjJDgz,1,내과,1,0,강남구립행복요양병원,요양병원,강남구
JDQ4MTg4MSM1MSMkMSMkMCMkOTkkNTgxMzUxIzIxIyQxIyQ1IyQ4OSQ0NjE0ODEjNDEjJDEjJDgjJDgz,2,신경과,2,0,강남구립행복요양병원,요양병원,강남구
JDQ4MTg4MSM1MSMkMSMkMCMkOTkkNTgxMzUxIzIxIyQxIyQ1IyQ4OSQ0NjE0ODEjNDEjJDEjJDgjJDgz,4,외과,0,0,강남구립행복요양병원,요양병원,강남구
JDQ4MTg4MSM1MSMkMSMkMCMkOTkkNTgxMzUxIzIxIyQxIyQ1IyQ4OSQ0NjE0ODEjNDEjJDEjJDgjJDgz,21,재활의학과,2,0,강남구립행복요양병원,요양병원,강남구
JDQ4MTg4MSM1MSMkMSMkMCMkOTkkNTgxMzUxIzIxIyQxIyQ1IyQ4OSQ0NjE0ODEjNDEjJDEjJDgjJDgz,23,가정의학과,2,0,강남구립행복요양병원,요양병원,강남구
JDQ4MTg4MSM1MSMkMSMkMCMkOTkkNTgxMzUxIzIxIyQxIyQ1IyQ4OSQ0NjE0ODEjNDEjJDEjJDgjJDgz,80,한방내과,0,0,강남구립행복요양병원,요양병원,강남구
JDQ4MTg4MSM1MSMkMSMkMCMkOTkkNTgxMzUxIzIxIyQxIyQ1IyQ4OSQ0NjE0ODEjNDEjJDEjJDgjJDgz,84,한방신경정신과,1,0,강남구립행복요양병원,요양병원,강남구
JDQ4MTg4MSM1MSMkMSMkMCMkOTkkNTgxMzUxIzIxIyQxIyQ1IyQ4OSQ0NjE0ODEjNDEjJDEjJDgjJDgz,85,침구과,0,0,강남구립행복요양병원,요양병원,강남구
JDQ4MTg4MSM1MSMkMSMkMCMkOTkkNTgxMzUxIzIxIyQxIyQ1IyQ4OSQ0NjE0ODEjNDEjJDEjJDgjJDgz,86,한방재활의학과,0,0,강남구립행복요양병원,요양병원,강남구
JDQ4MTg4MSM1MSMkMSMkMCMkOTkkNTgxMzUxIzIxIyQyIyQxIyQwMCQzNjEyMjIjNTEjJDEjJDYjJDgz,1,내과,0,0,강남센트럴요양병원,요양병원,송파구
JDQ4MTg4MSM1MSMkMSMkMCMkOTkkNTgxMzUxIzIxIyQyIyQxIyQwMCQzNjEyMjIjNTEjJDEjJDYjJDgz,2,신경과,0,0,강남센트럴요양병원,요양병원,송파구
JDQ4MTg4MSM1MSMkMSMkMCMkOTkkNTgxMzUxIzIxIyQyIyQxIyQwMCQzNjEyMjIjNTEjJDEjJDYjJDgz,3,정신건강의학과,1,0,강남센트럴요양병원,요양병원,송파구
JDQ4MTg4MSM1MSMkMSMkMCMkOTkkNTgxMzUxIzIxIyQyIyQxIyQwMCQzNjEyMjIjNTEjJDEjJDYjJDgz,21,재활의학과,1,0,강남센트럴요양병원,요양병원,송파구
JDQ4MTg4MSM1MSMkMSMkMCMkOTkkNTgxMzUxIzIxIyQyIyQxIyQwMCQzNjEyMjIjNTEjJDEjJDYjJDgz,23,가정의학과,1,0,강남센트럴요양병원,요양병원,송파구
JDQ4MTg4MSM1MSMkMSMkMCMkOTkkNTgxMzUxIzIxIyQyIyQxIyQwMCQzNjEyMjIjNTEjJDEjJDYjJDgz,80,한방내과,1,0,강남센트럴요양병원,요양병원,송파구
JDQ4MTg4MSM1MSMkMSMkMCMkOTkkNTgxMzUxIzIxIyQyIyQxIyQwMCQzNjEyMjIjNTEjJDEjJDYjJDgz,85,침구과,0,0,강남센트럴요양병원,요양병원,송파구
JDQ4MTg4MSM1MSMkMSMkMCMkOTkkNTgxMzUxIzIxIyQyIyQxIyQwMCQzNjEyMjIjNTEjJDEjJDYjJDgz,86,한방재활의학과,0,0,강남센트럴요양병원,요양병원,송파구
JDQ4MTg4MSM1MSMkMSMkMCMkOTkkNTgxMzUxIzIxIyQyIyQxIyQwMCQzNjE0ODEjNzEjJDEjJDgjJDgz,1,내과,1,0,강남수요양병원,요양병원,관악구
JDQ4MTg4MSM1MSMkMSMkMCMkOTkkNTgxMzUxIzIxIyQyIyQxIyQwMCQzNjE0ODEjNzEjJDEjJDgjJDgz,2,신경과,0,0,강남수요양병원,요양병원,관악구
JDQ4MTg4MSM1MSMkMSMkMCMkOTkkNTgxMzUxIzIxIyQyIyQxIyQwMCQzNjE0ODEjNzEjJDEjJDgjJDgz,5,정형외과,0,0,강남수요양병원,요양병원,관악구
JDQ4MTg4MSM1MSMkMSMkMCMkOTkkNTgxMzUxIzIxIyQyIyQxIyQwMCQzNjE0ODEjNzEjJDEjJDgjJDgz,21,재활의학과,1,0,강남수요양병원,요양병원,관악구
JDQ4MTg4MSM1MSMkMSMkMCMkOTkkNTgxMzUxIzIxIyQyIyQxIyQwMCQzNjE0ODEjNzEjJDEjJDgjJDgz,23,가정의학과,0,0,강남수요양병원,요양병원,관악구
JDQ4MTg4MSM1MSMkMSMkMCMkOTkkNTgxMzUxIzIxIyQyIyQxIyQwMCQzNjE0ODEjNzEjJDEjJDgjJDgz,80,한방내과,0,0,강남수요양병원,요양병원,관악구
JDQ4MTg4MSM1MSMkMSMkMCMkOTkkNTgxMzUxIzIxIyQyIyQxIyQwMCQzNjE0ODEjNzEjJDEjJDgjJDgz,83,한방안·이비인후·피부과,0,0,강남수요양병원,요양병원,관악구
JDQ4MTg4MSM1MSMkMSMkMCMkOTkkNTgxMzUxIzIxIyQyIyQxIyQwMCQzNjE0ODEjNzEjJDEjJDgjJDgz,84,한방신경정신과,0,0,강남수요양병원,요양병원,관악구
JDQ4MTg4MSM1MSMkMSMkMCMkOTkkNTgxMzUxIzIxIyQyIyQxIyQwMCQzNjE0ODEjNzEjJDEjJDgjJDgz,85,침구과,0,0,강남수요양병원,요양병원,관악구
JDQ4MTg4MSM1MSMkMSMkMCMkOTkkNTgxMzUxIzIxIyQyIyQxIyQwMCQzNjE0ODEjNzEjJDEjJDgjJDgz,86,한방재활의학과,0,0,강남수요양병원,요양병원,관악구
JDQ4MTg4MSM1MSMkMSMkMCMkOTkkNTgxMzUxIzIxIyQyIyQxIyQwMCQzNjE0ODEjNzEjJDEjJDgjJDgz,87,사상체질과,0,0,강남수요양병원,요양병원,관악구
JDQ4MTg4MSM1MSMkMSMkNCMkOTkkNTgxMzUxIzExIyQxIyQzIyQ3OSQzNjEwMDIjNjEjJDEjJDAjJDgz,1,내과,1,0,강남요양병원,요양병원,서초구
JDQ4MTg4MSM1MSMkMSMkNCMkOTkkNTgxMzUxIzExIyQxIyQzIyQ3OSQzNjEwMDIjNjEjJDEjJDAjJDgz,4,외과,0,0,강남요양병원,요양병원,서초구
JDQ4MTg4MSM1MSMkMSMkNCMkOTkkNTgxMzUxIzExIyQxIyQzIyQ3OSQzNjEwMDIjNjEjJDEjJDAjJDgz,6,신경외과,0,0,강남요양병원,요양병원,서초구
JDQ4MTg4MSM1MSMkMSMkNCMkOTkkNTgxMzUxIzExIyQxIyQzIyQ3OSQzNjEwMDIjNjEjJDEjJDAjJDgz,21,재활의학과,0,0,강남요양병원,요양병원,서초구
JDQ4MTg4MSM1MSMkMSMkNCMkOTkkNTgxMzUxIzExIyQxIyQzIyQ3OSQzNjEwMDIjNjEjJDEjJDAjJDgz,23,가정의학과,1,0,강남요양병원,요양병원,서초구
JDQ4MTg4MSM1MSMkMSMkNCMkOTkkNTgxMzUxIzExIyQxIyQzIyQ3OSQzNjEwMDIjNjEjJDEjJDAjJDgz,80,한방내과,0,0,강남요양병원,요양병원,서초구
JDQ4MTg4MSM1MSMkMSMkNCMkOTkkNTgxMzUxIzExIyQxIyQzIyQ3OSQzNjEwMDIjNjEjJDEjJDAjJDgz,85,침구과,0,0,강남요양병원,요양병원,서초구
JDQ4MTg4MSM1MSMkMSMkNCMkOTkkNTgxMzUxIzExIyQxIyQzIyQ3OSQzNjE0ODEjNjEjJDEjJDgjJDgz,1,내과,2,0,강남효요양병원,요양병원,관악구
JDQ4MTg4MSM1MSMkMSMkNCMkOTkkNTgxMzUxIzExIyQxIyQzIyQ3OSQzNjE0ODEjNjEjJDEjJDgjJDgz,2,신경과,0,0,강남효요양병원,요양병원,관악구
JDQ4MTg4MSM1MSMkMSMkNCMkOTkkNTgxMzUxIzExIyQxIyQzIyQ3OSQzNjE0ODEjNjEjJDEjJDgjJDgz,4,외과,0,0,강남효요양병원,요양병원,관악구
JDQ4MTg4MSM1MSMkMSMkNCMkOTkkNTgxMzUxIzExIyQxIyQzIyQ3OSQzNjE0ODEjNjEjJDEjJDgjJDgz,5,정형외과,0,0,강남효요양병원,요양병원,관악구
JDQ4MTg4MSM1MSMkMSMkNCMkOTkkNTgxMzUxIzExIyQxIyQzIyQ3OSQzNjE0ODEjNjEjJDEjJDgjJDgz,6,신경외과,0,0,강남효요양병원,요양병원,관악구
JDQ4MTg4MSM1MSMkMSMkNCMkOTkkNTgxMzUxIzExIyQxIyQzIyQ3OSQzNjE0ODEjNjEjJDEjJDgjJDgz,21,재활의학과,0,0,강남효요양병원,요양병원,관악구
JDQ4MTg4MSM1MSMkMSMkNCMkOTkkNTgxMzUxIzExIyQxIyQzIyQ3OSQzNjE0ODEjNjEjJDEjJDgjJDgz,23,가정의학과,3,0,강남효요양병원,요양병원,관악구
JDQ4MTg4MSM1MSMkMSMkMCMkOTkkNTgxMzUxIzIxIyQxIyQxIyQ3OSQyNjEyMjIjODEjJDEjJDYjJDgz,1,내과,4,0,강동성모요양병원,요양병원,강동구
JDQ4MTg4MSM1MSMkMSMkMCMkOTkkNTgxMzUxIzIxIyQxIyQxIyQ3OSQyNjEyMjIjODEjJDEjJDYjJDgz,2,신경과,1,0,강동성모요양병원,요양병원,강동구
JDQ4MTg4MSM1MSMkMSMkMCMkOTkkNTgxMzUxIzIxIyQxIyQxIyQ3OSQyNjEyMjIjODEjJDEjJDYjJDgz,3,정신건강의학과,0,0,강동성모요양병원,요양병원,강동구
JDQ4MTg4MSM1MSMkMSMkMCMkOTkkNTgxMzUxIzIxIyQxIyQxIyQ3OSQyNjEyMjIjODEjJDEjJDYjJDgz,4,외과,1,0,강동성모요양병원,요양병원,강동구
JDQ4MTg4MSM1MSMkMSMkMCMkOTkkNTgxMzUxIzIxIyQxIyQxIyQ3OSQyNjEyMjIjODEjJDEjJDYjJDgz,21,재활의학과,2,0,강동성모요양병원,요양병원,강동구
JDQ4MTg4MSM1MSMkMSMkMCMkOTkkNTgxMzUxIzIxIyQxIyQxIyQ3OSQyNjEyMjIjODEjJDEjJDYjJDgz,23,가정의학과,1,0,강동성모요양병원,요양병원,강동구
JDQ4MTg4MSM1MSMkMSMkMCMkOTkkNTgxMzUxIzIxIyQxIyQxIyQ3OSQyNjEyMjIjODEjJDEjJDYjJDgz,80,한방내과,0,0,강동성모요양병원,요양병원,강동구
JDQ4MTg4MSM1MSMkMSMkMCMkOTkkNTgxMzUxIzIxIyQxIyQxIyQ3OSQyNjEyMjIjODEjJDEjJDYjJDgz,81,한방부인과,0,0,강동성모요양병원,요양병원,강동구
JDQ4MTg4MSM1MSMkMSMkMCMkOTkkNTgxMzUxIzIxIyQxIyQxIyQ3OSQyNjEyMjIjODEjJDEjJDYjJDgz,82,한방소아과,0,0,강동성모요양병원,요양병원,강동구
JDQ4MTg4MSM1MSMkMSMkMCMkOTkkNTgxMzUxIzIxIyQxIyQxIyQ3OSQyNjEyMjIjODEjJDEjJDYjJDgz,83,한방안·이비인후·피부과,0,0,강동성모요양병원,요양병원,강동구
JDQ4MTg4MSM1MSMkMSMkMCMkOTkkNTgxMzUxIzIxIyQxIyQxIyQ3OSQyNjEyMjIjODEjJDEjJDYjJDgz,84,한방신경정신과,0,0,강동성모요양병원,요양병원,강동구
JDQ4MTg4MSM1MSMkMSMkMCMkOTkkNTgxMzUxIzIxIyQxIyQxIyQ3OSQyNjEyMjIjODEjJDEjJDYjJDgz,85,침구과,0,0,강동성모요양병원,요양병원,강동구
JDQ4MTg4MSM1MSMkMSMkMCMkOTkkNTgxMzUxIzIxIyQxIyQxIyQ3OSQyNjEyMjIjODEjJDEjJDYjJDgz,86,한방재활의학과,0,0,강동성모요양병원,요양병원,강동구
JDQ4MTg4MSM1MSMkMSMkMCMkOTkkNTgxMzUxIzIxIyQxIyQxIyQ3OSQyNjEyMjIjODEjJDEjJDYjJDgz,87,사상체질과,0,0,강동성모요양병원,요양병원,강동구
JDQ4MTg4MSM1MSMkMSMkMCMkOTkkNTgxMzUxIzExIyQxIyQ3IyQwMyQzNjE0ODEjNzEjJDEjJDgjJDgz,1,내과,0,0,강동우리들요양병원,요양병원,강동구
JDQ4MTg4MSM1MSMkMSMkMCMkOTkkNTgxMzUxIzExIyQxIyQ3IyQwMyQzNjE0ODEjNzEjJDEjJDgjJDgz,4,외과,0,0,강동우리들요양병원,요양병원,강동구
JDQ4MTg4MSM1MSMkMSMkMCMkOTkkNTgxMzUxIzExIyQxIyQ3IyQwMyQzNjE0ODEjNzEjJDEjJDgjJDgz,6,신경외과,1,0,강동우리들요양병원,요양병원,강동구
JDQ4MTg4MSM1MSMkMSMkMCMkOTkkNTgxMzUxIzExIyQxIyQ3IyQwMyQzNjE0ODEjNzEjJDEjJDgjJDgz,21,재활의학과,1,0,강동우리들요양병원,요양병원,강동구
JDQ4MTg4MSM1MSMkMSMkMCMkOTkkNTgxMzUxIzExIyQxIyQ3IyQwMyQzNjE0ODEjNzEjJDEjJDgjJDgz,23,가정의학과,1,0,강동우리들요양병원,요양병원,강동구
JDQ4MTg4MSM1MSMkMSMkMCMkOTkkNTgxMzUxIzExIyQxIyQ3IyQwMyQzNjE0ODEjNzEjJDEjJDgjJDgz,80,한방내과,0,0,강동우리들요양병원,요양병원,강동구
JDQ4MTg4MSM1MSMkMSMkMCMkOTkkNTgxMzUxIzExIyQxIyQ3IyQwMyQzNjE0ODEjNzEjJDEjJDgjJDgz,81,한방부인과,2,0,강동우리들요양병원,요양병원,강동구
JDQ4MTg4MSM1MSMkMSMkMCMkOTkkNTgxMzUxIzExIyQxIyQ3IyQwMyQzNjE0ODEjNzEjJDEjJDgjJDgz,82,한방소아과,0,0,강동우리들요양병원,요양병원,강동구
JDQ4MTg4MSM1MSMkMSMkMCMkOTkkNTgxMzUxIzExIyQxIyQ3IyQwMyQzNjE0ODEjNzEjJDEjJDgjJDgz,83,한방안·이비인후·피부과,0,0,강동우리들요양병원,요양병원,강동구
JDQ4MTg4MSM1MSMkMSMkMCMkOTkkNTgxMzUxIzExIyQxIyQ3IyQwMyQzNjE0ODEjNzEjJDEjJDgjJDgz,84,한방신경정신과,0,0,강동우리들요양병원,요양병원,강동구
JDQ4MTg4MSM1MSMkMSMkMCMkOTkkNTgxMzUxIzExIyQxIyQ3IyQwMyQzNjE0ODEjNzEjJDEjJDgjJDgz,85,침구과,0,0,강동우리들요양병원,요양병원,강동구
JDQ4MTg4MSM1MSMkMSMkMCMkOTkkNTgxMzUxIzExIyQxIyQ3IyQwMyQzNjE0ODEjNzEjJDEjJDgjJDgz,86,한방재활의학과,0,0,강동우리들요양병원,요양병원,강동구
JDQ4MTg4MSM1MSMkMSMkMCMkOTkkNTgxMzUxIzExIyQxIyQ3IyQwMyQzNjE0ODEjNzEjJDEjJDgjJDgz,87,사상체질과,0,0,강동우리들요양병원,요양병원,강동구
JDQ4MTg4MSM1MSMkMSMkMCMkOTkkNTgxMzUxIzIxIyQxIyQxIyQwMyQzNjE4MzIjODEjJDEjJDIjJDgz,1,내과,0,0,강북연세요양병원,요양병원,서대문구
JDQ4MTg4MSM1MSMkMSMkMCMkOTkkNTgxMzUxIzIxIyQxIyQxIyQwMyQzNjE4MzIjODEjJDEjJDIjJDgz,2,신경과,0,0,강북연세요양병원,요양병원,서대문구
JDQ4MTg4MSM1MSMkMSMkMCMkOTkkNTgxMzUxIzIxIyQxIyQxIyQwMyQzNjE4MzIjODEjJDEjJDIjJDgz,4,외과,1,0,강북연세요양병원,요양병원,서대문구
JDQ4MTg4MSM1MSMkMSMkMCMkOTkkNTgxMzUxIzIxIyQxIyQxIyQwMyQzNjE4MzIjODEjJDEjJDIjJDgz,5,정형외과,0,0,강북연세요양병원,요양병원,서대문구
JDQ4MTg4MSM1MSMkMSMkMCMkOTkkNTgxMzUxIzIxIyQxIyQxIyQwMyQzNjE4MzIjODEjJDEjJDIjJDgz,6,신경외과,0,0,강북연세요양병원,요양병원,서대문구
JDQ4MTg4MSM1MSMkMSMkMCMkOTkkNTgxMzUxIzIxIyQxIyQxIyQwMyQzNjE4MzIjODEjJDEjJDIjJDgz,7,심장혈관흉부외과,0,0,강북연세요양병원,요양병원,서대문구
JDQ4MTg4MSM1MSMkMSMkMCMkOTkkNTgxMzUxIzIxIyQxIyQxIyQwMyQzNjE4MzIjODEjJDEjJDIjJDgz,10,산부인과,0,0,강북연세요양병원,요양병원,서대문구
JDQ4MTg4MSM1MSMkMSMkMCMkOTkkNTgxMzUxIzIxIyQxIyQxIyQwMyQzNjE4MzIjODEjJDEjJDIjJDgz,13,이비인후과,0,0,강북연세요양병원,요양병원,서대문구
JDQ4MTg4MSM1MSMkMSMkMCMkOTkkNTgxMzUxIzIxIyQxIyQxIyQwMyQzNjE4MzIjODEjJDEjJDIjJDgz,15,비뇨의학과,1,0,강북연세요양병원,요양병원,서대문구
JDQ4MTg4MSM1MSMkMSMkMCMkOTkkNTgxMzUxIzIxIyQxIyQxIyQwMyQzNjE4MzIjODEjJDEjJDIjJDgz,21,재활의학과,1,0,강북연세요양병원,요양병원,서대문구
JDQ4MTg4MSM1MSMkMSMkMCMkOTkkNTgxMzUxIzIxIyQxIyQxIyQwMyQzNjE4MzIjODEjJDEjJDIjJDgz,23,가정의학과,1,0,강북연세요양병원,요양병원,서대문구
JDQ4MTg4MSM1MSMkMSMkMCMkOTkkNTgxMzUxIzIxIyQxIyQxIyQwMyQzNjE4MzIjODEjJDEjJDIjJDgz,80,한방내과,1,0,강북연세요양병원,요양병원,서대문구
JDQ4MTg4MSM1MSMkMSMkMCMkOTkkNTgxMzUxIzIxIyQxIyQxIyQ3MiQ0NjE0ODEjNjEjJDEjJDAjJDgz,1,내과,0,0,강북휴요양병원,요양병원,강북구
JDQ4MTg4MSM1MSMkMSMkMCMkOTkkNTgxMzUxIzIxIyQxIyQxIyQ3MiQ0NjE0ODEjNjEjJDEjJDAjJDgz,2,신경과,0,0,강북휴요양병원,요양병원,강북구
JDQ4MTg4MSM1MSMkMSMkMCMkOTkkNTgxMzUxIzIxIyQxIyQxIyQ3MiQ0NjE0ODEjNjEjJDEjJDAjJDgz,5,정형외과,1,0,강북휴요양병원,요양병원,강북구
JDQ4MTg4MSM1MSMkMSMkMCMkOTkkNTgxMzUxIzIxIyQxIyQxIyQ3MiQ0NjE0ODEjNjEjJDEjJDAjJDgz,6,신경외과,0,0,강북휴요양병원,요양병원,강북구
JDQ4MTg4MSM1MSMkMSMkMCMkOTkkNTgxMzUxIzIxIyQxIyQxIyQ3MiQ0NjE0ODEjNjEjJDEjJDAjJDgz,21,재활의학과,0,0,강북휴요양병원,요양병원,강북구
JDQ4MTg4MSM1MSMkMSMkMCMkOTkkNTgxMzUxIzIxIyQxIyQxIyQ3MiQ0NjE0ODEjNjEjJDEjJDAjJDgz,23,가정의학과,1,0,강북휴요양병원,요양병원,강북구
JDQ4MTg4MSM1MSMkMSMkMCMkOTkkNTgxMzUxIzIxIyQxIyQxIyQ3MiQ0NjE0ODEjNjEjJDEjJDAjJDgz,80,한방내과,0,0,강북휴요양병원,요양병원,강북구
JDQ4MTg4MSM1MSMkMSMkMCMkOTkkNTgxMzUxIzIxIyQxIyQxIyQ3MiQ0NjE0ODEjNjEjJDEjJDAjJDgz,85,침구과,0,0,강북휴요양병원,요양병원,강북구
JDQ4MTg4MSM1MSMkMSMkMCMkOTkkNTgxMzUxIzIxIyQxIyQ1IyQ4OSQzNjE0ODEjODEjJDEjJDYjJDgz,1,내과,0,0,경희늘푸른노인전문병원,요양병원,도봉구
JDQ4MTg4MSM1MSMkMSMkMCMkOTkkNTgxMzUxIzIxIyQxIyQ1IyQ4OSQzNjE0ODEjODEjJDEjJDYjJDgz,2,신경과,3,0,경희늘푸른노인전문병원,요양병원,도봉구
JDQ4MTg4MSM1MSMkMSMkMCMkOTkkNTgxMzUxIzIxIyQxIyQ1IyQ4OSQzNjE0ODEjODEjJDEjJDYjJDgz,3,정신건강의학과,0,0,경희늘푸른노인전문병원,요양병원,도봉구
JDQ4MTg4MSM1MSMkMSMkMCMkOTkkNTgxMzUxIzIxIyQxIyQ1IyQ4OSQzNjE0ODEjODEjJDEjJDYjJDgz,9,마취통증의학과,0,0,경희늘푸른노인전문병원,요양병원,도봉구
JDQ4MTg4MSM1MSMkMSMkMCMkOTkkNTgxMzUxIzIxIyQxIyQ1IyQ4OSQzNjE0ODEjODEjJDEjJDYjJDgz,21,재활의학과,1,0,경희늘푸른노인전문병원,요양병원,도봉구
JDQ4MTg4MSM1MSMkMSMkMCMkOTkkNTgxMzUxIzIxIyQxIyQxIyQ3MiQyNjE0ODEjODEjJDEjJDYjJDgz,1,내과,0,0,굿모닝요양병원,요양병원,성동구
JDQ4MTg4MSM1MSMkMSMkMCMkOTkkNTgxMzUxIzIxIyQxIyQxIyQ3MiQyNjE0ODEjODEjJDEjJDYjJDgz,2,신경과,0,0,굿모닝요양병원,요양병원,성동구
JDQ4MTg4MSM1MSMkMSMkMCMkOTkkNTgxMzUxIzIxIyQxIyQxIyQ3MiQyNjE0ODEjODEjJDEjJDYjJDgz,4,외과,0,0,굿모닝요양병원,요양병원,성동구
JDQ4MTg4MSM1MSMkMSMkMCMkOTkkNTgxMzUxIzIxIyQxIyQxIyQ3MiQyNjE0ODEjODEjJDEjJDYjJDgz,5,정형외과,1,0,굿모닝요양병원,요양병원,성동구
JDQ4MTg4MSM1MSMkMSMkMCMkOTkkNTgxMzUxIzIxIyQxIyQxIyQ3MiQyNjE0ODEjODEjJDEjJDYjJDgz,6,신경외과,0,0,굿모닝요양병원,요양병원,성동구
JDQ4MTg4MSM1MSMkMSMkMCMkOTkkNTgxMzUxIzIxIyQxIyQxIyQ3MiQyNjE0ODEjODEjJDEjJDYjJDgz,7,심장혈관흉부외과,0,0,굿모닝요양병원,요양병원,성동구
JDQ4MTg4MSM1MSMkMSMkMCMkOTkkNTgxMzUxIzIxIyQxIyQxIyQ3MiQyNjE0ODEjODEjJDEjJDYjJDgz,10,산부인과,1,0,굿모닝요양병원,요양병원,성동구
JDQ4MTg4MSM1MSMkMSMkMCMkOTkkNTgxMzUxIzIxIyQxIyQxIyQ3MiQyNjE0ODEjODEjJDEjJDYjJDgz,13,이비인후과,0,0,굿모닝요양병원,요양병원,성동구
JDQ4MTg4MSM1MSMkMSMkMCMkOTkkNTgxMzUxIzIxIyQxIyQxIyQ3MiQyNjE0ODEjODEjJDEjJDYjJDgz,14,피부과,0,0,굿모닝요양병원,요양병원,성동구
JDQ4MTg4MSM1MSMkMSMkMCMkOTkkNTgxMzUxIzIxIyQxIyQxIyQ3MiQyNjE0ODEjODEjJDEjJDYjJDgz,15,비뇨의학과,0,0,굿모닝요양병원,요양병원,성동구
JDQ4MTg4MSM1MSMkMSMkMCMkOTkkNTgxMzUxIzIxIyQxIyQxIyQ3MiQyNjE0ODEjODEjJDEjJDYjJDgz,16,영상의학과,0,0,굿모닝요양병원,요양병원,성동구
JDQ4MTg4MSM1MSMkMSMkMCMkOTkkNTgxMzUxIzIxIyQxIyQxIyQ3MiQyNjE0ODEjODEjJDEjJDYjJDgz,23,가정의학과,0,0,굿모닝요양병원,요양병원,성동구
JDQ4MTg4MSM1MSMkMSMkMCMkOTkkNTgxMzUxIzIxIyQxIyQxIyQ3MiQyNjE0ODEjODEjJDEjJDYjJDgz,80,한방내과,0,0,굿모닝요양병원,요양병원,성동구
JDQ4MTg4MSM1MSMkMSMkMCMkOTkkNTgxMzUxIzIxIyQxIyQxIyQ3MiQyNjE0ODEjODEjJDEjJDYjJDgz,81,한방부인과,0,0,굿모닝요양병원,요양병원,성동구
JDQ4MTg4MSM1MSMkMSMkMCMkOTkkNTgxMzUxIzIxIyQxIyQxIyQ3MiQyNjE0ODEjODEjJDEjJDYjJDgz,82,한방소아과,0,0,굿모닝요양병원,요양병원,성동구
JDQ4MTg4MSM1MSMkMSMkMCMkOTkkNTgxMzUxIzIxIyQxIyQxIyQ3MiQyNjE0ODEjODEjJDEjJDYjJDgz,83,한방안·이비인후·피부과,0,0,굿모닝요양병원,요양병원,성동구
JDQ4MTg4MSM1MSMkMSMkMCMkOTkkNTgxMzUxIzIxIyQxIyQxIyQ3MiQyNjE0ODEjODEjJDEjJDYjJDgz,84,한방신경정신과,0,0,굿모닝요양병원,요양병원,성동구
JDQ4MTg4MSM1MSMkMSMkMCMkOTkkNTgxMzUxIzIxIyQxIyQxIyQ3MiQyNjE0ODEjODEjJDEjJDYjJDgz,85,침구과,1,0,굿모닝요양병원,요양병원,성동구
JDQ4MTg4MSM1MSMkMSMkMCMkOTkkNTgxMzUxIzIxIyQxIyQxIyQ3MiQyNjE0ODEjODEjJDEjJDYjJDgz,86,한방재활의학과,0,0,굿모닝요양병원,요양병원,성동구
JDQ4MTg4MSM1MSMkMSMkMCMkOTkkNTgxMzUxIzIxIyQxIyQxIyQ3MiQyNjE0ODEjODEjJDEjJDYjJDgz,87,사상체질과,0,0,굿모닝요양병원,요양병원,성동구
JDQ4MTg4MSM1MSMkMSMkMCMkOTkkNTgxMzUxIzIxIyQxIyQ1IyQ5OSQyNjE4MzIjODEjJDEjJDIjJDgz,1,내과,3,0,그레이스힐 요양병원,요양병원,노원구
JDQ4MTg4MSM1MSMkMSMkMCMkOTkkNTgxMzUxIzIxIyQxIyQ1IyQ5OSQyNjE4MzIjODEjJDEjJDIjJDgz,2,신경과,0,0,그레이스힐 요양병원,요양병원,노원구
JDQ4MTg4MSM1MSMkMSMkMCMkOTkkNTgxMzUxIzIxIyQxIyQ1IyQ5OSQyNjE4MzIjODEjJDEjJDIjJDgz,4,외과,0,0,그레이스힐 요양병원,요양병원,노원구
JDQ4MTg4MSM1MSMkMSMkMCMkOTkkNTgxMzUxIzIxIyQxIyQ1IyQ5OSQyNjE4MzIjODEjJDEjJDIjJDgz,5,정형외과,0,0,그레이스힐 요양병원,요양병원,노원구
JDQ4MTg4MSM1MSMkMSMkMCMkOTkkNTgxMzUxIzIxIyQxIyQ1IyQ5OSQyNjE4MzIjODEjJDEjJDIjJDgz,6,신경외과,0,0,그레이스힐 요양병원,요양병원,노원구
JDQ4MTg4MSM1MSMkMSMkMCMkOTkkNTgxMzUxIzIxIyQxIyQ1IyQ5OSQyNjE4MzIjODEjJDEjJDIjJDgz,14,피부과,0,0,그레이스힐 요양병원,요양병원,노원구
JDQ4MTg4MSM1MSMkMSMkMCMkOTkkNTgxMzUxIzIxIyQxIyQ1IyQ5OSQyNjE4MzIjODEjJDEjJDIjJDgz,21,재활의학과,0,0,그레이스힐 요양병원,요양병원,노원구
JDQ4MTg4MSM1MSMkMSMkMCMkOTkkNTgxMzUxIzIxIyQxIyQ1IyQ5OSQyNjE4MzIjODEjJDEjJDIjJDgz,23,가정의학과,2,0,그레이스힐 요양병원,요양병원,노원구
JDQ4MTg4MSM1MSMkMSMkMCMkOTkkNTgxMzUxIzIxIyQxIyQ1IyQ5OSQyNjE4MzIjODEjJDEjJDIjJDgz,80,한방내과,0,0,그레이스힐 요양병원,요양병원,노원구
JDQ4MTg4MSM1MSMkMSMkMCMkOTkkNTgxMzUxIzIxIyQxIyQ1IyQ5OSQyNjE4MzIjODEjJDEjJDIjJDgz,85,침구과,0,0,그레이스힐 요양병원,요양병원,노원구
JDQ4MTg4MSM1MSMkMSMkMCMkOTkkNTgxMzUxIzIxIyQxIyQ1IyQ5OSQyNjE4MzIjODEjJDEjJDIjJDgz,86,한방재활의학과,0,0,그레이스힐 요양병원,요양병원,노원구
JDQ4MTg4MSM1MSMkMSMkMCMkOTkkNTgxMzUxIzIxIyQxIyQxIyQwMyQzNjEyMjIjNDEjJDEjJDQjJDgz,1,내과,2,0,꿈의숲요양병원,요양병원,강북구
JDQ4MTg4MSM1MSMkMSMkMCMkOTkkNTgxMzUxIzIxIyQxIyQxIyQwMyQzNjEyMjIjNDEjJDEjJDQjJDgz,2,신경과,1,0,꿈의숲요양병원,요양병원,강북구
JDQ4MTg4MSM1MSMkMSMkMCMkOTkkNTgxMzUxIzIxIyQxIyQxIyQwMyQzNjEyMjIjNDEjJDEjJDQjJDgz,4,외과,0,0,꿈의숲요양병원,요양병원,강북구
JDQ4MTg4MSM1MSMkMSMkMCMkOTkkNTgxMzUxIzIxIyQxIyQxIyQwMyQzNjEyMjIjNDEjJDEjJDQjJDgz,5,정형외과,0,0,꿈의숲요양병원,요양병원,강북구
JDQ4MTg4MSM1MSMkMSMkMCMkOTkkNTgxMzUxIzIxIyQxIyQxIyQwMyQzNjEyMjIjNDEjJDEjJDQjJDgz,6,신경외과,1,0,꿈의숲요양병원,요양병원,강북구
JDQ4MTg4MSM1MSMkMSMkMCMkOTkkNTgxMzUxIzIxIyQxIyQxIyQwMyQzNjEyMjIjNDEjJDEjJDQjJDgz,21,재활의학과,1,0,꿈의숲요양병원,요양병원,강북구
JDQ4MTg4MSM1MSMkMSMkMCMkOTkkNTgxMzUxIzIxIyQxIyQxIyQwMyQzNjEyMjIjNDEjJDEjJDQjJDgz,23,가정의학과,1,0,꿈의숲요양병원,요양병원,강북구
JDQ4MTg4MSM1MSMkMSMkMCMkOTkkNTgxMzUxIzIxIyQxIyQxIyQwMyQzNjEyMjIjNDEjJDEjJDQjJDgz,85,침구과,0,0,꿈의숲요양병원,요양병원,강북구
JDQ4MTg4MSM1MSMkMSMkMCMkOTkkNTgxMzUxIzIxIyQxIyQxIyQxMyQ0NjEwMDIjNDEjJDEjJDgjJDgz,1,내과,0,0,남서울요양병원,요양병원,구로구
JDQ4MTg4MSM1MSMkMSMkMCMkOTkkNTgxMzUxIzIxIyQxIyQxIyQxMyQ0NjEwMDIjNDEjJDEjJDgjJDgz,2,신경과,0,0,남서울요양병원,요양병원,구로구
JDQ4MTg4MSM1MSMkMSMkMCMkOTkkNTgxMzUxIzIxIyQxIyQxIyQxMyQ0NjEwMDIjNDEjJDEjJDgjJDgz,4,외과,2,0,남서울요양병원,요양병원,구로구
JDQ4MTg4MSM1MSMkMSMkMCMkOTkkNTgxMzUxIzIxIyQxIyQxIyQxMyQ0NjEwMDIjNDEjJDEjJDgjJDgz,5,정형외과,0,0,남서울요양병원,요양병원,구로구
JDQ4MTg4MSM1MSMkMSMkMCMkOTkkNTgxMzUxIzIxIyQxIyQxIyQxMyQ0NjEwMDIjNDEjJDEjJDgjJDgz,6,신경외과,1,0,남서울요양병원,요양병원,구로구
JDQ4MTg4MSM1MSMkMSMkMCMkOTkkNTgxMzUxIzIxIyQxIyQxIyQxMyQ0NjEwMDIjNDEjJDEjJDgjJDgz,10,산부인과,0,0,남서울요양병원,요양병원,구로구
JDQ4MTg4MSM1MSMkMSMkMCMkOTkkNTgxMzUxIzIxIyQxIyQxIyQxMyQ0NjEwMDIjNDEjJDEjJDgjJDgz,14,피부과,0,0,남서울요양병원,요양병원,구로구
JDQ4MTg4MSM1MSMkMSMkMCMkOTkkNTgxMzUxIzIxIyQxIyQxIyQxMyQ0NjEwMDIjNDEjJDEjJDgjJDgz,15,비뇨의학과,0,0,남서울요양병원,요양병원,구로구
JDQ4MTg4MSM1MSMkMSMkMCMkOTkkNTgxMzUxIzIxIyQxIyQxIyQxMyQ0NjEwMDIjNDEjJDEjJDgjJDgz,21,재활의학과,0,0,남서울요양병원,요양병원,구로구
JDQ4MTg4MSM1MSMkMSMkMCMkOTkkNTgxMzUxIzIxIyQxIyQxIyQxMyQ0NjEwMDIjNDEjJDEjJDgjJDgz,23,가정의학과,0,0,남서울요양병원,요양병원,구로구
JDQ4MTg4MSM1MSMkMSMkMCMkOTkkNTgxMzUxIzIxIyQxIyQxIyQxMyQ0NjEwMDIjNDEjJDEjJDgjJDgz,80,한방내과,0,0,남서울요양병원,요양병원,구로구
JDQ4MTg4MSM1MSMkMSMkMCMkOTkkNTgxMzUxIzIxIyQxIyQxIyQxMyQ0NjEwMDIjNDEjJDEjJDgjJDgz,81,한방부인과,0,0,남서울요양병원,요양병원,구로구
JDQ4MTg4MSM1MSMkMSMkMCMkOTkkNTgxMzUxIzIxIyQxIyQxIyQxMyQ0NjEwMDIjNDEjJDEjJDgjJDgz,85,침구과,0,0,남서울요양병원,요양병원,구로구
JDQ4MTg4MSM1MSMkMSMkMCMkOTkkNTgxMzUxIzIxIyQxIyQxIyQxMyQ0NjEwMDIjNDEjJDEjJDgjJDgz,86,한방재활의학과,0,0,남서울요양병원,요양병원,구로구
JDQ4MTg4MSM1MSMkMSMkMCMkOTkkNTgxMzUxIzIxIyQxIyQxIyQxMyQ0NjEwMDIjNDEjJDEjJDgjJDgz,87,사상체질과,0,0,남서울요양병원,요양병원,구로구
JDQ4MTg4MSM1MSMkMSMkMCMkOTkkNTgxMzUxIzIxIyQxIyQ1IyQ3OSQyNjEyMjIjNjEjJDEjJDQjJDgz,1,내과,1,0,네이처요양병원,요양병원,강남구
JDQ4MTg4MSM1MSMkMSMkMCMkOTkkNTgxMzUxIzIxIyQxIyQ1IyQ3OSQyNjEyMjIjNjEjJDEjJDQjJDgz,2,신경과,1,0,네이처요양병원,요양병원,강남구
JDQ4MTg4MSM1MSMkMSMkMCMkOTkkNTgxMzUxIzIxIyQxIyQ1IyQ3OSQyNjEyMjIjNjEjJDEjJDQjJDgz,4,외과,0,0,네이처요양병원,요양병원,강남구
JDQ4MTg4MSM1MSMkMSMkMCMkOTkkNTgxMzUxIzIxIyQxIyQ1IyQ3OSQyNjEyMjIjNjEjJDEjJDQjJDgz,5,정형외과,0,0,네이처요양병원,요양병원,강남구
JDQ4MTg4MSM1MSMkMSMkMCMkOTkkNTgxMzUxIzIxIyQxIyQ1IyQ3OSQyNjEyMjIjNjEjJDEjJDQjJDgz,11,소아청소년과,0,0,네이처요양병원,요양병원,강남구
JDQ4MTg4MSM1MSMkMSMkMCMkOTkkNTgxMzUxIzIxIyQxIyQ1IyQ3OSQyNjEyMjIjNjEjJDEjJDQjJDgz,21,재활의학과,1,0,네이처요양병원,요양병원,강남구
JDQ4MTg4MSM1MSMkMSMkMCMkOTkkNTgxMzUxIzIxIyQxIyQ1IyQ3OSQyNjEyMjIjNjEjJDEjJDQjJDgz,23,가정의학과,1,0,네이처요양병원,요양병원,강남구
JDQ4MTg4MSM1MSMkMSMkMCMkOTkkNTgxMzUxIzIxIyQxIyQ1IyQ3OSQyNjEyMjIjNjEjJDEjJDQjJDgz,80,한방내과,0,0,네이처요양병원,요양병원,강남구
JDQ4MTg4MSM1MSMkMSMkMCMkOTkkNTgxMzUxIzIxIyQxIyQ1IyQ3OSQyNjEyMjIjNjEjJDEjJDQjJDgz,86,한방재활의학과,0,0,네이처요양병원,요양병원,강남구
JDQ4MTg4MSM1MSMkMSMkMCMkOTkkNTgxMzUxIzIxIyQxIyQxIyQ4MiQ0NjE0ODEjNDEjJDEjJDgjJDgz,1,내과,0,0,노블케어요양병원,요양병원,강남구
JDQ4MTg4MSM1MSMkMSMkMCMkOTkkNTgxMzUxIzIxIyQxIyQxIyQ4MiQ0NjE0ODEjNDEjJDEjJDgjJDgz,2,신경과,0,0,노블케어요양병원,요양병원,강남구
JDQ4MTg4MSM1MSMkMSMkMCMkOTkkNTgxMzUxIzIxIyQxIyQxIyQ4MiQ0NjE0ODEjNDEjJDEjJDgjJDgz,4,외과,0,0,노블케어요양병원,요양병원,강남구
JDQ4MTg4MSM1MSMkMSMkMCMkOTkkNTgxMzUxIzIxIyQxIyQxIyQ4MiQ0NjE0ODEjNDEjJDEjJDgjJDgz,10,산부인과,0,0,노블케어요양병원,요양병원,강남구
JDQ4MTg4MSM1MSMkMSMkMCMkOTkkNTgxMzUxIzIxIyQxIyQxIyQ4MiQ0NjE0ODEjNDEjJDEjJDgjJDgz,21,재활의학과,1,0,노블케어요양병원,요양병원,강남구
JDQ4MTg4MSM1MSMkMSMkMCMkOTkkNTgxMzUxIzIxIyQxIyQxIyQ4MiQ0NjE0ODEjNDEjJDEjJDgjJDgz,23,가정의학과,2,0,노블케어요양병원,요양병원,강남구
JDQ4MTg4MSM1MSMkMSMkMCMkOTkkNTgxMzUxIzIxIyQxIyQxIyQ4MiQ0NjE0ODEjNDEjJDEjJDgjJDgz,80,한방내과,1,0,노블케어요양병원,요양병원,강남구
JDQ4MTg4MSM1MSMkMSMkMCMkOTkkNTgxMzUxIzExIyQxIyQ3IyQ5OSQzNjEyMjIjNDEjJDEjJDQjJDgz,1,내과,0,0,노원솔요양병원,요양병원,노원구
JDQ4MTg4MSM1MSMkMSMkMCMkOTkkNTgxMzUxIzExIyQxIyQ3IyQ5OSQzNjEyMjIjNDEjJDEjJDQjJDgz,2,신경과,0,0,노원솔요양병원,요양병원,노원구
JDQ4MTg4MSM1MSMkMSMkMCMkOTkkNTgxMzUxIzExIyQxIyQ3IyQ5OSQzNjEyMjIjNDEjJDEjJDQjJDgz,4,외과,0,0,노원솔요양병원,요양병원,노원구
JDQ4MTg4MSM1MSMkMSMkMCMkOTkkNTgxMzUxIzExIyQxIyQ3IyQ5OSQzNjEyMjIjNDEjJDEjJDQjJDgz,5,정형외과,0,0,노원솔요양병원,요양병원,노원구
JDQ4MTg4MSM1MSMkMSMkMCMkOTkkNTgxMzUxIzExIyQxIyQ3IyQ5OSQzNjEyMjIjNDEjJDEjJDQjJDgz,21,재활의학과,1,0,노원솔요양병원,요양병원,노원구
JDQ4MTg4MSM1MSMkMSMkMCMkOTkkNTgxMzUxIzExIyQxIyQ3IyQ5OSQzNjEyMjIjNDEjJDEjJDQjJDgz,23,가정의학과,0,0,노원솔요양병원,요양병원,노원구
JDQ4MTg4MSM1MSMkMSMkMCMkOTkkNTgxMzUxIzExIyQxIyQ3IyQ5OSQzNjEyMjIjNDEjJDEjJDQjJDgz,80,한방내과,0,0,노원솔요양병원,요양병원,노원구
JDQ4MTg4MSM1MSMkMSMkMCMkOTkkNTgxMzUxIzExIyQxIyQ3IyQ5OSQzNjEyMjIjNDEjJDEjJDQjJDgz,81,한방부인과,0,0,노원솔요양병원,요양병원,노원구
JDQ4MTg4MSM1MSMkMSMkMCMkOTkkNTgxMzUxIzExIyQxIyQ3IyQ5OSQzNjEyMjIjNDEjJDEjJDQjJDgz,82,한방소아과,0,0,노원솔요양병원,요양병원,노원구
JDQ4MTg4MSM1MSMkMSMkMCMkOTkkNTgxMzUxIzExIyQxIyQ3IyQ5OSQzNjEyMjIjNDEjJDEjJDQjJDgz,83,한방안·이비인후·피부과,0,0,노원솔요양병원,요양병원,노원구
JDQ4MTg4MSM1MSMkMSMkMCMkOTkkNTgxMzUxIzExIyQxIyQ3IyQ5OSQzNjEyMjIjNDEjJDEjJDQjJDgz,84,한방신경정신과,0,0,노원솔요양병원,요양병원,노원구
JDQ4MTg4MSM1MSMkMSMkMCMkOTkkNTgxMzUxIzExIyQxIyQ3IyQ5OSQzNjEyMjIjNDEjJDEjJDQjJDgz,85,침구과,0,0,노원솔요양병원,요양병원,노원구
JDQ4MTg4MSM1MSMkMSMkMCMkOTkkNTgxMzUxIzExIyQxIyQ3IyQ5OSQzNjEyMjIjNDEjJDEjJDQjJDgz,86,한방재활의학과,0,0,노원솔요양병원,요양병원,노원구
JDQ4MTg4MSM1MSMkMSMkMCMkOTkkNTgxMzUxIzExIyQxIyQ3IyQ5OSQzNjEyMjIjNDEjJDEjJDQjJDgz,87,사상체질과,0,0,노원솔요양병원,요양병원,노원구
JDQ4MTg4MSM1MSMkMSMkMCMkOTkkNTgxMzUxIzExIyQxIyQ3IyQ5OSQzNjEyMjIjNDEjJDEjJDQjJDgz,88,한방응급,0,0,노원솔요양병원,요양병원,노원구
JDQ4MTg4MSM1MSMkMSMkMCMkOTkkNTgxMzUxIzExIyQxIyQ3IyQ2MiQyNjE4MzIjNDEjJDEjJDQjJDgz,1,내과,0,0,녹십자요양병원,요양병원,금천구
JDQ4MTg4MSM1MSMkMSMkMCMkOTkkNTgxMzUxIzExIyQxIyQ3IyQ2MiQyNjE4MzIjNDEjJDEjJDQjJDgz,5,정형외과,0,0,녹십자요양병원,요양병원,금천구
JDQ4MTg4MSM1MSMkMSMkMCMkOTkkNTgxMzUxIzExIyQxIyQ3IyQ2MiQyNjE4MzIjNDEjJDEjJDQjJDgz,23,가정의학과,0,0,녹십자요양병원,요양병원,금천구
JDQ4MTg4MSM1MSMkMSMkMCMkOTkkNTgxMzUxIzExIyQxIyQ3IyQ2MiQyNjE4MzIjNDEjJDEjJDQjJDgz,85,침구과,0,0,녹십자요양병원,요양병원,금천구
JDQ4MTg4MSM1MSMkMSMkMCMkOTkkNTgxMzUxIzIxIyQxIyQ1IyQ3OSQyNjE0ODEjODEjJDEjJDYjJDgz,1,내과,1,0,다나움요양병원,요양병원,송파구
JDQ4MTg4MSM1MSMkMSMkMCMkOTkkNTgxMzUxIzIxIyQxIyQ1IyQ3OSQyNjE0ODEjODEjJDEjJDYjJDgz,4,외과,1,0,다나움요양병원,요양병원,송파구
JDQ4MTg4MSM1MSMkMSMkMCMkOTkkNTgxMzUxIzIxIyQxIyQ1IyQ3OSQyNjE0ODEjODEjJDEjJDYjJDgz,21,재활의학과,0,0,다나움요양병원,요양병원,송파구
JDQ4MTg4MSM1MSMkMSMkMCMkOTkkNTgxMzUxIzIxIyQxIyQ1IyQ3OSQyNjE0ODEjODEjJDEjJDYjJDgz,50,구강악안면외과,0,0,다나움요양병원,요양병원,송파구
JDQ4MTg4MSM1MSMkMSMkMCMkOTkkNTgxMzUxIzIxIyQxIyQ1IyQ3OSQyNjE0ODEjODEjJDEjJDYjJDgz,51,치과보철과,0,0,다나움요양병원,요양병원,송파구
JDQ4MTg4MSM1MSMkMSMkMCMkOTkkNTgxMzUxIzIxIyQxIyQ1IyQ3OSQyNjE0ODEjODEjJDEjJDYjJDgz,54,치주과,0,0,다나움요양병원,요양병원,송파구
JDQ4MTg4MSM1MSMkMSMkMCMkOTkkNTgxMzUxIzIxIyQxIyQ1IyQ3OSQyNjE0ODEjODEjJDEjJDYjJDgz,55,치과보존과,0,0,다나움요양병원,요양병원,송파구
JDQ4MTg4MSM1MSMkMSMkMCMkOTkkNTgxMzUxIzIxIyQxIyQ1IyQ3OSQyNjE0ODEjODEjJDEjJDYjJDgz,56,구강내과,0,0,다나움요양병원,요양병원,송파구
JDQ4MTg4MSM1MSMkMSMkMCMkOTkkNTgxMzUxIzIxIyQxIyQ1IyQ3OSQyNjE0ODEjODEjJDEjJDYjJDgz,61,통합치의학과,0,0,다나움요양병원,요양병원,송파구
JDQ4MTg4MSM1MSMkMSMkMCMkOTkkNTgxMzUxIzIxIyQxIyQ1IyQ4OSQ0NjEwMDIjNDEjJDEjJDQjJDgz,1,내과,0,0,대림요양병원,요양병원,영등포구
JDQ4MTg4MSM1MSMkMSMkMCMkOTkkNTgxMzUxIzIxIyQxIyQ1IyQ4OSQ0NjEwMDIjNDEjJDEjJDQjJDgz,2,신경과,0,0,대림요양병원,요양병원,영등포구
JDQ4MTg4MSM1MSMkMSMkMCMkOTkkNTgxMzUxIzIxIyQxIyQ1IyQ4OSQ0NjEwMDIjNDEjJDEjJDQjJDgz,4,외과,1,0,대림요양병원,요양병원,영등포구
JDQ4MTg4MSM1MSMkMSMkMCMkOTkkNTgxMzUxIzIxIyQxIyQ1IyQ4OSQ0NjEwMDIjNDEjJDEjJDQjJDgz,5,정형외과,0,0,대림요양병원,요양병원,영등포구
JDQ4MTg4MSM1MSMkMSMkMCMkOTkkNTgxMzUxIzIxIyQxIyQ1IyQ4OSQ0NjEwMDIjNDEjJDEjJDQjJDgz,21,재활의학과,1,0,대림요양병원,요양병원,영등포구
JDQ4MTg4MSM1MSMkMSMkMCMkOTkkNTgxMzUxIzIxIyQxIyQ1IyQ4OSQ0NjEwMDIjNDEjJDEjJDQjJDgz,23,가정의학과,0,0,대림요양병원,요양병원,영등포구
JDQ4MTg4MSM1MSMkMSMkMCMkOTkkNTgxMzUxIzIxIyQxIyQ1IyQ4OSQ0NjEwMDIjNDEjJDEjJDQjJDgz,80,한방내과,0,0,대림요양병원,요양병원,영등포구
JDQ4MTg4MSM1MSMkMSMkMCMkOTkkNTgxMzUxIzIxIyQxIyQ1IyQ4OSQ0NjEwMDIjNDEjJDEjJDQjJDgz,81,한방부인과,0,0,대림요양병원,요양병원,영등포구
JDQ4MTg4MSM1MSMkMSMkMCMkOTkkNTgxMzUxIzIxIyQxIyQ1IyQ4OSQ0NjEwMDIjNDEjJDEjJDQjJDgz,82,한방소아과,0,0,대림요양병원,요양병원,영등포구
JDQ4MTg4MSM1MSMkMSMkMCMkOTkkNTgxMzUxIzIxIyQxIyQ1IyQ4OSQ0NjEwMDIjNDEjJDEjJDQjJDgz,83,한방안·이비인후·피부과,0,0,대림요양병원,요양병원,영등포구
JDQ4MTg4MSM1MSMkMSMkMCMkOTkkNTgxMzUxIzIxIyQxIyQ1IyQ4OSQ0NjEwMDIjNDEjJDEjJDQjJDgz,84,한방신경정신과,0,0,대림요양병원,요양병원,영등포구
JDQ4MTg4MSM1MSMkMSMkMCMkOTkkNTgxMzUxIzIxIyQxIyQ1IyQ4OSQ0NjEwMDIjNDEjJDEjJDQjJDgz,85,침구과,0,0,대림요양병원,요양병원,영등포구
JDQ4MTg4MSM1MSMkMSMkMCMkOTkkNTgxMzUxIzIxIyQxIyQ1IyQ4OSQ0NjEwMDIjNDEjJDEjJDQjJDgz,86,한방재활의학과,1,0,대림요양병원,요양병원,영등포구
JDQ4MTg4MSM1MSMkMSMkMCMkOTkkNTgxMzUxIzIxIyQxIyQ1IyQ4OSQ0NjEwMDIjNDEjJDEjJDQjJDgz,87,사상체질과,0,0,대림요양병원,요양병원,영등포구
JDQ4MTg4MSM1MSMkMSMkMCMkOTkkNTgxMzUxIzIxIyQxIyQ1IyQ5OSQzNjE0ODEjNjEjJDEjJDgjJDgz,1,내과,1,0,대명요양병원,요양병원,영등포구
JDQ4MTg4MSM1MSMkMSMkMCMkOTkkNTgxMzUxIzIxIyQxIyQ1IyQ5OSQzNjE0ODEjNjEjJDEjJDgjJDgz,3,정신건강의학과,0,0,대명요양병원,요양병원,영등포구
JDQ4MTg4MSM1MSMkMSMkMCMkOTkkNTgxMzUxIzIxIyQxIyQ1IyQ5OSQzNjE0ODEjNjEjJDEjJDgjJDgz,4,외과,0,0,대명요양병원,요양병원,영등포구
JDQ4MTg4MSM1MSMkMSMkMCMkOTkkNTgxMzUxIzIxIyQxIyQ1IyQ5OSQzNjE0ODEjNjEjJDEjJDgjJDgz,5,정형외과,0,0,대명요양병원,요양병원,영등포구
JDQ4MTg4MSM1MSMkMSMkMCMkOTkkNTgxMzUxIzIxIyQxIyQ1IyQ5OSQzNjE0ODEjNjEjJDEjJDgjJDgz,6,신경외과,0,0,대명요양병원,요양병원,영등포구
JDQ4MTg4MSM1MSMkMSMkMCMkOTkkNTgxMzUxIzIxIyQxIyQ1IyQ5OSQzNjE0ODEjNjEjJDEjJDgjJDgz,23,가정의학과,1,0,대명요양병원,요양병원,영등포구
JDQ4MTg4MSM1MSMkMSMkMCMkOTkkNTgxMzUxIzIxIyQxIyQ1IyQ5OSQzNjE0ODEjNjEjJDEjJDgjJDgz,80,한방내과,0,0,대명요양병원,요양병원,영등포구
JDQ4MTg4MSM1MSMkMSMkMCMkOTkkNTgxMzUxIzIxIyQxIyQ1IyQ5OSQzNjE0ODEjNjEjJDEjJDgjJDgz,85,침구과,0,0,대명요양병원,요양병원,영등포구
JDQ4MTg4MSM1MSMkMSMkMCMkOTkkNTgxMzUxIzIxIyQxIyQ1IyQ5OSQzNjE0ODEjNjEjJDEjJDgjJDgz,86,한방재활의학과,0,0,대명요양병원,요양병원,영등포구
JDQ4MTg4MSM1MSMkMSMkMCMkOTkkNTgxMzUxIzIxIyQxIyQ1IyQ3OSQ0NjE0ODEjNjEjJDEjJDAjJDgz,1,내과,0,0,대한민국요양병원,요양병원,동대문구
JDQ4MTg4MSM1MSMkMSMkMCMkOTkkNTgxMzUxIzIxIyQxIyQ1IyQ3OSQ0NjE0ODEjNjEjJDEjJDAjJDgz,2,신경과,0,0,대한민국요양병원,요양병원,동대문구
JDQ4MTg4MSM1MSMkMSMkMCMkOTkkNTgxMzUxIzIxIyQxIyQ1IyQ3OSQ0NjE0ODEjNjEjJDEjJDAjJDgz,5,정형외과,0,0,대한민국요양병원,요양병원,동대문구
JDQ4MTg4MSM1MSMkMSMkMCMkOTkkNTgxMzUxIzIxIyQxIyQ1IyQ3OSQ0NjE0ODEjNjEjJDEjJDAjJDgz,6,신경외과,0,0,대한민국요양병원,요양병원,동대문구
JDQ4MTg4MSM1MSMkMSMkMCMkOTkkNTgxMzUxIzIxIyQxIyQ1IyQ3OSQ0NjE0ODEjNjEjJDEjJDAjJDgz,21,재활의학과,0,0,대한민국요양병원,요양병원,동대문구
JDQ4MTg4MSM1MSMkMSMkMCMkOTkkNTgxMzUxIzIxIyQxIyQ1IyQ3OSQ0NjE0ODEjNjEjJDEjJDAjJDgz,23,가정의학과,2,0,대한민국요양병원,요양병원,동대문구
JDQ4MTg4MSM1MSMkMSMkMCMkOTkkNTgxMzUxIzIxIyQxIyQ1IyQ3OSQ0NjE0ODEjNjEjJDEjJDAjJDgz,80,한방내과,0,0,대한민국요양병원,요양병원,동대문구
JDQ4MTg4MSM1MSMkMSMkMCMkOTkkNTgxMzUxIzIxIyQxIyQ1IyQ3OSQ0NjE0ODEjNjEjJDEjJDAjJDgz,81,한방부인과,0,0,대한민국요양병원,요양병원,동대문구
JDQ4MTg4MSM1MSMkMSMkMCMkOTkkNTgxMzUxIzIxIyQxIyQ1IyQ3OSQ0NjE0ODEjNjEjJDEjJDAjJDgz,82,한방소아과,0,0,대한민국요양병원,요양병원,동대문구
JDQ4MTg4MSM1MSMkMSMkMCMkOTkkNTgxMzUxIzIxIyQxIyQ1IyQ3OSQ0NjE0ODEjNjEjJDEjJDAjJDgz,83,한방안·이비인후·피부과,0,0,대한민국요양병원,요양병원,동대문구
JDQ4MTg4MSM1MSMkMSMkMCMkOTkkNTgxMzUxIzIxIyQxIyQ1IyQ3OSQ0NjE0ODEjNjEjJDEjJDAjJDgz,84,한방신경정신과,0,0,대한민국요양병원,요양병원,동대문구
JDQ4MTg4MSM1MSMkMSMkMCMkOTkkNTgxMzUxIzIxIyQxIyQ1IyQ3OSQ0NjE0ODEjNjEjJDEjJDAjJDgz,85,침구과,0,0,대한민국요양병원,요양병원,동대문구
JDQ4MTg4MSM1MSMkMSMkMCMkOTkkNTgxMzUxIzIxIyQxIyQ1IyQ3OSQ0NjE0ODEjNjEjJDEjJDAjJDgz,86,한방재활의학과,0,0,대한민국요양병원,요양병원,동대문구
JDQ4MTg4MSM1MSMkMSMkMCMkOTkkNTgxMzUxIzIxIyQxIyQ1IyQ3OSQ0NjE0ODEjNjEjJDEjJDAjJDgz,87,사상체질과,0,0,대한민국요양병원,요양병원,동대문구
JDQ4MTg4MSM1MSMkMSMkMCMkOTkkNTgxMzUxIzIxIyQxIyQ1IyQ4OSQyNjE4MzIjNDEjJDEjJDgjJDgz,1,내과,1,0,더드림요양병원,요양병원,동대문구
JDQ4MTg4MSM1MSMkMSMkMCMkOTkkNTgxMzUxIzIxIyQxIyQ1IyQ4OSQyNjE4MzIjNDEjJDEjJDgjJDgz,2,신경과,0,0,더드림요양병원,요양병원,동대문구
JDQ4MTg4MSM1MSMkMSMkMCMkOTkkNTgxMzUxIzIxIyQxIyQ1IyQ4OSQyNjE4MzIjNDEjJDEjJDgjJDgz,6,신경외과,1,0,더드림요양병원,요양병원,동대문구
JDQ4MTg4MSM1MSMkMSMkMCMkOTkkNTgxMzUxIzIxIyQxIyQ1IyQ4OSQyNjE4MzIjNDEjJDEjJDgjJDgz,21,재활의학과,2,0,더드림요양병원,요양병원,동대문구
JDQ4MTg4MSM1MSMkMSMkMCMkOTkkNTgxMzUxIzIxIyQxIyQ1IyQ4OSQyNjE4MzIjNDEjJDEjJDgjJDgz,23,가정의학과,1,0,더드림요양병원,요양병원,동대문구
JDQ4MTg4MSM1MSMkMSMkMCMkOTkkNTgxMzUxIzIxIyQxIyQ1IyQ4OSQyNjE4MzIjNDEjJDEjJDgjJDgz,80,한방내과,1,0,더드림요양병원,요양병원,동대문구
JDQ4MTg4MSM1MSMkMSMkMCMkOTkkNTgxMzUxIzIxIyQxIyQ1IyQ4OSQyNjE0ODEjNjEjJDEjJDgjJDgz,1,내과,0,0,더사랑요양병원,요양병원,송파구
JDQ4MTg4MSM1MSMkMSMkMCMkOTkkNTgxMzUxIzIxIyQxIyQ1IyQ4OSQyNjE0ODEjNjEjJDEjJDgjJDgz,2,신경과,0,0,더사랑요양병원,요양병원,송파구
JDQ4MTg4MSM1MSMkMSMkMCMkOTkkNTgxMzUxIzIxIyQxIyQ1IyQ4OSQyNjE0ODEjNjEjJDEjJDgjJDgz,10,산부인과,0,0,더사랑요양병원,요양병원,송파구
JDQ4MTg4MSM1MSMkMSMkMCMkOTkkNTgxMzUxIzIxIyQxIyQ1IyQ4OSQyNjE0ODEjNjEjJDEjJDgjJDgz,21,재활의학과,1,0,더사랑요양병원,요양병원,송파구
JDQ4MTg4MSM1MSMkMSMkMCMkOTkkNTgxMzUxIzIxIyQxIyQ1IyQ4OSQyNjE0ODEjNjEjJDEjJDgjJDgz,23,가정의학과,1,0,더사랑요양병원,요양병원,송파구
JDQ4MTg4MSM1MSMkMSMkMCMkOTkkNTgxMzUxIzIxIyQxIyQ1IyQ4OSQyNjE0ODEjNjEjJDEjJDgjJDgz,80,한방내과,0,0,더사랑요양병원,요양병원,송파구
JDQ4MTg4MSM1MSMkMSMkMCMkOTkkNTgxMzUxIzIxIyQxIyQ1IyQ4OSQyNjE0ODEjNjEjJDEjJDgjJDgz,85,침구과,0,0,더사랑요양병원,요양병원,송파구
JDQ4MTg4MSM1MSMkMSMkMCMkOTkkNTgxMzUxIzIxIyQxIyQ1IyQ4OSQyNjE0ODEjNjEjJDEjJDgjJDgz,86,한방재활의학과,0,0,더사랑요양병원,요양병원,송파구
JDQ4MTg4MSM1MSMkMSMkMCMkOTkkNTgxMzUxIzIxIyQxIyQxIyQ5OSQyNjE4MzIjNDEjJDEjJDgjJDgz,1,내과,3,0,더서밋요양병원,요양병원,강서구
JDQ4MTg4MSM1MSMkMSMkMCMkOTkkNTgxMzUxIzIxIyQxIyQxIyQ5OSQyNjE4MzIjNDEjJDEjJDgjJDgz,2,신경과,1,0,더서밋요양병원,요양병원,강서구
JDQ4MTg4MSM1MSMkMSMkMCMkOTkkNTgxMzUxIzIxIyQxIyQxIyQ5OSQyNjE4MzIjNDEjJDEjJDgjJDgz,4,외과,0,0,더서밋요양병원,요양병원,강서구
JDQ4MTg4MSM1MSMkMSMkMCMkOTkkNTgxMzUxIzIxIyQxIyQxIyQ5OSQyNjE4MzIjNDEjJDEjJDgjJDgz,5,정형외과,1,0,더서밋요양병원,요양병원,강서구
JDQ4MTg4MSM1MSMkMSMkMCMkOTkkNTgxMzUxIzIxIyQxIyQxIyQ5OSQyNjE4MzIjNDEjJDEjJDgjJDgz,21,재활의학과,1,0,더서밋요양병원,요양병원,강서구
JDQ4MTg4MSM1MSMkMSMkMCMkOTkkNTgxMzUxIzIxIyQxIyQxIyQ5OSQyNjE4MzIjNDEjJDEjJDgjJDgz,80,한방내과,0,0,더서밋요양병원,요양병원,강서구
JDQ4MTg4MSM1MSMkMSMkMCMkOTkkNTgxMzUxIzIxIyQxIyQxIyQ5OSQyNjE4MzIjNDEjJDEjJDgjJDgz,81,한방부인과,0,0,더서밋요양병원,요양병원,강서구
JDQ4MTg4MSM1MSMkMSMkMCMkOTkkNTgxMzUxIzIxIyQxIyQxIyQ5OSQyNjE4MzIjNDEjJDEjJDgjJDgz,82,한방소아과,0,0,더서밋요양병원,요양병원,강서구
JDQ4MTg4MSM1MSMkMSMkMCMkOTkkNTgxMzUxIzIxIyQxIyQxIyQ5OSQyNjE4MzIjNDEjJDEjJDgjJDgz,83,한방안·이비인후·피부과,0,0,더서밋요양병원,요양병원,강서구
JDQ4MTg4MSM1MSMkMSMkMCMkOTkkNTgxMzUxIzIxIyQxIyQxIyQ5OSQyNjE4MzIjNDEjJDEjJDgjJDgz,84,한방신경정신과,0,0,더서밋요양병원,요양병원,강서구
JDQ4MTg4MSM1MSMkMSMkMCMkOTkkNTgxMzUxIzIxIyQxIyQxIyQ5OSQyNjE4MzIjNDEjJDEjJDgjJDgz,85,침구과,0,0,더서밋요양병원,요양병원,강서구
JDQ4MTg4MSM1MSMkMSMkMCMkOTkkNTgxMzUxIzIxIyQxIyQxIyQ5OSQyNjE4MzIjNDEjJDEjJDgjJDgz,86,한방재활의학과,0,0,더서밋요양병원,요양병원,강서구
JDQ4MTg4MSM1MSMkMSMkMCMkOTkkNTgxMzUxIzIxIyQxIyQxIyQ5OSQyNjE4MzIjNDEjJDEjJDgjJDgz,87,사상체질과,0,0,더서밋요양병원,요양병원,강서구
JDQ4MTg4MSM1MSMkMSMkMCMkOTkkNTgxMzUxIzExIyQxIyQzIyQ5OSQ0NjEwMDIjODEjJDEjJDIjJDgz,1,내과,5,0,더세인트요양병원,요양병원,구로구
JDQ4MTg4MSM1MSMkMSMkMCMkOTkkNTgxMzUxIzExIyQxIyQzIyQ5OSQ0NjEwMDIjODEjJDEjJDIjJDgz,2,신경과,0,0,더세인트요양병원,요양병원,구로구
JDQ4MTg4MSM1MSMkMSMkMCMkOTkkNTgxMzUxIzExIyQxIyQzIyQ5OSQ0NjEwMDIjODEjJDEjJDIjJDgz,4,외과,1,0,더세인트요양병원,요양병원,구로구
JDQ4MTg4MSM1MSMkMSMkMCMkOTkkNTgxMzUxIzExIyQxIyQzIyQ5OSQ0NjEwMDIjODEjJDEjJDIjJDgz,5,정형외과,0,0,더세인트요양병원,요양병원,구로구
JDQ4MTg4MSM1MSMkMSMkMCMkOTkkNTgxMzUxIzExIyQxIyQzIyQ5OSQ0NjEwMDIjODEjJDEjJDIjJDgz,6,신경외과,0,0,더세인트요양병원,요양병원,구로구
JDQ4MTg4MSM1MSMkMSMkMCMkOTkkNTgxMzUxIzExIyQxIyQzIyQ5OSQ0NjEwMDIjODEjJDEjJDIjJDgz,9,마취통증의학과,1,0,더세인트요양병원,요양병원,구로구
JDQ4MTg4MSM1MSMkMSMkMCMkOTkkNTgxMzUxIzExIyQxIyQzIyQ5OSQ0NjEwMDIjODEjJDEjJDIjJDgz,13,이비인후과,0,0,더세인트요양병원,요양병원,구로구
JDQ4MTg4MSM1MSMkMSMkMCMkOTkkNTgxMzUxIzExIyQxIyQzIyQ5OSQ0NjEwMDIjODEjJDEjJDIjJDgz,21,재활의학과,1,0,더세인트요양병원,요양병원,구로구
JDQ4MTg4MSM1MSMkMSMkMCMkOTkkNTgxMzUxIzExIyQxIyQzIyQ5OSQ0NjEwMDIjODEjJDEjJDIjJDgz,23,가정의학과,0,0,더세인트요양병원,요양병원,구로구
JDQ4MTg4MSM1MSMkMSMkMCMkOTkkNTgxMzUxIzExIyQxIyQzIyQ5OSQ0NjEwMDIjODEjJDEjJDIjJDgz,80,한방내과,0,0,더세인트요양병원,요양병원,구로구
JDQ4MTg4MSM1MSMkMSMkMCMkOTkkNTgxMzUxIzExIyQxIyQzIyQ5OSQ0NjEwMDIjODEjJDEjJDIjJDgz,85,침구과,0,0,더세인트요양병원,요양병원,구로구
JDQ4MTg4MSM1MSMkMSMkMCMkOTkkNTgxMzUxIzExIyQxIyQzIyQ5OSQ0NjEwMDIjODEjJDEjJDIjJDgz,86,한방재활의학과,0,0,더세인트요양병원,요양병원,구로구
JDQ4MTg4MSM1MSMkMSMkMCMkOTkkNTgxMzUxIzIxIyQxIyQxIyQ4MiQyNjEwMDIjNjEjJDEjJDAjJDgz,1,내과,4,0,더조은요양병원,요양병원,노원구
JDQ4MTg4MSM1MSMkMSMkMCMkOTkkNTgxMzUxIzIxIyQxIyQxIyQ4MiQyNjEwMDIjNjEjJDEjJDAjJDgz,2,신경과,0,0,더조은요양병원,요양병원,노원구
JDQ4MTg4MSM1MSMkMSMkMCMkOTkkNTgxMzUxIzIxIyQxIyQxIyQ4MiQyNjEwMDIjNjEjJDEjJDAjJDgz,4,외과,0,0,더조은요양병원,요양병원,노원구
JDQ4MTg4MSM1MSMkMSMkMCMkOTkkNTgxMzUxIzIxIyQxIyQxIyQ4MiQyNjEwMDIjNjEjJDEjJDAjJDgz,5,정형외과,0,0,더조은요양병원,요양병원,노원구
JDQ4MTg4MSM1MSMkMSMkMCMkOTkkNTgxMzUxIzIxIyQxIyQxIyQ4MiQyNjEwMDIjNjEjJDEjJDAjJDgz,6,신경외과,1,0,더조은요양병원,요양병원,노원구
JDQ4MTg4MSM1MSMkMSMkMCMkOTkkNTgxMzUxIzIxIyQxIyQxIyQ4MiQyNjEwMDIjNjEjJDEjJDAjJDgz,14,피부과,0,0,더조은요양병원,요양병원,노원구
JDQ4MTg4MSM1MSMkMSMkMCMkOTkkNTgxMzUxIzIxIyQxIyQxIyQ4MiQyNjEwMDIjNjEjJDEjJDAjJDgz,15,비뇨의학과,0,0,더조은요양병원,요양병원,노원구
JDQ4MTg4MSM1MSMkMSMkMCMkOTkkNTgxMzUxIzIxIyQxIyQxIyQ4MiQyNjEwMDIjNjEjJDEjJDAjJDgz,21,재활의학과,1,0,더조은요양병원,요양병원,노원구
JDQ4MTg4MSM1MSMkMSMkMCMkOTkkNTgxMzUxIzIxIyQxIyQxIyQ4MiQyNjEwMDIjNjEjJDEjJDAjJDgz,23,가정의학과,1,0,더조은요양병원,요양병원,노원구
JDQ4MTg4MSM1MSMkMSMkMCMkOTkkNTgxMzUxIzIxIyQxIyQxIyQ4MiQyNjEwMDIjNjEjJDEjJDAjJDgz,80,한방내과,0,0,더조은요양병원,요양병원,노원구
JDQ4MTg4MSM1MSMkMSMkMCMkOTkkNTgxMzUxIzIxIyQxIyQxIyQ3MiQzNjE4MzIjNjEjJDEjJDgjJDgz,1,내과,0,0,동부참사랑요양병원,요양병원,광진구
JDQ4MTg4MSM1MSMkMSMkMCMkOTkkNTgxMzUxIzIxIyQxIyQxIyQ3MiQzNjE4MzIjNjEjJDEjJDgjJDgz,2,신경과,0,0,동부참사랑요양병원,요양병원,광진구
JDQ4MTg4MSM1MSMkMSMkMCMkOTkkNTgxMzUxIzIxIyQxIyQxIyQ3MiQzNjE4MzIjNjEjJDEjJDgjJDgz,4,외과,0,0,동부참사랑요양병원,요양병원,광진구
JDQ4MTg4MSM1MSMkMSMkMCMkOTkkNTgxMzUxIzIxIyQxIyQxIyQ3MiQzNjE4MzIjNjEjJDEjJDgjJDgz,5,정형외과,0,0,동부참사랑요양병원,요양병원,광진구
JDQ4MTg4MSM1MSMkMSMkMCMkOTkkNTgxMzUxIzIxIyQxIyQxIyQ3MiQzNjE4MzIjNjEjJDEjJDgjJDgz,6,신경외과,0,0,동부참사랑요양병원,요양병원,광진구
JDQ4MTg4MSM1MSMkMSMkMCMkOTkkNTgxMzUxIzIxIyQxIyQxIyQ3MiQzNjE4MzIjNjEjJDEjJDgjJDgz,21,재활의학과,0,0,동부참사랑요양병원,요양병원,광진구
JDQ4MTg4MSM1MSMkMSMkMCMkOTkkNTgxMzUxIzIxIyQxIyQxIyQ3MiQzNjE4MzIjNjEjJDEjJDgjJDgz,23,가정의학과,2,0,동부참사랑요양병원,요양병원,광진구
JDQ4MTg4MSM1MSMkMSMkMCMkOTkkNTgxMzUxIzIxIyQxIyQxIyQ3MiQzNjE4MzIjNjEjJDEjJDgjJDgz,80,한방내과,0,0,동부참사랑요양병원,요양병원,광진구
JDQ4MTg4MSM1MSMkMSMkMCMkOTkkNTgxMzUxIzIxIyQxIyQxIyQ3MiQzNjE4MzIjNjEjJDEjJDgjJDgz,81,한방부인과,0,0,동부참사랑요양병원,요양병원,광진구
JDQ4MTg4MSM1MSMkMSMkMCMkOTkkNTgxMzUxIzIxIyQxIyQxIyQ3MiQzNjE4MzIjNjEjJDEjJDgjJDgz,85,침구과,0,0,동부참사랑요양병원,요양병원,광진구
JDQ4MTg4MSM1MSMkMSMkMCMkOTkkNTgxMzUxIzIxIyQxIyQxIyQ3MiQzNjE4MzIjNjEjJDEjJDgjJDgz,86,한방재활의학과,0,0,동부참사랑요양병원,요양병원,광진구
JDQ4MTg4MSM1MSMkMSMkMCMkOTkkNTgxMzUxIzExIyQxIyQ3IyQ2MiQzNjEwMDIjNjEjJDEjJDgjJDgz,1,내과,2,0,동서요양병원,요양병원,성북구
JDQ4MTg4MSM1MSMkMSMkMCMkOTkkNTgxMzUxIzExIyQxIyQ3IyQ2MiQzNjEwMDIjNjEjJDEjJDgjJDgz,2,신경과,1,0,동서요양병원,요양병원,성북구
JDQ4MTg4MSM1MSMkMSMkMCMkOTkkNTgxMzUxIzExIyQxIyQ3IyQ2MiQzNjEwMDIjNjEjJDEjJDgjJDgz,5,정형외과,1,0,동서요양병원,요양병원,성북구
JDQ4MTg4MSM1MSMkMSMkMCMkOTkkNTgxMzUxIzExIyQxIyQ3IyQ2MiQzNjEwMDIjNjEjJDEjJDgjJDgz,6,신경외과,1,0,동서요양병원,요양병원,성북구
JDQ4MTg4MSM1MSMkMSMkMCMkOTkkNTgxMzUxIzExIyQxIyQ3IyQ3MiQyNjE0ODEjNTEjJDEjJDIjJDgz,1,내과,0,0,로하스동서울요양병원,요양병원,중랑구
JDQ4MTg4MSM1MSMkMSMkMCMkOTkkNTgxMzUxIzExIyQxIyQ3IyQ3MiQyNjE0ODEjNTEjJDEjJDIjJDgz,2,신경과,0,0,로하스동서울요양병원,요양병원,중랑구
JDQ4MTg4MSM1MSMkMSMkMCMkOTkkNTgxMzUxIzExIyQxIyQ3IyQ3MiQyNjE0ODEjNTEjJDEjJDIjJDgz,3,정신건강의학과,1,0,로하스동서울요양병원,요양병원,중랑구
JDQ4MTg4MSM1MSMkMSMkMCMkOTkkNTgxMzUxIzExIyQxIyQ3IyQ3MiQyNjE0ODEjNTEjJDEjJDIjJDgz,5,정형외과,0,0,로하스동서울요양병원,요양병원,중랑구
JDQ4MTg4MSM1MSMkMSMkMCMkOTkkNTgxMzUxIzExIyQxIyQ3IyQ3MiQyNjE0ODEjNTEjJDEjJDIjJDgz,21,재활의학과,1,0,로하스동서울요양병원,요양병원,중랑구
JDQ4MTg4MSM1MSMkMSMkMCMkOTkkNTgxMzUxIzExIyQxIyQ3IyQ3MiQyNjE0ODEjNTEjJDEjJDIjJDgz,23,가정의학과,1,0,로하스동서울요양병원,요양병원,중랑구
JDQ4MTg4MSM1MSMkMSMkMCMkOTkkNTgxMzUxIzExIyQxIyQ3IyQ3MiQyNjE0ODEjNTEjJDEjJDIjJDgz,85,침구과,0,0,로하스동서울요양병원,요양병원,중랑구
JDQ4MTg4MSM1MSMkMSMkMCMkOTkkNTgxMzUxIzExIyQxIyQ3IyQ2MiQ0NjE0ODEjNDEjJDEjJDgjJDgz,1,내과,1,0,로하스참사랑요양병원,요양병원,영등포구
JDQ4MTg4MSM1MSMkMSMkMCMkOTkkNTgxMzUxIzExIyQxIyQ3IyQ2MiQ0NjE0ODEjNDEjJDEjJDgjJDgz,7,심장혈관흉부외과,1,0,로하스참사랑요양병원,요양병원,영등포구
JDQ4MTg4MSM1MSMkMSMkMCMkOTkkNTgxMzUxIzExIyQxIyQ3IyQ2MiQ0NjE0ODEjNDEjJDEjJDgjJDgz,21,재활의학과,0,0,로하스참사랑요양병원,요양병원,영등포구
JDQ4MTg4MSM1MSMkMSMkMCMkOTkkNTgxMzUxIzExIyQxIyQ3IyQ2MiQ0NjE0ODEjNDEjJDEjJDgjJDgz,80,한방내과,0,0,로하스참사랑요양병원,요양병원,영등포구
JDQ4MTg4MSM1MSMkMSMkMCMkOTkkNTgxMzUxIzIxIyQxIyQxIyQwMyQ0NjEwMDIjNjEjJDEjJDAjJDgz,5,정형외과,0,0,마리아성모요양병원,요양병원,영등포구
JDQ4MTg4MSM1MSMkMSMkMCMkOTkkNTgxMzUxIzIxIyQxIyQxIyQwMyQ0NjEwMDIjNjEjJDEjJDAjJDgz,9,마취통증의학과,1,0,마리아성모요양병원,요양병원,영등포구
JDQ4MTg4MSM1MSMkMSMkMCMkOTkkNTgxMzUxIzIxIyQxIyQxIyQwMyQ0NjEwMDIjNjEjJDEjJDAjJDgz,23,가정의학과,0,0,마리아성모요양병원,요양병원,영등포구
JDQ4MTg4MSM1MSMkMSMkMCMkOTkkNTgxMzUxIzIxIyQxIyQxIyQwMyQ0NjEwMDIjNjEjJDEjJDAjJDgz,80,한방내과,0,0,마리아성모요양병원,요양병원,영등포구
JDQ4MTg4MSM1MSMkMSMkMCMkOTkkNTgxMzUxIzIxIyQxIyQxIyQwMyQyNjE4MzIjNjEjJDEjJDQjJDgz,1,내과,1,0,마포요양병원,요양병원,마포구
JDQ4MTg4MSM1MSMkMSMkMCMkOTkkNTgxMzUxIzIxIyQxIyQxIyQwMyQyNjE4MzIjNjEjJDEjJDQjJDgz,2,신경과,0,0,마포요양병원,요양병원,마포구
JDQ4MTg4MSM1MSMkMSMkMCMkOTkkNTgxMzUxIzIxIyQxIyQxIyQwMyQyNjE4MzIjNjEjJDEjJDQjJDgz,5,정형외과,0,0,마포요양병원,요양병원,마포구
JDQ4MTg4MSM1MSMkMSMkMCMkOTkkNTgxMzUxIzIxIyQxIyQxIyQwMyQyNjE4MzIjNjEjJDEjJDQjJDgz,6,신경외과,0,0,마포요양병원,요양병원,마포구
JDQ4MTg4MSM1MSMkMSMkMCMkOTkkNTgxMzUxIzIxIyQxIyQxIyQwMyQyNjE4MzIjNjEjJDEjJDQjJDgz,21,재활의학과,2,0,마포요양병원,요양병원,마포구
JDQ4MTg4MSM1MSMkMSMkMCMkOTkkNTgxMzUxIzIxIyQxIyQxIyQwMyQyNjE4MzIjNjEjJDEjJDQjJDgz,23,가정의학과,0,0,마포요양병원,요양병원,마포구
JDQ4MTg4MSM1MSMkMSMkMCMkOTkkNTgxMzUxIzIxIyQxIyQxIyQwMyQyNjE4MzIjNjEjJDEjJDQjJDgz,80,한방내과,0,0,마포요양병원,요양병원,마포구
JDQ4MTg4MSM1MSMkMSMkMCMkOTkkNTgxMzUxIzIxIyQxIyQxIyQwMyQyNjE4MzIjNjEjJDEjJDQjJDgz,81,한방부인과,0,0,마포요양병원,요양병원,마포구
JDQ4MTg4MSM1MSMkMSMkMCMkOTkkNTgxMzUxIzIxIyQxIyQxIyQwMyQyNjE4MzIjNjEjJDEjJDQjJDgz,82,한방소아과,0,0,마포요양병원,요양병원,마포구
JDQ4MTg4MSM1MSMkMSMkMCMkOTkkNTgxMzUxIzIxIyQxIyQxIyQwMyQyNjE4MzIjNjEjJDEjJDQjJDgz,83,한방안·이비인후·피부과,0,0,마포요양병원,요양병원,마포구
JDQ4MTg4MSM1MSMkMSMkMCMkOTkkNTgxMzUxIzIxIyQxIyQxIyQwMyQyNjE4MzIjNjEjJDEjJDQjJDgz,84,한방신경정신과,0,0,마포요양병원,요양병원,마포구
JDQ4MTg4MSM1MSMkMSMkMCMkOTkkNTgxMzUxIzIxIyQxIyQxIyQwMyQyNjE4MzIjNjEjJDEjJDQjJDgz,85,침구과,0,0,마포요양병원,요양병원,마포구
JDQ4MTg4MSM1MSMkMSMkMCMkOTkkNTgxMzUxIzIxIyQxIyQxIyQwMyQyNjE4MzIjNjEjJDEjJDQjJDgz,86,한방재활의학과,0,0,마포요양병원,요양병원,마포구
JDQ4MTg4MSM1MSMkMSMkMCMkOTkkNTgxMzUxIzIxIyQxIyQxIyQwMyQyNjE4MzIjNjEjJDEjJDQjJDgz,87,사상체질과,0,0,마포요양병원,요양병원,마포구
JDQ4MTg4MSM1MSMkMSMkMCMkOTkkNTgxMzUxIzIxIyQxIyQ1IyQ5OSQzNjEyMjIjNTEjJDEjJDIjJDgz,1,내과,0,0,메디움강남요양병원,요양병원,강남구
JDQ4MTg4MSM1MSMkMSMkMCMkOTkkNTgxMzUxIzIxIyQxIyQ1IyQ5OSQzNjEyMjIjNTEjJDEjJDIjJDgz,2,신경과,0,0,메디움강남요양병원,요양병원,강남구
JDQ4MTg4MSM1MSMkMSMkMCMkOTkkNTgxMzUxIzIxIyQxIyQ1IyQ5OSQzNjEyMjIjNTEjJDEjJDIjJDgz,3,정신건강의학과,0,0,메디움강남요양병원,요양병원,강남구
JDQ4MTg4MSM1MSMkMSMkMCMkOTkkNTgxMzUxIzIxIyQxIyQ1IyQ5OSQzNjEyMjIjNTEjJDEjJDIjJDgz,4,외과,0,0,메디움강남요양병원,요양병원,강남구
JDQ4MTg4MSM1MSMkMSMkMCMkOTkkNTgxMzUxIzIxIyQxIyQ1IyQ5OSQzNjEyMjIjNTEjJDEjJDIjJDgz,5,정형외과,0,0,메디움강남요양병원,요양병원,강남구
JDQ4MTg4MSM1MSMkMSMkMCMkOTkkNTgxMzUxIzIxIyQxIyQ1IyQ5OSQzNjEyMjIjNTEjJDEjJDIjJDgz,6,신경외과,0,0,메디움강남요양병원,요양병원,강남구
JDQ4MTg4MSM1MSMkMSMkMCMkOTkkNTgxMzUxIzIxIyQxIyQ1IyQ5OSQzNjEyMjIjNTEjJDEjJDIjJDgz,10,산부인과,0,0,메디움강남요양병원,요양병원,강남구
JDQ4MTg4MSM1MSMkMSMkMCMkOTkkNTgxMzUxIzIxIyQxIyQ1IyQ5OSQzNjEyMjIjNTEjJDEjJDIjJDgz,11,소아청소년과,0,0,메디움강남요양병원,요양병원,강남구
JDQ4MTg4MSM1MSMkMSMkMCMkOTkkNTgxMzUxIzIxIyQxIyQ1IyQ5OSQzNjEyMjIjNTEjJDEjJDIjJDgz,13,이비인후과,0,0,메디움강남요양병원,요양병원,강남구
JDQ4MTg4MSM1MSMkMSMkMCMkOTkkNTgxMzUxIzIxIyQxIyQ1IyQ5OSQzNjEyMjIjNTEjJDEjJDIjJDgz,14,피부과,0,0,메디움강남요양병원,요양병원,강남구
JDQ4MTg4MSM1MSMkMSMkMCMkOTkkNTgxMzUxIzIxIyQxIyQ1IyQ5OSQzNjEyMjIjNTEjJDEjJDIjJDgz,15,비뇨의학과,0,0,메디움강남요양병원,요양병원,강남구
JDQ4MTg4MSM1MSMkMSMkMCMkOTkkNTgxMzUxIzIxIyQxIyQ1IyQ5OSQzNjEyMjIjNTEjJDEjJDIjJDgz,21,재활의학과,0,0,메디움강남요양병원,요양병원,강남구
JDQ4MTg4MSM1MSMkMSMkMCMkOTkkNTgxMzUxIzIxIyQxIyQ1IyQ5OSQzNjEyMjIjNTEjJDEjJDIjJDgz,23,가정의학과,0,0,메디움강남요양병원,요양병원,강남구
JDQ4MTg4MSM1MSMkMSMkMCMkOTkkNTgxMzUxIzIxIyQxIyQ1IyQ5OSQzNjEyMjIjNTEjJDEjJDIjJDgz,80,한방내과,0,0,메디움강남요양병원,요양병원,강남구
JDQ4MTg4MSM1MSMkMSMkMCMkOTkkNTgxMzUxIzIxIyQxIyQ1IyQ5OSQzNjEyMjIjNTEjJDEjJDIjJDgz,81,한방부인과,0,0,메디움강남요양병원,요양병원,강남구
JDQ4MTg4MSM1MSMkMSMkMCMkOTkkNTgxMzUxIzIxIyQxIyQ1IyQ5OSQzNjEyMjIjNTEjJDEjJDIjJDgz,82,한방소아과,0,0,메디움강남요양병원,요양병원,강남구
JDQ4MTg4MSM1MSMkMSMkMCMkOTkkNTgxMzUxIzIxIyQxIyQ1IyQ5OSQzNjEyMjIjNTEjJDEjJDIjJDgz,83,한방안·이비인후·피부과,0,0,메디움강남요양병원,요양병원,강남구
JDQ4MTg4MSM1MSMkMSMkMCMkOTkkNTgxMzUxIzIxIyQxIyQ1IyQ5OSQzNjEyMjIjNTEjJDEjJDIjJDgz,84,한방신경정신과,0,0,메디움강남요양병원,요양병원,강남구
JDQ4MTg4MSM1MSMkMSMkMCMkOTkkNTgxMzUxIzIxIyQxIyQ1IyQ5OSQzNjEyMjIjNTEjJDEjJDIjJDgz,85,침구과,0,0,메디움강남요양병원,요양병원,강남구
JDQ4MTg4MSM1MSMkMSMkMCMkOTkkNTgxMzUxIzIxIyQxIyQ1IyQ5OSQzNjEyMjIjNTEjJDEjJDIjJDgz,86,한방재활의학과,0,0,메디움강남요양병원,요양병원,강남구
JDQ4MTg4MSM1MSMkMSMkMCMkOTkkNTgxMzUxIzIxIyQxIyQ1IyQ5OSQzNjEyMjIjNTEjJDEjJDIjJDgz,87,사상체질과,0,0,메디움강남요양병원,요양병원,강남구
JDQ4MTg4MSM1MSMkMSMkMCMkOTkkNTgxMzUxIzIxIyQxIyQ1IyQ5OSQyNjE0ODEjNTEjJDEjJDYjJDgz,1,내과,2,0,보문효사랑요양병원,요양병원,성북구
JDQ4MTg4MSM1MSMkMSMkMCMkOTkkNTgxMzUxIzIxIyQxIyQ1IyQ5OSQyNjE0ODEjNTEjJDEjJDYjJDgz,2,신경과,0,0,보문효사랑요양병원,요양병원,성북구
JDQ4MTg4MSM1MSMkMSMkMCMkOTkkNTgxMzUxIzIxIyQxIyQ1IyQ5OSQyNjE0ODEjNTEjJDEjJDYjJDgz,4,외과,0,0,보문효사랑요양병원,요양병원,성북구
JDQ4MTg4MSM1MSMkMSMkMCMkOTkkNTgxMzUxIzIxIyQxIyQ1IyQ5OSQyNjE0ODEjNTEjJDEjJDYjJDgz,5,정형외과,0,0,보문효사랑요양병원,요양병원,성북구
JDQ4MTg4MSM1MSMkMSMkMCMkOTkkNTgxMzUxIzIxIyQxIyQ1IyQ5OSQyNjE0ODEjNTEjJDEjJDYjJDgz,6,신경외과,0,0,보문효사랑요양병원,요양병원,성북구
JDQ4MTg4MSM1MSMkMSMkMCMkOTkkNTgxMzUxIzIxIyQxIyQ1IyQ5OSQyNjE0ODEjNTEjJDEjJDYjJDgz,11,소아청소년과,0,0,보문효사랑요양병원,요양병원,성북구
JDQ4MTg4MSM1MSMkMSMkMCMkOTkkNTgxMzUxIzIxIyQxIyQ1IyQ5OSQyNjE0ODEjNTEjJDEjJDYjJDgz,13,이비인후과,0,0,보문효사랑요양병원,요양병원,성북구
JDQ4MTg4MSM1MSMkMSMkMCMkOTkkNTgxMzUxIzIxIyQxIyQ1IyQ5OSQyNjE0ODEjNTEjJDEjJDYjJDgz,21,재활의학과,1,0,보문효사랑요양병원,요양병원,성북구
JDQ4MTg4MSM1MSMkMSMkMCMkOTkkNTgxMzUxIzIxIyQxIyQ1IyQ5OSQyNjE0ODEjNTEjJDEjJDYjJDgz,23,가정의학과,0,0,보문효사랑요양병원,요양병원,성북구
JDQ4MTg4MSM1MSMkMSMkMCMkOTkkNTgxMzUxIzIxIyQxIyQ1IyQ5OSQyNjE0ODEjNTEjJDEjJDYjJDgz,80,한방내과,0,0,보문효사랑요양병원,요양병원,성북구
JDQ4MTg4MSM1MSMkMSMkMCMkOTkkNTgxMzUxIzIxIyQxIyQ1IyQ5OSQyNjE0ODEjNTEjJDEjJDYjJDgz,85,침구과,0,0,보문효사랑요양병원,요양병원,성북구
JDQ4MTg4MSM1MSMkMSMkMCMkOTkkNTgxMzUxIzIxIyQxIyQ1IyQ5OSQyNjE0ODEjNTEjJDEjJDYjJDgz,86,한방재활의학과,0,0,보문효사랑요양병원,요양병원,성북구
JDQ4MTg4MSM1MSMkMSMkMCMkOTkkNTgxMzUxIzIxIyQxIyQxIyQxMyQzNjE0ODEjNDEjJDEjJDgjJDgz,1,내과,0,0,북서울요양병원,요양병원,강북구
JDQ4MTg4MSM1MSMkMSMkMCMkOTkkNTgxMzUxIzIxIyQxIyQxIyQxMyQzNjE0ODEjNDEjJDEjJDgjJDgz,4,외과,0,0,북서울요양병원,요양병원,강북구
JDQ4MTg4MSM1MSMkMSMkMCMkOTkkNTgxMzUxIzIxIyQxIyQxIyQxMyQzNjE0ODEjNDEjJDEjJDgjJDgz,5,정형외과,0,0,북서울요양병원,요양병원,강북구
JDQ4MTg4MSM1MSMkMSMkMCMkOTkkNTgxMzUxIzIxIyQxIyQxIyQxMyQzNjE0ODEjNDEjJDEjJDgjJDgz,23,가정의학과,0,0,북서울요양병원,요양병원,강북구
JDQ4MTg4MSM1MSMkMSMkMCMkOTkkNTgxMzUxIzIxIyQxIyQxIyQxMyQzNjE0ODEjNDEjJDEjJDgjJDgz,26,예방의학과,1,0,북서울요양병원,요양병원,강북구
JDQ4MTg4MSM1MSMkMSMkMCMkOTkkNTgxMzUxIzIxIyQxIyQxIyQxMyQzNjE0ODEjNDEjJDEjJDgjJDgz,80,한방내과,0,0,북서울요양병원,요양병원,강북구
JDQ4MTg4MSM1MSMkMSMkMCMkOTkkNTgxMzUxIzIxIyQxIyQxIyQxMyQzNjE0ODEjNDEjJDEjJDgjJDgz,85,침구과,0,0,북서울요양병원,요양병원,강북구
JDQ4MTg4MSM1MSMkMSMkMCMkOTkkNTgxMzUxIzIxIyQyIyQxIyQwMCQyNjEyMjIjNDEjJDEjJDgjJDgz,1,내과,0,0,사랑요양병원,요양병원,서대문구
JDQ4MTg4MSM1MSMkMSMkMCMkOTkkNTgxMzUxIzIxIyQyIyQxIyQwMCQyNjEyMjIjNDEjJDEjJDgjJDgz,2,신경과,0,0,사랑요양병원,요양병원,서대문구
JDQ4MTg4MSM1MSMkMSMkMCMkOTkkNTgxMzUxIzIxIyQyIyQxIyQwMCQyNjEyMjIjNDEjJDEjJDgjJDgz,4,외과,0,0,사랑요양병원,요양병원,서대문구
JDQ4MTg4MSM1MSMkMSMkMCMkOTkkNTgxMzUxIzIxIyQyIyQxIyQwMCQyNjEyMjIjNDEjJDEjJDgjJDgz,23,가정의학과,0,0,사랑요양병원,요양병원,서대문구
JDQ4MTg4MSM1MSMkMSMkMCMkOTkkNTgxMzUxIzIxIyQyIyQxIyQwMCQyNjEyMjIjNDEjJDEjJDgjJDgz,80,한방내과,0,0,사랑요양병원,요양병원,서대문구
JDQ4MTg4MSM1MSMkMSMkMCMkOTkkNTgxMzUxIzExIyQxIyQ3IyQwMyQyNjEyMjIjNDEjJDEjJDgjJDgz,1,내과,0,0,새마음요양병원,요양병원,성북구
JDQ4MTg4MSM1MSMkMSMkMCMkOTkkNTgxMzUxIzExIyQxIyQ3IyQwMyQyNjEyMjIjNDEjJDEjJDgjJDgz,2,신경과,0,0,새마음요양병원,요양병원,성북구
JDQ4MTg4MSM1MSMkMSMkMCMkOTkkNTgxMzUxIzExIyQxIyQ3IyQwMyQyNjEyMjIjNDEjJDEjJDgjJDgz,4,외과,1,0,새마음요양병원,요양병원,성북구
JDQ4MTg4MSM1MSMkMSMkMCMkOTkkNTgxMzUxIzExIyQxIyQ3IyQwMyQyNjEyMjIjNDEjJDEjJDgjJDgz,5,정형외과,0,0,새마음요양병원,요양병원,성북구
JDQ4MTg4MSM1MSMkMSMkMCMkOTkkNTgxMzUxIzExIyQxIyQ3IyQwMyQyNjEyMjIjNDEjJDEjJDgjJDgz,6,신경외과,0,0,새마음요양병원,요양병원,성북구
JDQ4MTg4MSM1MSMkMSMkMCMkOTkkNTgxMzUxIzExIyQxIyQ3IyQwMyQyNjEyMjIjNDEjJDEjJDgjJDgz,21,재활의학과,1,0,새마음요양병원,요양병원,성북구
JDQ4MTg4MSM1MSMkMSMkMCMkOTkkNTgxMzUxIzExIyQxIyQ3IyQwMyQyNjEyMjIjNDEjJDEjJDgjJDgz,80,한방내과,0,0,새마음요양병원,요양병원,성북구
JDQ4MTg4MSM1MSMkMSMkNCMkOTkkNTgxMzUxIzExIyQxIyQzIyQ3OSQyNjEwMDIjNDEjJDEjJDgjJDgz,1,내과,0,0,새미래요양병원,요양병원,강서구
JDQ4MTg4MSM1MSMkMSMkNCMkOTkkNTgxMzUxIzExIyQxIyQzIyQ3OSQyNjEwMDIjNDEjJDEjJDgjJDgz,2,신경과,1,0,새미래요양병원,요양병원,강서구
JDQ4MTg4MSM1MSMkMSMkNCMkOTkkNTgxMzUxIzExIyQxIyQzIyQ3OSQyNjEwMDIjNDEjJDEjJDgjJDgz,4,외과,1,0,새미래요양병원,요양병원,강서구
JDQ4MTg4MSM1MSMkMSMkNCMkOTkkNTgxMzUxIzExIyQxIyQzIyQ3OSQyNjEwMDIjNDEjJDEjJDgjJDgz,5,정형외과,0,0,새미래요양병원,요양병원,강서구
JDQ4MTg4MSM1MSMkMSMkNCMkOTkkNTgxMzUxIzExIyQxIyQzIyQ3OSQyNjEwMDIjNDEjJDEjJDgjJDgz,6,신경외과,2,0,새미래요양병원,요양병원,강서구
JDQ4MTg4MSM1MSMkMSMkNCMkOTkkNTgxMzUxIzExIyQxIyQzIyQ3OSQyNjEwMDIjNDEjJDEjJDgjJDgz,21,재활의학과,1,0,새미래요양병원,요양병원,강서구
JDQ4MTg4MSM1MSMkMSMkNCMkOTkkNTgxMzUxIzExIyQxIyQzIyQ3OSQyNjEwMDIjNDEjJDEjJDgjJDgz,23,가정의학과,0,0,새미래요양병원,요양병원,강서구
JDQ4MTg4MSM1MSMkMSMkNCMkOTkkNTgxMzUxIzExIyQxIyQzIyQ3OSQyNjEwMDIjNDEjJDEjJDgjJDgz,80,한방내과,0,0,새미래요양병원,요양병원,강서구
JDQ4MTg4MSM1MSMkMSMkNCMkOTkkNTgxMzUxIzExIyQxIyQzIyQ3OSQyNjEwMDIjNDEjJDEjJDgjJDgz,85,침구과,0,0,새미래요양병원,요양병원,강서구
JDQ4MTg4MSM1MSMkMSMkMCMkOTkkNTgxMzUxIzExIyQxIyQ3IyQ4MiQzNjE0ODEjNTEjJDEjJDIjJDgz,23,가정의학과,1,0,새빛요양병원,요양병원,강서구
JDQ4MTg4MSM1MSMkMSMkMCMkOTkkNTgxMzUxIzExIyQxIyQ3IyQ4MiQzNjE0ODEjNTEjJDEjJDIjJDgz,80,한방내과,0,0,새빛요양병원,요양병원,강서구
JDQ4MTg4MSM1MSMkMSMkMCMkOTkkNTgxMzUxIzExIyQxIyQ3IyQ4MiQzNjE0ODEjNTEjJDEjJDIjJDgz,81,한방부인과,0,0,새빛요양병원,요양병원,강서구
JDQ4MTg4MSM1MSMkMSMkMCMkOTkkNTgxMzUxIzExIyQxIyQ3IyQ4MiQzNjE0ODEjNTEjJDEjJDIjJDgz,82,한방소아과,0,0,새빛요양병원,요양병원,강서구
JDQ4MTg4MSM1MSMkMSMkMCMkOTkkNTgxMzUxIzExIyQxIyQ3IyQ4MiQzNjE0ODEjNTEjJDEjJDIjJDgz,83,한방안·이비인후·피부과,0,0,새빛요양병원,요양병원,강서구
JDQ4MTg4MSM1MSMkMSMkMCMkOTkkNTgxMzUxIzExIyQxIyQ3IyQ4MiQzNjE0ODEjNTEjJDEjJDIjJDgz,84,한방신경정신과,0,0,새빛요양병원,요양병원,강서구
JDQ4MTg4MSM1MSMkMSMkMCMkOTkkNTgxMzUxIzExIyQxIyQ3IyQ4MiQzNjE0ODEjNTEjJDEjJDIjJDgz,85,침구과,0,0,새빛요양병원,요양병원,강서구
JDQ4MTg4MSM1MSMkMSMkMCMkOTkkNTgxMzUxIzExIyQxIyQ3IyQ4MiQzNjE0ODEjNTEjJDEjJDIjJDgz,86,한방재활의학과,0,0,새빛요양병원,요양병원,강서구
JDQ4MTg4MSM1MSMkMSMkMCMkOTkkNTgxMzUxIzExIyQxIyQ3IyQ4MiQzNjE0ODEjNTEjJDEjJDIjJDgz,87,사상체질과,0,0,새빛요양병원,요양병원,강서구
JDQ4MTg4MSM1MSMkMSMkMCMkOTkkNTgxMzUxIzExIyQxIyQ3IyQ4MiQzNjE0ODEjNTEjJDEjJDIjJDgz,88,한방응급,0,0,새빛요양병원,요양병원,강서구
JDQ4MTg4MSM1MSMkMSMkMCMkOTkkNTgxMzUxIzIxIyQxIyQ1IyQ3OSQyNjE4MzIjNTEjJDEjJDYjJDgz,1,내과,0,0,서울브이아이피(VIP)요양병원,요양병원,구로구
JDQ4MTg4MSM1MSMkMSMkMCMkOTkkNTgxMzUxIzIxIyQxIyQ1IyQ3OSQyNjE4MzIjNTEjJDEjJDYjJDgz,4,외과,1,0,서울브이아이피(VIP)요양병원,요양병원,구로구
JDQ4MTg4MSM1MSMkMSMkMCMkOTkkNTgxMzUxIzIxIyQxIyQ1IyQ3OSQyNjE4MzIjNTEjJDEjJDYjJDgz,6,신경외과,1,0,서울브이아이피(VIP)요양병원,요양병원,구로구
JDQ4MTg4MSM1MSMkMSMkMCMkOTkkNTgxMzUxIzIxIyQxIyQ1IyQ3OSQyNjE4MzIjNTEjJDEjJDYjJDgz,21,재활의학과,1,0,서울브이아이피(VIP)요양병원,요양병원,구로구
JDQ4MTg4MSM1MSMkMSMkMCMkOTkkNTgxMzUxIzIxIyQxIyQ1IyQ3OSQyNjE4MzIjNTEjJDEjJDYjJDgz,80,한방내과,0,0,서울브이아이피(VIP)요양병원,요양병원,구로구
JDQ4MTg4MSM1MSMkMSMkMCMkOTkkNTgxMzUxIzIxIyQxIyQ1IyQ3OSQyNjEwMDIjNzEjJDEjJDgjJDgz,1,내과,0,0,서울사랑요양병원,요양병원,도봉구
JDQ4MTg4MSM1MSMkMSMkMCMkOTkkNTgxMzUxIzIxIyQxIyQ1IyQ3OSQyNjEwMDIjNzEjJDEjJDgjJDgz,2,신경과,0,0,서울사랑요양병원,요양병원,도봉구
JDQ4MTg4MSM1MSMkMSMkMCMkOTkkNTgxMzUxIzIxIyQxIyQ1IyQ3OSQyNjEwMDIjNzEjJDEjJDgjJDgz,6,신경외과,0,0,서울사랑요양병원,요양병원,도봉구
JDQ4MTg4MSM1MSMkMSMkMCMkOTkkNTgxMzUxIzIxIyQxIyQ1IyQ3OSQyNjEwMDIjNzEjJDEjJDgjJDgz,21,재활의학과,0,0,서울사랑요양병원,요양병원,도봉구
JDQ4MTg4MSM1MSMkMSMkMCMkOTkkNTgxMzUxIzIxIyQxIyQ1IyQ3OSQyNjEwMDIjNzEjJDEjJDgjJDgz,23,가정의학과,2,0,서울사랑요양병원,요양병원,도봉구
JDQ4MTg4MSM1MSMkMSMkMCMkOTkkNTgxMzUxIzIxIyQxIyQ1IyQ3OSQyNjEwMDIjNzEjJDEjJDgjJDgz,80,한방내과,0,0,서울사랑요양병원,요양병원,도봉구
JDQ4MTg4MSM1MSMkMSMkMCMkOTkkNTgxMzUxIzIxIyQxIyQ1IyQ3OSQyNjEwMDIjNzEjJDEjJDgjJDgz,85,침구과,0,0,서울사랑요양병원,요양병원,도봉구
JDQ4MTg4MSM1MSMkMSMkNCMkOTkkNTgxMzUxIzExIyQxIyQzIyQ3OSQzNjEyMjIjNTEjJDEjJDIjJDgz,1,내과,1,0,서울삼성요양병원,요양병원,영등포구
JDQ4MTg4MSM1MSMkMSMkNCMkOTkkNTgxMzUxIzExIyQxIyQzIyQ3OSQzNjEyMjIjNTEjJDEjJDIjJDgz,2,신경과,0,0,서울삼성요양병원,요양병원,영등포구
JDQ4MTg4MSM1MSMkMSMkNCMkOTkkNTgxMzUxIzExIyQxIyQzIyQ3OSQzNjEyMjIjNTEjJDEjJDIjJDgz,4,외과,0,0,서울삼성요양병원,요양병원,영등포구
JDQ4MTg4MSM1MSMkMSMkNCMkOTkkNTgxMzUxIzExIyQxIyQzIyQ3OSQzNjEyMjIjNTEjJDEjJDIjJDgz,6,신경외과,1,0,서울삼성요양병원,요양병원,영등포구
JDQ4MTg4MSM1MSMkMSMkNCMkOTkkNTgxMzUxIzExIyQxIyQzIyQ3OSQzNjEyMjIjNTEjJDEjJDIjJDgz,21,재활의학과,1,0,서울삼성요양병원,요양병원,영등포구
JDQ4MTg4MSM1MSMkMSMkNCMkOTkkNTgxMzUxIzExIyQxIyQzIyQ3OSQzNjEyMjIjNTEjJDEjJDIjJDgz,23,가정의학과,2,0,서울삼성요양병원,요양병원,영등포구
JDQ4MTg4MSM1MSMkMSMkNCMkOTkkNTgxMzUxIzExIyQxIyQzIyQ3OSQzNjEyMjIjNTEjJDEjJDIjJDgz,80,한방내과,1,0,서울삼성요양병원,요양병원,영등포구
JDQ4MTg4MSM1MSMkMSMkNCMkOTkkNTgxMzUxIzExIyQxIyQzIyQ3OSQzNjEyMjIjNTEjJDEjJDIjJDgz,85,침구과,1,0,서울삼성요양병원,요양병원,영등포구
JDQ4MTg4MSM1MSMkMSMkNCMkOTkkNTgxMzUxIzExIyQxIyQzIyQ3OSQzNjEyMjIjNTEjJDEjJDIjJDgz,86,한방재활의학과,0,0,서울삼성요양병원,요양병원,영등포구
JDQ4MTg4MSM1MSMkMSMkMCMkOTkkNTgxMzUxIzIxIyQxIyQxIyQ4MiQzNjEyMjIjNjEjJDEjJDQjJDgz,1,내과,2,0,서울센트럴요양병원,요양병원,영등포구
JDQ4MTg4MSM1MSMkMSMkMCMkOTkkNTgxMzUxIzIxIyQxIyQxIyQ4MiQzNjEyMjIjNjEjJDEjJDQjJDgz,2,신경과,1,0,서울센트럴요양병원,요양병원,영등포구
JDQ4MTg4MSM1MSMkMSMkMCMkOTkkNTgxMzUxIzIxIyQxIyQxIyQ4MiQzNjEyMjIjNjEjJDEjJDQjJDgz,6,신경외과,1,0,서울센트럴요양병원,요양병원,영등포구
JDQ4MTg4MSM1MSMkMSMkMCMkOTkkNTgxMzUxIzIxIyQxIyQxIyQ4MiQzNjEyMjIjNjEjJDEjJDQjJDgz,21,재활의학과,1,0,서울센트럴요양병원,요양병원,영등포구
JDQ4MTg4MSM1MSMkMSMkMCMkOTkkNTgxMzUxIzIxIyQxIyQxIyQ4MiQzNjEyMjIjNjEjJDEjJDQjJDgz,23,가정의학과,1,0,서울센트럴요양병원,요양병원,영등포구
JDQ4MTg4MSM1MSMkMSMkMCMkOTkkNTgxMzUxIzIxIyQxIyQxIyQ4MiQzNjEyMjIjNjEjJDEjJDQjJDgz,80,한방내과,0,0,서울센트럴요양병원,요양병원,영등포구
JDQ4MTg4MSM1MSMkMSMkMCMkOTkkNTgxMzUxIzIxIyQxIyQxIyQ4MiQzNjEyMjIjNjEjJDEjJDQjJDgz,81,한방부인과,0,0,서울센트럴요양병원,요양병원,영등포구
JDQ4MTg4MSM1MSMkMSMkMCMkOTkkNTgxMzUxIzIxIyQxIyQxIyQ4MiQzNjEyMjIjNjEjJDEjJDQjJDgz,85,침구과,0,0,서울센트럴요양병원,요양병원,영등포구
JDQ4MTg4MSM1MSMkMSMkMCMkOTkkNTgxMzUxIzIxIyQxIyQxIyQxMyQzNjEyMjIjNzEjJDEjJDgjJDgz,1,내과,2,0,서울숲요양병원,요양병원,강동구
JDQ4MTg4MSM1MSMkMSMkMCMkOTkkNTgxMzUxIzIxIyQxIyQxIyQxMyQzNjEyMjIjNzEjJDEjJDgjJDgz,2,신경과,1,0,서울숲요양병원,요양병원,강동구
JDQ4MTg4MSM1MSMkMSMkMCMkOTkkNTgxMzUxIzIxIyQxIyQxIyQxMyQzNjEyMjIjNzEjJDEjJDgjJDgz,21,재활의학과,2,0,서울숲요양병원,요양병원,강동구
JDQ4MTg4MSM1MSMkMSMkMCMkOTkkNTgxMzUxIzIxIyQxIyQxIyQxMyQzNjEyMjIjNzEjJDEjJDgjJDgz,23,가정의학과,3,0,서울숲요양병원,요양병원,강동구
JDQ4MTg4MSM1MSMkMSMkMCMkOTkkNTgxMzUxIzIxIyQxIyQxIyQxMyQzNjEyMjIjNzEjJDEjJDgjJDgz,80,한방내과,0,0,서울숲요양병원,요양병원,강동구
JDQ4MTg4MSM1MSMkMSMkMCMkOTkkNTgxMzUxIzExIyQxIyQ3IyQ5MiQyNjEwMDIjNjEjJDEjJDQjJDgz,1,내과,1,0,서울스마트요양병원,요양병원,양천구
JDQ4MTg4MSM1MSMkMSMkMCMkOTkkNTgxMzUxIzExIyQxIyQ3IyQ5MiQyNjEwMDIjNjEjJDEjJDQjJDgz,2,신경과,1,0,서울스마트요양병원,요양병원,양천구
JDQ4MTg4MSM1MSMkMSMkMCMkOTkkNTgxMzUxIzExIyQxIyQ3IyQ5MiQyNjEwMDIjNjEjJDEjJDQjJDgz,4,외과,0,0,서울스마트요양병원,요양병원,양천구
JDQ4MTg4MSM1MSMkMSMkMCMkOTkkNTgxMzUxIzExIyQxIyQ3IyQ5MiQyNjEwMDIjNjEjJDEjJDQjJDgz,21,재활의학과,1,0,서울스마트요양병원,요양병원,양천구
JDQ4MTg4MSM1MSMkMSMkMCMkOTkkNTgxMzUxIzExIyQxIyQ3IyQ5MiQyNjEwMDIjNjEjJDEjJDQjJDgz,23,가정의학과,2,0,서울스마트요양병원,요양병원,양천구
JDQ4MTg4MSM1MSMkMSMkMCMkOTkkNTgxMzUxIzExIyQxIyQ3IyQ5MiQyNjEwMDIjNjEjJDEjJDQjJDgz,80,한방내과,0,0,서울스마트요양병원,요양병원,양천구
JDQ4MTg4MSM1MSMkMSMkMCMkOTkkNTgxMzUxIzExIyQxIyQ3IyQ5MiQyNjEwMDIjNjEjJDEjJDQjJDgz,85,침구과,0,0,서울스마트요양병원,요양병원,양천구
JDQ4MTg4MSM1MSMkMSMkMCMkOTkkNTgxMzUxIzIxIyQxIyQxIyQ5OSQ0NjE0ODEjNTEjJDEjJDIjJDgz,1,내과,1,0,서울에이스요양병원,요양병원,동대문구
JDQ4MTg4MSM1MSMkMSMkMCMkOTkkNTgxMzUxIzIxIyQxIyQxIyQ5OSQ0NjE0ODEjNTEjJDEjJDIjJDgz,2,신경과,1,0,서울에이스요양병원,요양병원,동대문구
JDQ4MTg4MSM1MSMkMSMkMCMkOTkkNTgxMzUxIzIxIyQxIyQxIyQ5OSQ0NjE0ODEjNTEjJDEjJDIjJDgz,21,재활의학과,1,0,서울에이스요양병원,요양병원,동대문구
JDQ4MTg4MSM1MSMkMSMkMCMkOTkkNTgxMzUxIzIxIyQxIyQxIyQ5OSQ0NjE0ODEjNTEjJDEjJDIjJDgz,23,가정의학과,1,0,서울에이스요양병원,요양병원,동대문구
JDQ4MTg4MSM1MSMkMSMkMCMkOTkkNTgxMzUxIzIxIyQxIyQxIyQ5OSQ0NjE0ODEjNTEjJDEjJDIjJDgz,85,침구과,0,0,서울에이스요양병원,요양병원,동대문구
JDQ4MTg4MSM1MSMkMSMkMCMkOTkkNTgxMzUxIzExIyQxIyQ3IyQ3OSQzNjEyMjIjNjEjJDEjJDQjJDgz,1,내과,1,0,서울은빛요양병원,요양병원,영등포구
JDQ4MTg4MSM1MSMkMSMkMCMkOTkkNTgxMzUxIzExIyQxIyQ3IyQ3OSQzNjEyMjIjNjEjJDEjJDQjJDgz,4,외과,1,0,서울은빛요양병원,요양병원,영등포구
JDQ4MTg4MSM1MSMkMSMkMCMkOTkkNTgxMzUxIzExIyQxIyQ3IyQ3OSQzNjEyMjIjNjEjJDEjJDQjJDgz,7,심장혈관흉부외과,1,0,서울은빛요양병원,요양병원,영등포구
JDQ4MTg4MSM1MSMkMSMkMCMkOTkkNTgxMzUxIzExIyQxIyQ3IyQ3OSQzNjEyMjIjNjEjJDEjJDQjJDgz,21,재활의학과,1,0,서울은빛요양병원,요양병원,영등포구
JDQ4MTg4MSM1MSMkMSMkMCMkOTkkNTgxMzUxIzExIyQxIyQ3IyQ3OSQzNjEyMjIjNjEjJDEjJDQjJDgz,80,한방내과,1,0,서울은빛요양병원,요양병원,영등포구
JDQ4MTg4MSM1MSMkMSMkMCMkOTkkNTgxMzUxIzExIyQxIyQ3IyQ3OSQzNjEyMjIjNjEjJDEjJDQjJDgz,85,침구과,0,0,서울은빛요양병원,요양병원,영등포구
JDQ4MTg4MSM1MSMkMSMkMCMkOTkkNTgxMzUxIzIxIyQxIyQ1IyQ3OSQzNjE0ODEjNDEjJDEjJDgjJDgz,1,내과,2,0,서울제일요양병원,요양병원,양천구
JDQ4MTg4MSM1MSMkMSMkMCMkOTkkNTgxMzUxIzIxIyQxIyQ1IyQ3OSQzNjE0ODEjNDEjJDEjJDgjJDgz,2,신경과,0,0,서울제일요양병원,요양병원,양천구
JDQ4MTg4MSM1MSMkMSMkMCMkOTkkNTgxMzUxIzIxIyQxIyQ1IyQ3OSQzNjE0ODEjNDEjJDEjJDgjJDgz,4,외과,0,0,서울제일요양병원,요양병원,양천구
JDQ4MTg4MSM1MSMkMSMkMCMkOTkkNTgxMzUxIzIxIyQxIyQ1IyQ3OSQzNjE0ODEjNDEjJDEjJDgjJDgz,5,정형외과,1,0,서울제일요양병원,요양병원,양천구
JDQ4MTg4MSM1MSMkMSMkMCMkOTkkNTgxMzUxIzIxIyQxIyQ1IyQ3OSQzNjE0ODEjNDEjJDEjJDgjJDgz,6,신경외과,0,0,서울제일요양병원,요양병원,양천구
JDQ4MTg4MSM1MSMkMSMkMCMkOTkkNTgxMzUxIzIxIyQxIyQ1IyQ3OSQzNjE0ODEjNDEjJDEjJDgjJDgz,10,산부인과,0,0,서울제일요양병원,요양병원,양천구
JDQ4MTg4MSM1MSMkMSMkMCMkOTkkNTgxMzUxIzIxIyQxIyQ1IyQ3OSQzNjE0ODEjNDEjJDEjJDgjJDgz,21,재활의학과,1,0,서울제일요양병원,요양병원,양천구
JDQ4MTg4MSM1MSMkMSMkMCMkOTkkNTgxMzUxIzIxIyQxIyQ1IyQ3OSQzNjE0ODEjNDEjJDEjJDgjJDgz,23,가정의학과,0,0,서울제일요양병원,요양병원,양천구
JDQ4MTg4MSM1MSMkMSMkMCMkOTkkNTgxMzUxIzIxIyQxIyQ1IyQ3OSQzNjE0ODEjNDEjJDEjJDgjJDgz,80,한방내과,0,0,서울제일요양병원,요양병원,양천구
JDQ4MTg4MSM1MSMkMSMkMCMkOTkkNTgxMzUxIzIxIyQxIyQ1IyQ3OSQzNjE0ODEjNDEjJDEjJDgjJDgz,85,침구과,0,0,서울제일요양병원,요양병원,양천구
JDQ4MTg4MSM1MSMkMSMkMCMkOTkkNTgxMzUxIzIxIyQxIyQ1IyQ3OSQzNjE0ODEjNDEjJDEjJDgjJDgz,86,한방재활의학과,1,0,서울제일요양병원,요양병원,양천구
JDQ4MTg4MSM1MSMkMSMkOCMkOTkkNTgxMzUxIzExIyQxIyQzIyQ3OSQyNjE0ODEjNzEjJDEjJDgjJDgz,1,내과,2,0,서울중앙요양병원,요양병원,서대문구
JDQ4MTg4MSM1MSMkMSMkOCMkOTkkNTgxMzUxIzExIyQxIyQzIyQ3OSQyNjE0ODEjNzEjJDEjJDgjJDgz,4,외과,1,0,서울중앙요양병원,요양병원,서대문구
JDQ4MTg4MSM1MSMkMSMkOCMkOTkkNTgxMzUxIzExIyQxIyQzIyQ3OSQyNjE0ODEjNzEjJDEjJDgjJDgz,21,재활의학과,1,0,서울중앙요양병원,요양병원,서대문구
JDQ4MTg4MSM1MSMkMSMkOCMkOTkkNTgxMzUxIzExIyQxIyQzIyQ3OSQyNjE0ODEjNzEjJDEjJDgjJDgz,80,한방내과,0,0,서울중앙요양병원,요양병원,서대문구
JDQ4MTg4MSM1MSMkMSMkOCMkOTkkNTgxMzUxIzExIyQxIyQzIyQ3OSQyNjE0ODEjNzEjJDEjJDgjJDgz,81,한방부인과,1,0,서울중앙요양병원,요양병원,서대문구
JDQ4MTg4MSM1MSMkMSMkOCMkOTkkNTgxMzUxIzExIyQxIyQzIyQ3OSQyNjE0ODEjNzEjJDEjJDgjJDgz,83,한방안·이비인후·피부과,0,0,서울중앙요양병원,요양병원,서대문구
JDQ4MTg4MSM1MSMkMSMkOCMkOTkkNTgxMzUxIzExIyQxIyQzIyQ3OSQyNjE0ODEjNzEjJDEjJDgjJDgz,84,한방신경정신과,0,0,서울중앙요양병원,요양병원,서대문구
JDQ4MTg4MSM1MSMkMSMkOCMkOTkkNTgxMzUxIzExIyQxIyQzIyQ3OSQyNjE0ODEjNzEjJDEjJDgjJDgz,85,침구과,0,0,서울중앙요양병원,요양병원,서대문구
JDQ4MTg4MSM1MSMkMSMkOCMkOTkkNTgxMzUxIzExIyQxIyQzIyQ3OSQyNjE0ODEjNzEjJDEjJDgjJDgz,86,한방재활의학과,0,0,서울중앙요양병원,요양병원,서대문구
JDQ4MTg4MSM1MSMkMSMkOCMkOTkkNTgxMzUxIzExIyQxIyQzIyQ3OSQyNjE0ODEjNzEjJDEjJDgjJDgz,87,사상체질과,0,0,서울중앙요양병원,요양병원,서대문구
JDQ4MTg4MSM1MSMkMSMkMCMkOTkkNTgxMzUxIzIxIyQxIyQxIyQ2MiQzNjE0ODEjNjEjJDEjJDAjJDgz,1,내과,3,0,서울현대요양병원,요양병원,강동구
JDQ4MTg4MSM1MSMkMSMkMCMkOTkkNTgxMzUxIzIxIyQxIyQxIyQ2MiQzNjE0ODEjNjEjJDEjJDAjJDgz,2,신경과,1,0,서울현대요양병원,요양병원,강동구
JDQ4MTg4MSM1MSMkMSMkMCMkOTkkNTgxMzUxIzIxIyQxIyQxIyQ2MiQzNjE0ODEjNjEjJDEjJDAjJDgz,21,재활의학과,2,0,서울현대요양병원,요양병원,강동구
JDQ4MTg4MSM1MSMkMSMkMCMkOTkkNTgxMzUxIzIxIyQxIyQxIyQ2MiQzNjE0ODEjNjEjJDEjJDAjJDgz,23,가정의학과,1,0,서울현대요양병원,요양병원,강동구
JDQ4MTg4MSM1MSMkMSMkMCMkOTkkNTgxMzUxIzIxIyQxIyQxIyQ2MiQzNjE0ODEjNjEjJDEjJDAjJDgz,80,한방내과,0,0,서울현대요양병원,요양병원,강동구
JDQ4MTg4MSM1MSMkMSMkMCMkOTkkNTgxMzUxIzIxIyQxIyQxIyQ5OSQzNjEyMjIjNjEjJDEjJDgjJDgz,1,내과,2,0,서울효사랑요양병원,요양병원,성동구
JDQ4MTg4MSM1MSMkMSMkMCMkOTkkNTgxMzUxIzIxIyQxIyQxIyQ5OSQzNjEyMjIjNjEjJDEjJDgjJDgz,2,신경과,0,0,서울효사랑요양병원,요양병원,성동구
JDQ4MTg4MSM1MSMkMSMkMCMkOTkkNTgxMzUxIzIxIyQxIyQxIyQ5OSQzNjEyMjIjNjEjJDEjJDgjJDgz,5,정형외과,0,0,서울효사랑요양병원,요양병원,성동구
JDQ4MTg4MSM1MSMkMSMkMCMkOTkkNTgxMzUxIzIxIyQxIyQxIyQ5OSQzNjEyMjIjNjEjJDEjJDgjJDgz,9,마취통증의학과,0,0,서울효사랑요양병원,요양병원,성동구
JDQ4MTg4MSM1MSMkMSMkMCMkOTkkNTgxMzUxIzIxIyQxIyQxIyQ5OSQzNjEyMjIjNjEjJDEjJDgjJDgz,21,재활의학과,0,0,서울효사랑요양병원,요양병원,성동구
JDQ4MTg4MSM1MSMkMSMkMCMkOTkkNTgxMzUxIzIxIyQxIyQxIyQ5OSQzNjEyMjIjNjEjJDEjJDgjJDgz,23,가정의학과,1,0,서울효사랑요양병원,요양병원,성동구
JDQ4MTg4MSM1MSMkMSMkMCMkOTkkNTgxMzUxIzIxIyQxIyQxIyQ5OSQzNjEyMjIjNjEjJDEjJDgjJDgz,80,한방내과,0,0,서울효사랑요양병원,요양병원,성동구
JDQ4MTg4MSM1MSMkMSMkMCMkOTkkNTgxMzUxIzIxIyQxIyQxIyQ5OSQzNjEyMjIjNjEjJDEjJDgjJDgz,85,침구과,0,0,서울효사랑요양병원,요양병원,성동구
JDQ4MTg4MSM1MSMkMSMkMCMkOTkkNTgxMzUxIzIxIyQxIyQxIyQ5MiQzNjEyMjIjNTEjJDEjJDIjJDgz,1,내과,0,0,서울힐링요양병원,요양병원,송파구
JDQ4MTg4MSM1MSMkMSMkMCMkOTkkNTgxMzUxIzIxIyQxIyQxIyQ5MiQzNjEyMjIjNTEjJDEjJDIjJDgz,2,신경과,0,0,서울힐링요양병원,요양병원,송파구
JDQ4MTg4MSM1MSMkMSMkMCMkOTkkNTgxMzUxIzIxIyQxIyQxIyQ5MiQzNjEyMjIjNTEjJDEjJDIjJDgz,4,외과,0,0,서울힐링요양병원,요양병원,송파구
JDQ4MTg4MSM1MSMkMSMkMCMkOTkkNTgxMzUxIzIxIyQxIyQxIyQ5MiQzNjEyMjIjNTEjJDEjJDIjJDgz,5,정형외과,0,0,서울힐링요양병원,요양병원,송파구
JDQ4MTg4MSM1MSMkMSMkMCMkOTkkNTgxMzUxIzIxIyQxIyQxIyQ5MiQzNjEyMjIjNTEjJDEjJDIjJDgz,6,신경외과,0,0,서울힐링요양병원,요양병원,송파구
JDQ4MTg4MSM1MSMkMSMkMCMkOTkkNTgxMzUxIzIxIyQxIyQxIyQ5MiQzNjEyMjIjNTEjJDEjJDIjJDgz,10,산부인과,0,0,서울힐링요양병원,요양병원,송파구
JDQ4MTg4MSM1MSMkMSMkMCMkOTkkNTgxMzUxIzIxIyQxIyQxIyQ5MiQzNjEyMjIjNTEjJDEjJDIjJDgz,23,가정의학과,1,0,서울힐링요양병원,요양병원,송파구
JDQ4MTg4MSM1MSMkMSMkMCMkOTkkNTgxMzUxIzIxIyQxIyQxIyQ5MiQzNjEyMjIjNTEjJDEjJDIjJDgz,80,한방내과,0,0,서울힐링요양병원,요양병원,송파구
JDQ4MTg4MSM1MSMkMSMkMCMkOTkkNTgxMzUxIzIxIyQxIyQxIyQ5MiQzNjEyMjIjNTEjJDEjJDIjJDgz,81,한방부인과,0,0,서울힐링요양병원,요양병원,송파구
JDQ4MTg4MSM1MSMkMSMkMCMkOTkkNTgxMzUxIzIxIyQxIyQxIyQ5MiQzNjEyMjIjNTEjJDEjJDIjJDgz,82,한방소아과,0,0,서울힐링요양병원,요양병원,송파구
JDQ4MTg4MSM1MSMkMSMkMCMkOTkkNTgxMzUxIzIxIyQxIyQxIyQ5MiQzNjEyMjIjNTEjJDEjJDIjJDgz,83,한방안·이비인후·피부과,0,0,서울힐링요양병원,요양병원,송파구
JDQ4MTg4MSM1MSMkMSMkMCMkOTkkNTgxMzUxIzIxIyQxIyQxIyQ5MiQzNjEyMjIjNTEjJDEjJDIjJDgz,84,한방신경정신과,0,0,서울힐링요양병원,요양병원,송파구
JDQ4MTg4MSM1MSMkMSMkMCMkOTkkNTgxMzUxIzIxIyQxIyQxIyQ5MiQzNjEyMjIjNTEjJDEjJDIjJDgz,85,침구과,0,0,서울힐링요양병원,요양병원,송파구
JDQ4MTg4MSM1MSMkMSMkMCMkOTkkNTgxMzUxIzIxIyQxIyQxIyQ5MiQzNjEyMjIjNTEjJDEjJDIjJDgz,86,한방재활의학과,0,0,서울힐링요양병원,요양병원,송파구
JDQ4MTg4MSM1MSMkMSMkMCMkOTkkNTgxMzUxIzIxIyQxIyQxIyQ5MiQzNjEyMjIjNTEjJDEjJDIjJDgz,87,사상체질과,0,0,서울힐링요양병원,요양병원,송파구
JDQ4MTg4MSM1MSMkMSMkMCMkOTkkNTgxMzUxIzIxIyQxIyQxIyQ3MiQyNjE4MzIjNTEjJDEjJDYjJDgz,1,내과,1,0,서초프라임요양병원,요양병원,서초구
JDQ4MTg4MSM1MSMkMSMkMCMkOTkkNTgxMzUxIzIxIyQxIyQxIyQ3MiQyNjE4MzIjNTEjJDEjJDYjJDgz,2,신경과,1,0,서초프라임요양병원,요양병원,서초구
JDQ4MTg4MSM1MSMkMSMkMCMkOTkkNTgxMzUxIzIxIyQxIyQxIyQ3MiQyNjE4MzIjNTEjJDEjJDYjJDgz,4,외과,0,0,서초프라임요양병원,요양병원,서초구
JDQ4MTg4MSM1MSMkMSMkMCMkOTkkNTgxMzUxIzIxIyQxIyQxIyQ3MiQyNjE4MzIjNTEjJDEjJDYjJDgz,5,정형외과,0,0,서초프라임요양병원,요양병원,서초구
JDQ4MTg4MSM1MSMkMSMkMCMkOTkkNTgxMzUxIzIxIyQxIyQxIyQ3MiQyNjE4MzIjNTEjJDEjJDYjJDgz,6,신경외과,0,0,서초프라임요양병원,요양병원,서초구
JDQ4MTg4MSM1MSMkMSMkMCMkOTkkNTgxMzUxIzIxIyQxIyQxIyQ3MiQyNjE4MzIjNTEjJDEjJDYjJDgz,21,재활의학과,1,0,서초프라임요양병원,요양병원,서초구
JDQ4MTg4MSM1MSMkMSMkMCMkOTkkNTgxMzUxIzIxIyQxIyQxIyQ3MiQyNjE4MzIjNTEjJDEjJDYjJDgz,23,가정의학과,1,0,서초프라임요양병원,요양병원,서초구
JDQ4MTg4MSM1MSMkMSMkMCMkOTkkNTgxMzUxIzIxIyQxIyQxIyQ3MiQyNjE4MzIjNTEjJDEjJDYjJDgz,80,한방내과,0,0,서초프라임요양병원,요양병원,서초구
JDQ4MTg4MSM1MSMkMSMkMCMkOTkkNTgxMzUxIzIxIyQxIyQxIyQ3MiQyNjE4MzIjNTEjJDEjJDYjJDgz,82,한방소아과,0,0,서초프라임요양병원,요양병원,서초구
JDQ4MTg4MSM1MSMkMSMkMCMkOTkkNTgxMzUxIzIxIyQxIyQxIyQ3MiQyNjE4MzIjNTEjJDEjJDYjJDgz,83,한방안·이비인후·피부과,0,0,서초프라임요양병원,요양병원,서초구
JDQ4MTg4MSM1MSMkMSMkMCMkOTkkNTgxMzUxIzIxIyQxIyQxIyQ3MiQyNjE4MzIjNTEjJDEjJDYjJDgz,86,한방재활의학과,0,0,서초프라임요양병원,요양병원,서초구
JDQ4MTg4MSM1MSMkMSMkMCMkOTkkNTgxMzUxIzIxIyQxIyQxIyQ2MiQzNjEyMjIjNDEjJDEjJDgjJDgz,1,내과,1,0,선의요양병원,요양병원,노원구
JDQ4MTg4MSM1MSMkMSMkMCMkOTkkNTgxMzUxIzIxIyQxIyQxIyQ2MiQzNjEyMjIjNDEjJDEjJDgjJDgz,2,신경과,0,0,선의요양병원,요양병원,노원구
JDQ4MTg4MSM1MSMkMSMkMCMkOTkkNTgxMzUxIzIxIyQxIyQxIyQ2MiQzNjEyMjIjNDEjJDEjJDgjJDgz,4,외과,0,0,선의요양병원,요양병원,노원구
JDQ4MTg4MSM1MSMkMSMkMCMkOTkkNTgxMzUxIzIxIyQxIyQxIyQ2MiQzNjEyMjIjNDEjJDEjJDgjJDgz,21,재활의학과,0,0,선의요양병원,요양병원,노원구
JDQ4MTg4MSM1MSMkMSMkMCMkOTkkNTgxMzUxIzIxIyQxIyQxIyQ2MiQzNjEyMjIjNDEjJDEjJDgjJDgz,23,가정의학과,0,0,선의요양병원,요양병원,노원구
JDQ4MTg4MSM1MSMkMSMkMCMkOTkkNTgxMzUxIzIxIyQxIyQxIyQ2MiQzNjEyMjIjNDEjJDEjJDgjJDgz,80,한방내과,0,0,선의요양병원,요양병원,노원구
JDQ4MTg4MSM1MSMkMSMkMCMkOTkkNTgxMzUxIzIxIyQxIyQxIyQ3MiQzNjEyMjIjODEjJDEjJDIjJDgz,1,내과,2,0,성북서울요양병원,요양병원,성북구
JDQ4MTg4MSM1MSMkMSMkMCMkOTkkNTgxMzUxIzIxIyQxIyQxIyQ3MiQzNjEyMjIjODEjJDEjJDIjJDgz,2,신경과,0,0,성북서울요양병원,요양병원,성북구
JDQ4MTg4MSM1MSMkMSMkMCMkOTkkNTgxMzUxIzIxIyQxIyQxIyQ3MiQzNjEyMjIjODEjJDEjJDIjJDgz,4,외과,2,0,성북서울요양병원,요양병원,성북구
JDQ4MTg4MSM1MSMkMSMkMCMkOTkkNTgxMzUxIzIxIyQxIyQxIyQ3MiQzNjEyMjIjODEjJDEjJDIjJDgz,5,정형외과,1,0,성북서울요양병원,요양병원,성북구
JDQ4MTg4MSM1MSMkMSMkMCMkOTkkNTgxMzUxIzIxIyQxIyQxIyQ3MiQzNjEyMjIjODEjJDEjJDIjJDgz,6,신경외과,0,0,성북서울요양병원,요양병원,성북구
JDQ4MTg4MSM1MSMkMSMkMCMkOTkkNTgxMzUxIzIxIyQxIyQxIyQ3MiQzNjEyMjIjODEjJDEjJDIjJDgz,7,심장혈관흉부외과,1,0,성북서울요양병원,요양병원,성북구
JDQ4MTg4MSM1MSMkMSMkMCMkOTkkNTgxMzUxIzIxIyQxIyQxIyQ3MiQzNjEyMjIjODEjJDEjJDIjJDgz,21,재활의학과,1,0,성북서울요양병원,요양병원,성북구
JDQ4MTg4MSM1MSMkMSMkMCMkOTkkNTgxMzUxIzIxIyQxIyQxIyQ3MiQzNjEyMjIjODEjJDEjJDIjJDgz,23,가정의학과,1,0,성북서울요양병원,요양병원,성북구
JDQ4MTg4MSM1MSMkMSMkMCMkOTkkNTgxMzUxIzIxIyQxIyQxIyQ3MiQzNjEyMjIjODEjJDEjJDIjJDgz,80,한방내과,0,0,성북서울요양병원,요양병원,성북구
JDQ4MTg4MSM1MSMkMSMkMCMkOTkkNTgxMzUxIzIxIyQxIyQxIyQ3MiQzNjEyMjIjODEjJDEjJDIjJDgz,81,한방부인과,0,0,성북서울요양병원,요양병원,성북구
JDQ4MTg4MSM1MSMkMSMkMCMkOTkkNTgxMzUxIzIxIyQxIyQxIyQ3MiQzNjEyMjIjODEjJDEjJDIjJDgz,82,한방소아과,0,0,성북서울요양병원,요양병원,성북구
JDQ4MTg4MSM1MSMkMSMkMCMkOTkkNTgxMzUxIzIxIyQxIyQxIyQ3MiQzNjEyMjIjODEjJDEjJDIjJDgz,85,침구과,0,0,성북서울요양병원,요양병원,성북구
JDQ4MTg4MSM1MSMkMSMkMCMkOTkkNTgxMzUxIzIxIyQxIyQxIyQ5OSQyNjEwMDIjNjEjJDEjJDQjJDgz,1,내과,1,0,성북웰니스요양병원,요양병원,성북구
JDQ4MTg4MSM1MSMkMSMkMCMkOTkkNTgxMzUxIzIxIyQxIyQxIyQ5OSQyNjEwMDIjNjEjJDEjJDQjJDgz,2,신경과,1,0,성북웰니스요양병원,요양병원,성북구
JDQ4MTg4MSM1MSMkMSMkMCMkOTkkNTgxMzUxIzIxIyQxIyQxIyQ5OSQyNjEwMDIjNjEjJDEjJDQjJDgz,4,외과,0,0,성북웰니스요양병원,요양병원,성북구
JDQ4MTg4MSM1MSMkMSMkMCMkOTkkNTgxMzUxIzIxIyQxIyQxIyQ5OSQyNjEwMDIjNjEjJDEjJDQjJDgz,9,마취통증의학과,0,0,성북웰니스요양병원,요양병원,성북구
JDQ4MTg4MSM1MSMkMSMkMCMkOTkkNTgxMzUxIzIxIyQxIyQxIyQ5OSQyNjEwMDIjNjEjJDEjJDQjJDgz,23,가정의학과,0,0,성북웰니스요양병원,요양병원,성북구
JDQ4MTg4MSM1MSMkMSMkMCMkOTkkNTgxMzUxIzIxIyQxIyQxIyQ5OSQyNjEwMDIjNjEjJDEjJDQjJDgz,80,한방내과,0,0,성북웰니스요양병원,요양병원,성북구
JDQ4MTg4MSM1MSMkMSMkMCMkOTkkNTgxMzUxIzIxIyQxIyQxIyQ5OSQyNjEwMDIjNjEjJDEjJDQjJDgz,81,한방부인과,0,0,성북웰니스요양병원,요양병원,성북구
JDQ4MTg4MSM1MSMkMSMkMCMkOTkkNTgxMzUxIzIxIyQxIyQxIyQ5OSQyNjEwMDIjNjEjJDEjJDQjJDgz,82,한방소아과,0,0,성북웰니스요양병원,요양병원,성북구
JDQ4MTg4MSM1MSMkMSMkMCMkOTkkNTgxMzUxIzIxIyQxIyQxIyQ5OSQyNjEwMDIjNjEjJDEjJDQjJDgz,83,한방안·이비인후·피부과,0,0,성북웰니스요양병원,요양병원,성북구
JDQ4MTg4MSM1MSMkMSMkMCMkOTkkNTgxMzUxIzIxIyQxIyQxIyQ5OSQyNjEwMDIjNjEjJDEjJDQjJDgz,84,한방신경정신과,0,0,성북웰니스요양병원,요양병원,성북구
JDQ4MTg4MSM1MSMkMSMkMCMkOTkkNTgxMzUxIzIxIyQxIyQxIyQ5OSQyNjEwMDIjNjEjJDEjJDQjJDgz,85,침구과,0,0,성북웰니스요양병원,요양병원,성북구
JDQ4MTg4MSM1MSMkMSMkMCMkOTkkNTgxMzUxIzIxIyQxIyQxIyQ5OSQyNjEwMDIjNjEjJDEjJDQjJDgz,86,한방재활의학과,0,0,성북웰니스요양병원,요양병원,성북구
JDQ4MTg4MSM1MSMkMSMkMCMkOTkkNTgxMzUxIzIxIyQxIyQxIyQ5OSQyNjEwMDIjNjEjJDEjJDQjJDgz,87,사상체질과,0,0,성북웰니스요양병원,요양병원,성북구
JDQ4MTg4MSM1MSMkMSMkMCMkOTkkNTgxMzUxIzIxIyQxIyQxIyQ5OSQyNjEwMDIjNjEjJDEjJDQjJDgz,88,한방응급,0,0,성북웰니스요양병원,요양병원,성북구
JDQ4MTg4MSM1MSMkMSMkMCMkOTkkNTgxMzUxIzExIyQxIyQ3IyQ5MiQ0NjEwMDIjNDEjJDEjJDgjJDgz,1,내과,0,0,성신고려요양병원,요양병원,금천구
JDQ4MTg4MSM1MSMkMSMkMCMkOTkkNTgxMzUxIzExIyQxIyQ3IyQ5MiQ0NjEwMDIjNDEjJDEjJDgjJDgz,5,정형외과,0,0,성신고려요양병원,요양병원,금천구
JDQ4MTg4MSM1MSMkMSMkMCMkOTkkNTgxMzUxIzExIyQxIyQ3IyQ5MiQ0NjEwMDIjNDEjJDEjJDgjJDgz,6,신경외과,0,0,성신고려요양병원,요양병원,금천구
JDQ4MTg4MSM1MSMkMSMkMCMkOTkkNTgxMzUxIzExIyQxIyQ3IyQ5MiQ0NjEwMDIjNDEjJDEjJDgjJDgz,21,재활의학과,1,0,성신고려요양병원,요양병원,금천구
JDQ4MTg4MSM1MSMkMSMkMCMkOTkkNTgxMzUxIzIxIyQxIyQxIyQwMyQyNjE0ODEjNDEjJDEjJDgjJDgz,1,내과,0,0,송파그랜드요양병원,요양병원,송파구
JDQ4MTg4MSM1MSMkMSMkMCMkOTkkNTgxMzUxIzIxIyQxIyQxIyQwMyQyNjE0ODEjNDEjJDEjJDgjJDgz,2,신경과,1,0,송파그랜드요양병원,요양병원,송파구
JDQ4MTg4MSM1MSMkMSMkMCMkOTkkNTgxMzUxIzIxIyQxIyQxIyQwMyQyNjE0ODEjNDEjJDEjJDgjJDgz,4,외과,1,0,송파그랜드요양병원,요양병원,송파구
JDQ4MTg4MSM1MSMkMSMkMCMkOTkkNTgxMzUxIzIxIyQxIyQxIyQwMyQyNjE0ODEjNDEjJDEjJDgjJDgz,21,재활의학과,1,0,송파그랜드요양병원,요양병원,송파구
JDQ4MTg4MSM1MSMkMSMkMCMkOTkkNTgxMzUxIzIxIyQxIyQxIyQwMyQyNjE0ODEjNDEjJDEjJDgjJDgz,23,가정의학과,2,0,송파그랜드요양병원,요양병원,송파구
JDQ4MTg4MSM1MSMkMSMkMCMkOTkkNTgxMzUxIzIxIyQxIyQxIyQwMyQyNjE0ODEjNDEjJDEjJDgjJDgz,80,한방내과,0,0,송파그랜드요양병원,요양병원,송파구
JDQ4MTg4MSM1MSMkMSMkMCMkOTkkNTgxMzUxIzIxIyQxIyQ1IyQ5OSQzNjEwMDIjNjEjJDEjJDAjJDgz,1,내과,0,0,송파온요양병원,요양병원,송파구
JDQ4MTg4MSM1MSMkMSMkMCMkOTkkNTgxMzUxIzIxIyQxIyQ1IyQ5OSQzNjEwMDIjNjEjJDEjJDAjJDgz,2,신경과,0,0,송파온요양병원,요양병원,송파구
JDQ4MTg4MSM1MSMkMSMkMCMkOTkkNTgxMzUxIzIxIyQxIyQ1IyQ5OSQzNjEwMDIjNjEjJDEjJDAjJDgz,4,외과,0,0,송파온요양병원,요양병원,송파구
JDQ4MTg4MSM1MSMkMSMkMCMkOTkkNTgxMzUxIzIxIyQxIyQ1IyQ5OSQzNjEwMDIjNjEjJDEjJDAjJDgz,5,정형외과,1,0,송파온요양병원,요양병원,송파구
JDQ4MTg4MSM1MSMkMSMkMCMkOTkkNTgxMzUxIzIxIyQxIyQ1IyQ5OSQzNjEwMDIjNjEjJDEjJDAjJDgz,21,재활의학과,0,0,송파온요양병원,요양병원,송파구
JDQ4MTg4MSM1MSMkMSMkMCMkOTkkNTgxMzUxIzIxIyQxIyQ1IyQ5OSQzNjEwMDIjNjEjJDEjJDAjJDgz,23,가정의학과,0,0,송파온요양병원,요양병원,송파구
JDQ4MTg4MSM1MSMkMSMkMCMkOTkkNTgxMzUxIzIxIyQxIyQ1IyQ5OSQzNjEwMDIjNjEjJDEjJDAjJDgz,80,한방내과,0,0,송파온요양병원,요양병원,송파구
JDQ4MTg4MSM1MSMkMSMkMCMkOTkkNTgxMzUxIzIxIyQxIyQ1IyQ5OSQzNjEwMDIjNjEjJDEjJDAjJDgz,81,한방부인과,0,0,송파온요양병원,요양병원,송파구
JDQ4MTg4MSM1MSMkMSMkMCMkOTkkNTgxMzUxIzIxIyQxIyQ1IyQ5OSQzNjEwMDIjNjEjJDEjJDAjJDgz,82,한방소아과,0,0,송파온요양병원,요양병원,송파구
JDQ4MTg4MSM1MSMkMSMkMCMkOTkkNTgxMzUxIzIxIyQxIyQ1IyQ5OSQzNjEwMDIjNjEjJDEjJDAjJDgz,83,한방안·이비인후·피부과,0,0,송파온요양병원,요양병원,송파구
JDQ4MTg4MSM1MSMkMSMkMCMkOTkkNTgxMzUxIzIxIyQxIyQ1IyQ5OSQzNjEwMDIjNjEjJDEjJDAjJDgz,84,한방신경정신과,0,0,송파온요양병원,요양병원,송파구
JDQ4MTg4MSM1MSMkMSMkMCMkOTkkNTgxMzUxIzIxIyQxIyQ1IyQ5OSQzNjEwMDIjNjEjJDEjJDAjJDgz,85,침구과,0,0,송파온요양병원,요양병원,송파구
JDQ4MTg4MSM1MSMkMSMkMCMkOTkkNTgxMzUxIzIxIyQxIyQ1IyQ5OSQzNjEwMDIjNjEjJDEjJDAjJDgz,86,한방재활의학과,0,0,송파온요양병원,요양병원,송파구
JDQ4MTg4MSM1MSMkMSMkMCMkOTkkNTgxMzUxIzIxIyQxIyQ1IyQ5OSQzNjEwMDIjNjEjJDEjJDAjJDgz,87,사상체질과,0,0,송파온요양병원,요양병원,송파구
JDQ4MTg4MSM1MSMkMSMkMCMkOTkkNTgxMzUxIzIxIyQxIyQ1IyQ5OSQzNjEwMDIjNjEjJDEjJDAjJDgz,88,한방응급,0,0,송파온요양병원,요양병원,송파구
JDQ4MTg4MSM1MSMkMSMkMCMkOTkkNTgxMzUxIzExIyQxIyQzIyQ5OSQzNjEyMjIjNTEjJDEjJDYjJDgz,4,외과,1,0,스카이요양병원,요양병원,도봉구
JDQ4MTg4MSM1MSMkMSMkMCMkOTkkNTgxMzUxIzExIyQxIyQzIyQ5OSQzNjEyMjIjNTEjJDEjJDYjJDgz,6,신경외과,0,0,스카이요양병원,요양병원,도봉구
JDQ4MTg4MSM1MSMkMSMkMCMkOTkkNTgxMzUxIzExIyQxIyQzIyQ5OSQzNjEyMjIjNTEjJDEjJDYjJDgz,12,안과,1,0,스카이요양병원,요양병원,도봉구
JDQ4MTg4MSM1MSMkMSMkMCMkOTkkNTgxMzUxIzExIyQxIyQzIyQ5OSQzNjEyMjIjNTEjJDEjJDYjJDgz,16,영상의학과,0,0,스카이요양병원,요양병원,도봉구
JDQ4MTg4MSM1MSMkMSMkMCMkOTkkNTgxMzUxIzExIyQxIyQzIyQ5OSQzNjEyMjIjNTEjJDEjJDYjJDgz,21,재활의학과,0,0,스카이요양병원,요양병원,도봉구
JDQ4MTg4MSM1MSMkMSMkMCMkOTkkNTgxMzUxIzExIyQxIyQzIyQ5OSQzNjEyMjIjNTEjJDEjJDYjJDgz,80,한방내과,0,0,스카이요양병원,요양병원,도봉구
JDQ4MTg4MSM1MSMkMSMkNCMkOTkkNTgxMzUxIzExIyQxIyQzIyQ3OSQyNjE4MzIjODEjJDEjJDIjJDgz,1,내과,1,0,시그니처요양병원,요양병원,송파구
JDQ4MTg4MSM1MSMkMSMkNCMkOTkkNTgxMzUxIzExIyQxIyQzIyQ3OSQyNjE4MzIjODEjJDEjJDIjJDgz,2,신경과,1,0,시그니처요양병원,요양병원,송파구
JDQ4MTg4MSM1MSMkMSMkNCMkOTkkNTgxMzUxIzExIyQxIyQzIyQ3OSQyNjE4MzIjODEjJDEjJDIjJDgz,5,정형외과,0,0,시그니처요양병원,요양병원,송파구
JDQ4MTg4MSM1MSMkMSMkNCMkOTkkNTgxMzUxIzExIyQxIyQzIyQ3OSQyNjE4MzIjODEjJDEjJDIjJDgz,6,신경외과,0,0,시그니처요양병원,요양병원,송파구
JDQ4MTg4MSM1MSMkMSMkNCMkOTkkNTgxMzUxIzExIyQxIyQzIyQ3OSQyNjE4MzIjODEjJDEjJDIjJDgz,21,재활의학과,1,0,시그니처요양병원,요양병원,송파구
JDQ4MTg4MSM1MSMkMSMkNCMkOTkkNTgxMzUxIzExIyQxIyQzIyQ3OSQyNjE4MzIjODEjJDEjJDIjJDgz,23,가정의학과,0,0,시그니처요양병원,요양병원,송파구
JDQ4MTg4MSM1MSMkMSMkNCMkOTkkNTgxMzUxIzExIyQxIyQzIyQ3OSQyNjE4MzIjODEjJDEjJDIjJDgz,80,한방내과,0,0,시그니처요양병원,요양병원,송파구
JDQ4MTg4MSM1MSMkMSMkNCMkOTkkNTgxMzUxIzExIyQxIyQzIyQ3OSQyNjE4MzIjODEjJDEjJDIjJDgz,85,침구과,0,0,시그니처요양병원,요양병원,송파구
JDQ4MTg4MSM1MSMkMSMkNCMkOTkkNTgxMzUxIzExIyQxIyQzIyQ3OSQyNjE4MzIjODEjJDEjJDIjJDgz,86,한방재활의학과,0,0,시그니처요양병원,요양병원,송파구
JDQ4MTg4MSM1MSMkMSMkMCMkOTkkNTgxMzUxIzIxIyQyIyQxIyQwMCQyNjE4MzIjODEjJDEjJDYjJDgz,1,내과,1,0,시온요양병원,요양병원,성동구
JDQ4MTg4MSM1MSMkMSMkMCMkOTkkNTgxMzUxIzIxIyQyIyQxIyQwMCQyNjE4MzIjODEjJDEjJDYjJDgz,2,신경과,0,0,시온요양병원,요양병원,성동구
JDQ4MTg4MSM1MSMkMSMkMCMkOTkkNTgxMzUxIzIxIyQyIyQxIyQwMCQyNjE4MzIjODEjJDEjJDYjJDgz,5,정형외과,0,0,시온요양병원,요양병원,성동구
JDQ4MTg4MSM1MSMkMSMkMCMkOTkkNTgxMzUxIzIxIyQyIyQxIyQwMCQyNjE4MzIjODEjJDEjJDYjJDgz,6,신경외과,0,0,시온요양병원,요양병원,성동구
JDQ4MTg4MSM1MSMkMSMkMCMkOTkkNTgxMzUxIzIxIyQyIyQxIyQwMCQyNjE4MzIjODEjJDEjJDYjJDgz,16,영상의학과,0,0,시온요양병원,요양병원,성동구
JDQ4MTg4MSM1MSMkMSMkMCMkOTkkNTgxMzUxIzIxIyQyIyQxIyQwMCQyNjE4MzIjODEjJDEjJDYjJDgz,21,재활의학과,1,0,시온요양병원,요양병원,성동구
JDQ4MTg4MSM1MSMkMSMkMCMkOTkkNTgxMzUxIzIxIyQyIyQxIyQwMCQyNjE4MzIjODEjJDEjJDYjJDgz,80,한방내과,0,0,시온요양병원,요양병원,성동구
JDQ4MTg4MSM1MSMkMSMkMCMkOTkkNTgxMzUxIzIxIyQyIyQxIyQwMCQyNjE4MzIjODEjJDEjJDYjJDgz,81,한방부인과,0,0,시온요양병원,요양병원,성동구
JDQ4MTg4MSM1MSMkMSMkMCMkOTkkNTgxMzUxIzIxIyQyIyQxIyQwMCQyNjE4MzIjODEjJDEjJDYjJDgz,83,한방안·이비인후·피부과,0,0,시온요양병원,요양병원,성동구
JDQ4MTg4MSM1MSMkMSMkMCMkOTkkNTgxMzUxIzIxIyQyIyQxIyQwMCQyNjE4MzIjODEjJDEjJDYjJDgz,85,침구과,1,0,시온요양병원,요양병원,성동구
JDQ4MTg4MSM1MSMkMSMkMCMkOTkkNTgxMzUxIzIxIyQyIyQxIyQwMCQyNjE4MzIjODEjJDEjJDYjJDgz,86,한방재활의학과,0,0,시온요양병원,요양병원,성동구
JDQ4MTg4MSM1MSMkMSMkMCMkOTkkNTgxMzUxIzIxIyQxIyQ1IyQ4OSQyNjEwMDIjNjEjJDEjJDAjJDgz,1,내과,0,0,신촌힐링요양병원,요양병원,서대문구
JDQ4MTg4MSM1MSMkMSMkMCMkOTkkNTgxMzUxIzIxIyQxIyQ1IyQ4OSQyNjEwMDIjNjEjJDEjJDAjJDgz,2,신경과,0,0,신촌힐링요양병원,요양병원,서대문구
JDQ4MTg4MSM1MSMkMSMkMCMkOTkkNTgxMzUxIzIxIyQxIyQ1IyQ4OSQyNjEwMDIjNjEjJDEjJDAjJDgz,3,정신건강의학과,0,0,신촌힐링요양병원,요양병원,서대문구
JDQ4MTg4MSM1MSMkMSMkMCMkOTkkNTgxMzUxIzIxIyQxIyQ1IyQ4OSQyNjEwMDIjNjEjJDEjJDAjJDgz,4,외과,1,0,신촌힐링요양병원,요양병원,서대문구
JDQ4MTg4MSM1MSMkMSMkMCMkOTkkNTgxMzUxIzIxIyQxIyQ1IyQ4OSQyNjEwMDIjNjEjJDEjJDAjJDgz,5,정형외과,0,0,신촌힐링요양병원,요양병원,서대문구
JDQ4MTg4MSM1MSMkMSMkMCMkOTkkNTgxMzUxIzIxIyQxIyQ1IyQ4OSQyNjEwMDIjNjEjJDEjJDAjJDgz,6,신경외과,0,0,신촌힐링요양병원,요양병원,서대문구
JDQ4MTg4MSM1MSMkMSMkMCMkOTkkNTgxMzUxIzIxIyQxIyQ1IyQ4OSQyNjEwMDIjNjEjJDEjJDAjJDgz,9,마취통증의학과,0,0,신촌힐링요양병원,요양병원,서대문구
JDQ4MTg4MSM1MSMkMSMkMCMkOTkkNTgxMzUxIzIxIyQxIyQ1IyQ4OSQyNjEwMDIjNjEjJDEjJDAjJDgz,11,소아청소년과,0,0,신촌힐링요양병원,요양병원,서대문구
JDQ4MTg4MSM1MSMkMSMkMCMkOTkkNTgxMzUxIzIxIyQxIyQ1IyQ4OSQyNjEwMDIjNjEjJDEjJDAjJDgz,13,이비인후과,0,0,신촌힐링요양병원,요양병원,서대문구
JDQ4MTg4MSM1MSMkMSMkMCMkOTkkNTgxMzUxIzIxIyQxIyQ1IyQ4OSQyNjEwMDIjNjEjJDEjJDAjJDgz,14,피부과,0,0,신촌힐링요양병원,요양병원,서대문구
JDQ4MTg4MSM1MSMkMSMkMCMkOTkkNTgxMzUxIzIxIyQxIyQ1IyQ4OSQyNjEwMDIjNjEjJDEjJDAjJDgz,16,영상의학과,1,0,신촌힐링요양병원,요양병원,서대문구
JDQ4MTg4MSM1MSMkMSMkMCMkOTkkNTgxMzUxIzIxIyQxIyQ1IyQ4OSQyNjEwMDIjNjEjJDEjJDAjJDgz,18,병리과,0,0,신촌힐링요양병원,요양병원,서대문구
JDQ4MTg4MSM1MSMkMSMkMCMkOTkkNTgxMzUxIzIxIyQxIyQ1IyQ4OSQyNjEwMDIjNjEjJDEjJDAjJDgz,19,진단검사의학과,0,0,신촌힐링요양병원,요양병원,서대문구
JDQ4MTg4MSM1MSMkMSMkMCMkOTkkNTgxMzUxIzIxIyQxIyQ1IyQ4OSQyNjEwMDIjNjEjJDEjJDAjJDgz,21,재활의학과,0,0,신촌힐링요양병원,요양병원,서대문구
JDQ4MTg4MSM1MSMkMSMkMCMkOTkkNTgxMzUxIzIxIyQxIyQ1IyQ4OSQyNjEwMDIjNjEjJDEjJDAjJDgz,23,가정의학과,0,0,신촌힐링요양병원,요양병원,서대문구
JDQ4MTg4MSM1MSMkMSMkMCMkOTkkNTgxMzUxIzIxIyQxIyQ1IyQ4OSQyNjEwMDIjNjEjJDEjJDAjJDgz,24,응급의학과,0,0,신촌힐링요양병원,요양병원,서대문구
JDQ4MTg4MSM1MSMkMSMkMCMkOTkkNTgxMzUxIzIxIyQxIyQ1IyQ4OSQyNjEwMDIjNjEjJDEjJDAjJDgz,26,예방의학과,0,0,신촌힐링요양병원,요양병원,서대문구
JDQ4MTg4MSM1MSMkMSMkMCMkOTkkNTgxMzUxIzIxIyQxIyQ1IyQ4OSQyNjEwMDIjNjEjJDEjJDAjJDgz,80,한방내과,0,0,신촌힐링요양병원,요양병원,서대문구
JDQ4MTg4MSM1MSMkMSMkMCMkOTkkNTgxMzUxIzIxIyQxIyQ1IyQ4OSQyNjEwMDIjNjEjJDEjJDAjJDgz,84,한방신경정신과,0,0,신촌힐링요양병원,요양병원,서대문구
JDQ4MTg4MSM1MSMkMSMkMCMkOTkkNTgxMzUxIzIxIyQxIyQ1IyQ4OSQyNjEwMDIjNjEjJDEjJDAjJDgz,86,한방재활의학과,0,0,신촌힐링요양병원,요양병원,서대문구
JDQ4MTg4MSM1MSMkMSMkMCMkOTkkNTgxMzUxIzExIyQyIyQzIyQwMCQ0NjE0ODEjNzEjJDEjJDgjJDgz,1,내과,2,0,신화요양병원,요양병원,영등포구
JDQ4MTg4MSM1MSMkMSMkMCMkOTkkNTgxMzUxIzExIyQyIyQzIyQwMCQ0NjE0ODEjNzEjJDEjJDgjJDgz,4,외과,0,0,신화요양병원,요양병원,영등포구
JDQ4MTg4MSM1MSMkMSMkMCMkOTkkNTgxMzUxIzExIyQyIyQzIyQwMCQ0NjE0ODEjNzEjJDEjJDgjJDgz,5,정형외과,0,0,신화요양병원,요양병원,영등포구
JDQ4MTg4MSM1MSMkMSMkMCMkOTkkNTgxMzUxIzExIyQyIyQzIyQwMCQ0NjE0ODEjNzEjJDEjJDgjJDgz,6,신경외과,1,0,신화요양병원,요양병원,영등포구
JDQ4MTg4MSM1MSMkMSMkMCMkOTkkNTgxMzUxIzExIyQyIyQzIyQwMCQ0NjE0ODEjNzEjJDEjJDgjJDgz,11,소아청소년과,0,0,신화요양병원,요양병원,영등포구
JDQ4MTg4MSM1MSMkMSMkMCMkOTkkNTgxMzUxIzExIyQyIyQzIyQwMCQ0NjE0ODEjNzEjJDEjJDgjJDgz,14,피부과,0,0,신화요양병원,요양병원,영등포구
JDQ4MTg4MSM1MSMkMSMkMCMkOTkkNTgxMzUxIzExIyQyIyQzIyQwMCQ0NjE0ODEjNzEjJDEjJDgjJDgz,21,재활의학과,1,0,신화요양병원,요양병원,영등포구
JDQ4MTg4MSM1MSMkMSMkMCMkOTkkNTgxMzUxIzExIyQyIyQzIyQwMCQ0NjE0ODEjNzEjJDEjJDgjJDgz,85,침구과,0,0,신화요양병원,요양병원,영등포구
JDQ4MTg4MSM1MSMkMSMkMCMkOTkkNTgxMzUxIzIxIyQxIyQxIyQxMyQzNjE4MzIjNjEjJDEjJDQjJDgz,1,내과,0,0,아미나요양병원,요양병원,종로구
JDQ4MTg4MSM1MSMkMSMkMCMkOTkkNTgxMzUxIzIxIyQxIyQxIyQxMyQzNjE4MzIjNjEjJDEjJDQjJDgz,2,신경과,0,0,아미나요양병원,요양병원,종로구
JDQ4MTg4MSM1MSMkMSMkMCMkOTkkNTgxMzUxIzIxIyQxIyQxIyQxMyQzNjE4MzIjNjEjJDEjJDQjJDgz,4,외과,1,0,아미나요양병원,요양병원,종로구
JDQ4MTg4MSM1MSMkMSMkMCMkOTkkNTgxMzUxIzIxIyQxIyQxIyQxMyQzNjE4MzIjNjEjJDEjJDQjJDgz,5,정형외과,0,0,아미나요양병원,요양병원,종로구
JDQ4MTg4MSM1MSMkMSMkMCMkOTkkNTgxMzUxIzIxIyQxIyQxIyQxMyQzNjE4MzIjNjEjJDEjJDQjJDgz,6,신경외과,0,0,아미나요양병원,요양병원,종로구
JDQ4MTg4MSM1MSMkMSMkMCMkOTkkNTgxMzUxIzIxIyQxIyQxIyQxMyQzNjE4MzIjNjEjJDEjJDQjJDgz,7,심장혈관흉부외과,0,0,아미나요양병원,요양병원,종로구
JDQ4MTg4MSM1MSMkMSMkMCMkOTkkNTgxMzUxIzIxIyQxIyQxIyQxMyQzNjE4MzIjNjEjJDEjJDQjJDgz,8,성형외과,0,0,아미나요양병원,요양병원,종로구
JDQ4MTg4MSM1MSMkMSMkMCMkOTkkNTgxMzUxIzIxIyQxIyQxIyQxMyQzNjE4MzIjNjEjJDEjJDQjJDgz,9,마취통증의학과,0,0,아미나요양병원,요양병원,종로구
JDQ4MTg4MSM1MSMkMSMkMCMkOTkkNTgxMzUxIzIxIyQxIyQxIyQxMyQzNjE4MzIjNjEjJDEjJDQjJDgz,10,산부인과,0,0,아미나요양병원,요양병원,종로구
JDQ4MTg4MSM1MSMkMSMkMCMkOTkkNTgxMzUxIzIxIyQxIyQxIyQxMyQzNjE4MzIjNjEjJDEjJDQjJDgz,13,이비인후과,0,0,아미나요양병원,요양병원,종로구
JDQ4MTg4MSM1MSMkMSMkMCMkOTkkNTgxMzUxIzIxIyQxIyQxIyQxMyQzNjE4MzIjNjEjJDEjJDQjJDgz,14,피부과,0,0,아미나요양병원,요양병원,종로구
JDQ4MTg4MSM1MSMkMSMkMCMkOTkkNTgxMzUxIzIxIyQxIyQxIyQxMyQzNjE4MzIjNjEjJDEjJDQjJDgz,15,비뇨의학과,0,0,아미나요양병원,요양병원,종로구
JDQ4MTg4MSM1MSMkMSMkMCMkOTkkNTgxMzUxIzIxIyQxIyQxIyQxMyQzNjE4MzIjNjEjJDEjJDQjJDgz,17,방사선종양학과,0,0,아미나요양병원,요양병원,종로구
JDQ4MTg4MSM1MSMkMSMkMCMkOTkkNTgxMzUxIzIxIyQxIyQxIyQxMyQzNjE4MzIjNjEjJDEjJDQjJDgz,19,진단검사의학과,0,0,아미나요양병원,요양병원,종로구
JDQ4MTg4MSM1MSMkMSMkMCMkOTkkNTgxMzUxIzIxIyQxIyQxIyQxMyQzNjE4MzIjNjEjJDEjJDQjJDgz,21,재활의학과,0,0,아미나요양병원,요양병원,종로구
JDQ4MTg4MSM1MSMkMSMkMCMkOTkkNTgxMzUxIzIxIyQxIyQxIyQxMyQzNjE4MzIjNjEjJDEjJDQjJDgz,22,핵의학과,0,0,아미나요양병원,요양병원,종로구
JDQ4MTg4MSM1MSMkMSMkMCMkOTkkNTgxMzUxIzIxIyQxIyQxIyQxMyQzNjE4MzIjNjEjJDEjJDQjJDgz,23,가정의학과,0,0,아미나요양병원,요양병원,종로구
JDQ4MTg4MSM1MSMkMSMkMCMkOTkkNTgxMzUxIzIxIyQxIyQxIyQxMyQzNjE4MzIjNjEjJDEjJDQjJDgz,24,응급의학과,0,0,아미나요양병원,요양병원,종로구
JDQ4MTg4MSM1MSMkMSMkMCMkOTkkNTgxMzUxIzIxIyQxIyQxIyQxMyQzNjE4MzIjNjEjJDEjJDQjJDgz,80,한방내과,0,0,아미나요양병원,요양병원,종로구
JDQ4MTg4MSM1MSMkMSMkMCMkOTkkNTgxMzUxIzIxIyQxIyQxIyQxMyQzNjE4MzIjNjEjJDEjJDQjJDgz,81,한방부인과,0,0,아미나요양병원,요양병원,종로구
JDQ4MTg4MSM1MSMkMSMkMCMkOTkkNTgxMzUxIzIxIyQxIyQxIyQxMyQzNjE4MzIjNjEjJDEjJDQjJDgz,82,한방소아과,0,0,아미나요양병원,요양병원,종로구
JDQ4MTg4MSM1MSMkMSMkMCMkOTkkNTgxMzUxIzIxIyQxIyQxIyQxMyQzNjE4MzIjNjEjJDEjJDQjJDgz,83,한방안·이비인후·피부과,0,0,아미나요양병원,요양병원,종로구
JDQ4MTg4MSM1MSMkMSMkMCMkOTkkNTgxMzUxIzIxIyQxIyQxIyQxMyQzNjE4MzIjNjEjJDEjJDQjJDgz,85,침구과,0,0,아미나요양병원,요양병원,종로구
JDQ4MTg4MSM1MSMkMSMkMCMkOTkkNTgxMzUxIzIxIyQxIyQxIyQxMyQzNjE4MzIjNjEjJDEjJDQjJDgz,86,한방재활의학과,0,0,아미나요양병원,요양병원,종로구
JDQ4MTg4MSM1MSMkMSMkMCMkOTkkNTgxMzUxIzIxIyQxIyQxIyQxMyQzNjE4MzIjNjEjJDEjJDQjJDgz,87,사상체질과,0,0,아미나요양병원,요양병원,종로구
JDQ4MTg4MSM1MSMkMSMkMCMkOTkkNTgxMzUxIzIxIyQxIyQxIyQ2MiQyNjE4MzIjNjEjJDEjJDgjJDgz,1,내과,1,0,에스엠씨요양병원,요양병원,마포구
JDQ4MTg4MSM1MSMkMSMkMCMkOTkkNTgxMzUxIzIxIyQxIyQxIyQ2MiQyNjE4MzIjNjEjJDEjJDgjJDgz,2,신경과,0,0,에스엠씨요양병원,요양병원,마포구
JDQ4MTg4MSM1MSMkMSMkMCMkOTkkNTgxMzUxIzIxIyQxIyQxIyQ2MiQyNjE4MzIjNjEjJDEjJDgjJDgz,4,외과,0,0,에스엠씨요양병원,요양병원,마포구
JDQ4MTg4MSM1MSMkMSMkMCMkOTkkNTgxMzUxIzIxIyQxIyQxIyQ2MiQyNjE4MzIjNjEjJDEjJDgjJDgz,5,정형외과,1,0,에스엠씨요양병원,요양병원,마포구
JDQ4MTg4MSM1MSMkMSMkMCMkOTkkNTgxMzUxIzIxIyQxIyQxIyQ2MiQyNjE4MzIjNjEjJDEjJDgjJDgz,6,신경외과,0,0,에스엠씨요양병원,요양병원,마포구
JDQ4MTg4MSM1MSMkMSMkMCMkOTkkNTgxMzUxIzIxIyQxIyQxIyQ2MiQyNjE4MzIjNjEjJDEjJDgjJDgz,16,영상의학과,0,0,에스엠씨요양병원,요양병원,마포구
JDQ4MTg4MSM1MSMkMSMkMCMkOTkkNTgxMzUxIzIxIyQxIyQxIyQ2MiQyNjE4MzIjNjEjJDEjJDgjJDgz,18,병리과,0,0,에스엠씨요양병원,요양병원,마포구
JDQ4MTg4MSM1MSMkMSMkMCMkOTkkNTgxMzUxIzIxIyQxIyQxIyQ2MiQyNjE4MzIjNjEjJDEjJDgjJDgz,21,재활의학과,0,0,에스엠씨요양병원,요양병원,마포구
JDQ4MTg4MSM1MSMkMSMkMCMkOTkkNTgxMzUxIzIxIyQxIyQxIyQ2MiQyNjE4MzIjNjEjJDEjJDgjJDgz,23,가정의학과,0,0,에스엠씨요양병원,요양병원,마포구
JDQ4MTg4MSM1MSMkMSMkMCMkOTkkNTgxMzUxIzIxIyQxIyQxIyQ3MiQ0NjEwMDIjNTEjJDEjJDIjJDgz,1,내과,0,0,연세베스트요양병원,요양병원,영등포구
JDQ4MTg4MSM1MSMkMSMkMCMkOTkkNTgxMzUxIzIxIyQxIyQxIyQ3MiQ0NjEwMDIjNTEjJDEjJDIjJDgz,2,신경과,0,0,연세베스트요양병원,요양병원,영등포구
JDQ4MTg4MSM1MSMkMSMkMCMkOTkkNTgxMzUxIzIxIyQxIyQxIyQ3MiQ0NjEwMDIjNTEjJDEjJDIjJDgz,3,정신건강의학과,0,0,연세베스트요양병원,요양병원,영등포구
JDQ4MTg4MSM1MSMkMSMkMCMkOTkkNTgxMzUxIzIxIyQxIyQxIyQ3MiQ0NjEwMDIjNTEjJDEjJDIjJDgz,4,외과,1,0,연세베스트요양병원,요양병원,영등포구
JDQ4MTg4MSM1MSMkMSMkMCMkOTkkNTgxMzUxIzIxIyQxIyQxIyQ3MiQ0NjEwMDIjNTEjJDEjJDIjJDgz,5,정형외과,0,0,연세베스트요양병원,요양병원,영등포구
JDQ4MTg4MSM1MSMkMSMkMCMkOTkkNTgxMzUxIzIxIyQxIyQxIyQ3MiQ0NjEwMDIjNTEjJDEjJDIjJDgz,6,신경외과,0,0,연세베스트요양병원,요양병원,영등포구
JDQ4MTg4MSM1MSMkMSMkMCMkOTkkNTgxMzUxIzIxIyQxIyQxIyQ3MiQ0NjEwMDIjNTEjJDEjJDIjJDgz,13,이비인후과,0,0,연세베스트요양병원,요양병원,영등포구
JDQ4MTg4MSM1MSMkMSMkMCMkOTkkNTgxMzUxIzIxIyQxIyQxIyQ3MiQ0NjEwMDIjNTEjJDEjJDIjJDgz,14,피부과,0,0,연세베스트요양병원,요양병원,영등포구
JDQ4MTg4MSM1MSMkMSMkMCMkOTkkNTgxMzUxIzIxIyQxIyQxIyQ3MiQ0NjEwMDIjNTEjJDEjJDIjJDgz,21,재활의학과,1,0,연세베스트요양병원,요양병원,영등포구
JDQ4MTg4MSM1MSMkMSMkMCMkOTkkNTgxMzUxIzIxIyQxIyQxIyQ3MiQ0NjEwMDIjNTEjJDEjJDIjJDgz,23,가정의학과,2,0,연세베스트요양병원,요양병원,영등포구
JDQ4MTg4MSM1MSMkMSMkMCMkOTkkNTgxMzUxIzIxIyQxIyQxIyQ3MiQ0NjEwMDIjNTEjJDEjJDIjJDgz,85,침구과,1,0,연세베스트요양병원,요양병원,영등포구
JDQ4MTg4MSM1MSMkMSMkMCMkOTkkNTgxMzUxIzIxIyQxIyQxIyQ4MiQzNjE0ODEjODEjJDEjJDYjJDgz,1,내과,1,0,연세에덴요양병원,요양병원,은평구
JDQ4MTg4MSM1MSMkMSMkMCMkOTkkNTgxMzUxIzIxIyQxIyQxIyQ4MiQzNjE0ODEjODEjJDEjJDYjJDgz,2,신경과,1,0,연세에덴요양병원,요양병원,은평구
JDQ4MTg4MSM1MSMkMSMkMCMkOTkkNTgxMzUxIzIxIyQxIyQxIyQ4MiQzNjE0ODEjODEjJDEjJDYjJDgz,4,외과,0,0,연세에덴요양병원,요양병원,은평구
JDQ4MTg4MSM1MSMkMSMkMCMkOTkkNTgxMzUxIzIxIyQxIyQxIyQ4MiQzNjE0ODEjODEjJDEjJDYjJDgz,5,정형외과,0,0,연세에덴요양병원,요양병원,은평구
JDQ4MTg4MSM1MSMkMSMkMCMkOTkkNTgxMzUxIzIxIyQxIyQxIyQ4MiQzNjE0ODEjODEjJDEjJDYjJDgz,6,신경외과,0,0,연세에덴요양병원,요양병원,은평구
JDQ4MTg4MSM1MSMkMSMkMCMkOTkkNTgxMzUxIzIxIyQxIyQxIyQ4MiQzNjE0ODEjODEjJDEjJDYjJDgz,7,심장혈관흉부외과,0,0,연세에덴요양병원,요양병원,은평구
JDQ4MTg4MSM1MSMkMSMkMCMkOTkkNTgxMzUxIzIxIyQxIyQxIyQ4MiQzNjE0ODEjODEjJDEjJDYjJDgz,13,이비인후과,0,0,연세에덴요양병원,요양병원,은평구
JDQ4MTg4MSM1MSMkMSMkMCMkOTkkNTgxMzUxIzIxIyQxIyQxIyQ4MiQzNjE0ODEjODEjJDEjJDYjJDgz,14,피부과,0,0,연세에덴요양병원,요양병원,은평구
JDQ4MTg4MSM1MSMkMSMkMCMkOTkkNTgxMzUxIzIxIyQxIyQxIyQ4MiQzNjE0ODEjODEjJDEjJDYjJDgz,15,비뇨의학과,0,0,연세에덴요양병원,요양병원,은평구
JDQ4MTg4MSM1MSMkMSMkMCMkOTkkNTgxMzUxIzIxIyQxIyQxIyQ4MiQzNjE0ODEjODEjJDEjJDYjJDgz,21,재활의학과,0,0,연세에덴요양병원,요양병원,은평구
JDQ4MTg4MSM1MSMkMSMkMCMkOTkkNTgxMzUxIzIxIyQxIyQxIyQ4MiQzNjE0ODEjODEjJDEjJDYjJDgz,23,가정의학과,0,0,연세에덴요양병원,요양병원,은평구
JDQ4MTg4MSM1MSMkMSMkMCMkOTkkNTgxMzUxIzIxIyQxIyQxIyQ4MiQzNjE0ODEjODEjJDEjJDYjJDgz,80,한방내과,0,0,연세에덴요양병원,요양병원,은평구
JDQ4MTg4MSM1MSMkMSMkMCMkOTkkNTgxMzUxIzIxIyQxIyQxIyQ4MiQzNjE0ODEjODEjJDEjJDYjJDgz,85,침구과,0,0,연세에덴요양병원,요양병원,은평구
JDQ4MTg4MSM1MSMkMSMkMCMkOTkkNTgxMzUxIzIxIyQxIyQxIyQ4MiQzNjE0ODEjODEjJDEjJDYjJDgz,86,한방재활의학과,0,0,연세에덴요양병원,요양병원,은평구
JDQ4MTg4MSM1MSMkMSMkMCMkOTkkNTgxMzUxIzIxIyQxIyQxIyQ5MiQyNjE4MzIjODEjJDEjJDIjJDgz,1,내과,1,0,오케이요양병원,요양병원,구로구
JDQ4MTg4MSM1MSMkMSMkMCMkOTkkNTgxMzUxIzIxIyQxIyQxIyQ5MiQyNjE4MzIjODEjJDEjJDIjJDgz,6,신경외과,0,0,오케이요양병원,요양병원,구로구
JDQ4MTg4MSM1MSMkMSMkMCMkOTkkNTgxMzUxIzIxIyQxIyQxIyQ5MiQyNjE4MzIjODEjJDEjJDIjJDgz,21,재활의학과,2,0,오케이요양병원,요양병원,구로구
JDQ4MTg4MSM1MSMkMSMkMCMkOTkkNTgxMzUxIzIxIyQxIyQxIyQ5MiQyNjE4MzIjODEjJDEjJDIjJDgz,23,가정의학과,0,0,오케이요양병원,요양병원,구로구
JDQ4MTg4MSM1MSMkMSMkMCMkOTkkNTgxMzUxIzIxIyQxIyQxIyQ5MiQyNjE4MzIjODEjJDEjJDIjJDgz,80,한방내과,1,0,오케이요양병원,요양병원,구로구
JDQ4MTg4MSM1MSMkMSMkMCMkOTkkNTgxMzUxIzIxIyQxIyQxIyQ5MiQyNjE4MzIjODEjJDEjJDIjJDgz,85,침구과,0,0,오케이요양병원,요양병원,구로구
JDQ4MTg4MSM1MSMkMSMkMCMkOTkkNTgxMzUxIzIxIyQxIyQxIyQwMyQzNjEwMDIjNDEjJDEjJDgjJDgz,1,내과,0,0,은평요양병원,요양병원,은평구
JDQ4MTg4MSM1MSMkMSMkMCMkOTkkNTgxMzUxIzIxIyQxIyQxIyQwMyQzNjEwMDIjNDEjJDEjJDgjJDgz,2,신경과,0,0,은평요양병원,요양병원,은평구
JDQ4MTg4MSM1MSMkMSMkMCMkOTkkNTgxMzUxIzIxIyQxIyQxIyQwMyQzNjEwMDIjNDEjJDEjJDgjJDgz,4,외과,1,0,은평요양병원,요양병원,은평구
JDQ4MTg4MSM1MSMkMSMkMCMkOTkkNTgxMzUxIzIxIyQxIyQxIyQwMyQzNjEwMDIjNDEjJDEjJDgjJDgz,5,정형외과,0,0,은평요양병원,요양병원,은평구
JDQ4MTg4MSM1MSMkMSMkMCMkOTkkNTgxMzUxIzIxIyQxIyQxIyQwMyQzNjEwMDIjNDEjJDEjJDgjJDgz,6,신경외과,0,0,은평요양병원,요양병원,은평구
JDQ4MTg4MSM1MSMkMSMkMCMkOTkkNTgxMzUxIzIxIyQxIyQxIyQwMyQzNjEwMDIjNDEjJDEjJDgjJDgz,14,피부과,0,0,은평요양병원,요양병원,은평구
JDQ4MTg4MSM1MSMkMSMkMCMkOTkkNTgxMzUxIzIxIyQxIyQxIyQwMyQzNjEwMDIjNDEjJDEjJDgjJDgz,21,재활의학과,0,0,은평요양병원,요양병원,은평구
JDQ4MTg4MSM1MSMkMSMkMCMkOTkkNTgxMzUxIzIxIyQxIyQxIyQwMyQzNjEwMDIjNDEjJDEjJDgjJDgz,23,가정의학과,2,0,은평요양병원,요양병원,은평구
JDQ4MTg4MSM1MSMkMSMkMCMkOTkkNTgxMzUxIzIxIyQxIyQxIyQwMyQzNjEwMDIjNDEjJDEjJDgjJDgz,80,한방내과,0,0,은평요양병원,요양병원,은평구
JDQ4MTg4MSM1MSMkMSMkMCMkOTkkNTgxMzUxIzIxIyQxIyQxIyQwMyQzNjEwMDIjNDEjJDEjJDgjJDgz,84,한방신경정신과,0,0,은평요양병원,요양병원,은평구
JDQ4MTg4MSM1MSMkMSMkMCMkOTkkNTgxMzUxIzIxIyQxIyQxIyQwMyQzNjEwMDIjNDEjJDEjJDgjJDgz,85,침구과,0,0,은평요양병원,요양병원,은평구
JDQ4MTg4MSM1MSMkMSMkMCMkOTkkNTgxMzUxIzIxIyQxIyQxIyQwMyQzNjEwMDIjNDEjJDEjJDgjJDgz,86,한방재활의학과,0,0,은평요양병원,요양병원,은평구
JDQ4MTg4MSM1MSMkMSMkMCMkOTkkNTgxMzUxIzExIyQxIyQ3IyQxMyQ0NjEwMDIjNjEjJDEjJDQjJDgz,1,내과,3,0,의료법인 미소들노인전문병원,요양병원,구로구
JDQ4MTg4MSM1MSMkMSMkMCMkOTkkNTgxMzUxIzExIyQxIyQ3IyQxMyQ0NjEwMDIjNjEjJDEjJDQjJDgz,2,신경과,2,0,의료법인 미소들노인전문병원,요양병원,구로구
JDQ4MTg4MSM1MSMkMSMkMCMkOTkkNTgxMzUxIzExIyQxIyQ3IyQxMyQ0NjEwMDIjNjEjJDEjJDQjJDgz,3,정신건강의학과,0,0,의료법인 미소들노인전문병원,요양병원,구로구
JDQ4MTg4MSM1MSMkMSMkMCMkOTkkNTgxMzUxIzExIyQxIyQ3IyQxMyQ0NjEwMDIjNjEjJDEjJDQjJDgz,4,외과,0,0,의료법인 미소들노인전문병원,요양병원,구로구
JDQ4MTg4MSM1MSMkMSMkMCMkOTkkNTgxMzUxIzExIyQxIyQ3IyQxMyQ0NjEwMDIjNjEjJDEjJDQjJDgz,5,정형외과,0,0,의료법인 미소들노인전문병원,요양병원,구로구
JDQ4MTg4MSM1MSMkMSMkMCMkOTkkNTgxMzUxIzExIyQxIyQ3IyQxMyQ0NjEwMDIjNjEjJDEjJDQjJDgz,6,신경외과,0,0,의료법인 미소들노인전문병원,요양병원,구로구
JDQ4MTg4MSM1MSMkMSMkMCMkOTkkNTgxMzUxIzExIyQxIyQ3IyQxMyQ0NjEwMDIjNjEjJDEjJDQjJDgz,8,성형외과,1,0,의료법인 미소들노인전문병원,요양병원,구로구
JDQ4MTg4MSM1MSMkMSMkMCMkOTkkNTgxMzUxIzExIyQxIyQ3IyQxMyQ0NjEwMDIjNjEjJDEjJDQjJDgz,14,피부과,0,0,의료법인 미소들노인전문병원,요양병원,구로구
JDQ4MTg4MSM1MSMkMSMkMCMkOTkkNTgxMzUxIzExIyQxIyQ3IyQxMyQ0NjEwMDIjNjEjJDEjJDQjJDgz,15,비뇨의학과,0,0,의료법인 미소들노인전문병원,요양병원,구로구
JDQ4MTg4MSM1MSMkMSMkMCMkOTkkNTgxMzUxIzExIyQxIyQ3IyQxMyQ0NjEwMDIjNjEjJDEjJDQjJDgz,16,영상의학과,0,0,의료법인 미소들노인전문병원,요양병원,구로구
JDQ4MTg4MSM1MSMkMSMkMCMkOTkkNTgxMzUxIzExIyQxIyQ3IyQxMyQ0NjEwMDIjNjEjJDEjJDQjJDgz,21,재활의학과,2,0,의료법인 미소들노인전문병원,요양병원,구로구
JDQ4MTg4MSM1MSMkMSMkMCMkOTkkNTgxMzUxIzExIyQxIyQ3IyQxMyQ0NjEwMDIjNjEjJDEjJDQjJDgz,23,가정의학과,1,0,의료법인 미소들노인전문병원,요양병원,구로구
JDQ4MTg4MSM1MSMkMSMkMCMkOTkkNTgxMzUxIzExIyQxIyQ3IyQxMyQ0NjEwMDIjNjEjJDEjJDQjJDgz,80,한방내과,0,0,의료법인 미소들노인전문병원,요양병원,구로구
JDQ4MTg4MSM1MSMkMSMkMCMkOTkkNTgxMzUxIzExIyQxIyQ3IyQxMyQ0NjEwMDIjNjEjJDEjJDQjJDgz,81,한방부인과,0,0,의료법인 미소들노인전문병원,요양병원,구로구
JDQ4MTg4MSM1MSMkMSMkMCMkOTkkNTgxMzUxIzExIyQxIyQ3IyQxMyQ0NjEwMDIjNjEjJDEjJDQjJDgz,82,한방소아과,0,0,의료법인 미소들노인전문병원,요양병원,구로구
JDQ4MTg4MSM1MSMkMSMkMCMkOTkkNTgxMzUxIzExIyQxIyQ3IyQxMyQ0NjEwMDIjNjEjJDEjJDQjJDgz,83,한방안·이비인후·피부과,0,0,의료법인 미소들노인전문병원,요양병원,구로구
JDQ4MTg4MSM1MSMkMSMkMCMkOTkkNTgxMzUxIzExIyQxIyQ3IyQxMyQ0NjEwMDIjNjEjJDEjJDQjJDgz,84,한방신경정신과,0,0,의료법인 미소들노인전문병원,요양병원,구로구
JDQ4MTg4MSM1MSMkMSMkMCMkOTkkNTgxMzUxIzExIyQxIyQ3IyQxMyQ0NjEwMDIjNjEjJDEjJDQjJDgz,85,침구과,0,0,의료법인 미소들노인전문병원,요양병원,구로구
JDQ4MTg4MSM1MSMkMSMkMCMkOTkkNTgxMzUxIzExIyQxIyQ3IyQxMyQ0NjEwMDIjNjEjJDEjJDQjJDgz,86,한방재활의학과,0,0,의료법인 미소들노인전문병원,요양병원,구로구
JDQ4MTg4MSM1MSMkMSMkMCMkOTkkNTgxMzUxIzExIyQxIyQ3IyQxMyQ0NjEwMDIjNjEjJDEjJDQjJDgz,87,사상체질과,0,0,의료법인 미소들노인전문병원,요양병원,구로구
JDQ4MTg4MSM1MSMkMSMkMCMkOTkkNTgxMzUxIzExIyQyIyQ3IyQwMCQyNjEyMjIjNjEjJDEjJDAjJDgz,1,내과,0,0,의료법인 부원의료재단 서초요양병원,요양병원,서초구
JDQ4MTg4MSM1MSMkMSMkMCMkOTkkNTgxMzUxIzExIyQyIyQ3IyQwMCQyNjEyMjIjNjEjJDEjJDAjJDgz,2,신경과,0,0,의료법인 부원의료재단 서초요양병원,요양병원,서초구
JDQ4MTg4MSM1MSMkMSMkMCMkOTkkNTgxMzUxIzExIyQyIyQ3IyQwMCQyNjEyMjIjNjEjJDEjJDAjJDgz,4,외과,1,0,의료법인 부원의료재단 서초요양병원,요양병원,서초구
JDQ4MTg4MSM1MSMkMSMkMCMkOTkkNTgxMzUxIzExIyQyIyQ3IyQwMCQyNjEyMjIjNjEjJDEjJDAjJDgz,5,정형외과,0,0,의료법인 부원의료재단 서초요양병원,요양병원,서초구
JDQ4MTg4MSM1MSMkMSMkMCMkOTkkNTgxMzUxIzExIyQyIyQ3IyQwMCQyNjEyMjIjNjEjJDEjJDAjJDgz,6,신경외과,0,0,의료법인 부원의료재단 서초요양병원,요양병원,서초구
JDQ4MTg4MSM1MSMkMSMkMCMkOTkkNTgxMzUxIzExIyQyIyQ3IyQwMCQyNjEyMjIjNjEjJDEjJDAjJDgz,7,심장혈관흉부외과,0,0,의료법인 부원의료재단 서초요양병원,요양병원,서초구
JDQ4MTg4MSM1MSMkMSMkMCMkOTkkNTgxMzUxIzExIyQyIyQ3IyQwMCQyNjEyMjIjNjEjJDEjJDAjJDgz,10,산부인과,0,0,의료법인 부원의료재단 서초요양병원,요양병원,서초구
JDQ4MTg4MSM1MSMkMSMkMCMkOTkkNTgxMzUxIzExIyQyIyQ3IyQwMCQyNjEyMjIjNjEjJDEjJDAjJDgz,19,진단검사의학과,1,0,의료법인 부원의료재단 서초요양병원,요양병원,서초구
JDQ4MTg4MSM1MSMkMSMkMCMkOTkkNTgxMzUxIzExIyQyIyQ3IyQwMCQyNjEyMjIjNjEjJDEjJDAjJDgz,21,재활의학과,0,0,의료법인 부원의료재단 서초요양병원,요양병원,서초구
JDQ4MTg4MSM1MSMkMSMkMCMkOTkkNTgxMzUxIzExIyQyIyQ3IyQwMCQyNjEyMjIjNjEjJDEjJDAjJDgz,23,가정의학과,0,0,의료법인 부원의료재단 서초요양병원,요양병원,서초구
JDQ4MTg4MSM1MSMkMSMkMCMkOTkkNTgxMzUxIzExIyQyIyQ3IyQwMCQyNjEyMjIjNjEjJDEjJDAjJDgz,80,한방내과,0,0,의료법인 부원의료재단 서초요양병원,요양병원,서초구
JDQ4MTg4MSM1MSMkMSMkMCMkOTkkNTgxMzUxIzExIyQyIyQ3IyQwMCQyNjEyMjIjNjEjJDEjJDAjJDgz,85,침구과,0,0,의료법인 부원의료재단 서초요양병원,요양병원,서초구
JDQ4MTg4MSM1MSMkMSMkMCMkOTkkNTgxMzUxIzExIyQxIyQ3IyQxMyQzNjEyMjIjNDEjJDEjJDgjJDgz,1,내과,0,0,의료법인 어울림의료재단 정성요양병원,요양병원,구로구
JDQ4MTg4MSM1MSMkMSMkMCMkOTkkNTgxMzUxIzExIyQxIyQ3IyQxMyQzNjEyMjIjNDEjJDEjJDgjJDgz,3,정신건강의학과,0,0,의료법인 어울림의료재단 정성요양병원,요양병원,구로구
JDQ4MTg4MSM1MSMkMSMkMCMkOTkkNTgxMzUxIzExIyQxIyQ3IyQxMyQzNjEyMjIjNDEjJDEjJDgjJDgz,4,외과,1,0,의료법인 어울림의료재단 정성요양병원,요양병원,구로구
JDQ4MTg4MSM1MSMkMSMkMCMkOTkkNTgxMzUxIzExIyQxIyQ3IyQxMyQzNjEyMjIjNDEjJDEjJDgjJDgz,5,정형외과,0,0,의료법인 어울림의료재단 정성요양병원,요양병원,구로구
JDQ4MTg4MSM1MSMkMSMkMCMkOTkkNTgxMzUxIzExIyQxIyQ3IyQxMyQzNjEyMjIjNDEjJDEjJDgjJDgz,6,신경외과,1,0,의료법인 어울림의료재단 정성요양병원,요양병원,구로구
JDQ4MTg4MSM1MSMkMSMkMCMkOTkkNTgxMzUxIzExIyQxIyQ3IyQxMyQzNjEyMjIjNDEjJDEjJDgjJDgz,7,심장혈관흉부외과,0,0,의료법인 어울림의료재단 정성요양병원,요양병원,구로구
JDQ4MTg4MSM1MSMkMSMkMCMkOTkkNTgxMzUxIzExIyQxIyQ3IyQxMyQzNjEyMjIjNDEjJDEjJDgjJDgz,9,마취통증의학과,0,0,의료법인 어울림의료재단 정성요양병원,요양병원,구로구
JDQ4MTg4MSM1MSMkMSMkMCMkOTkkNTgxMzUxIzExIyQxIyQ3IyQxMyQzNjEyMjIjNDEjJDEjJDgjJDgz,21,재활의학과,1,0,의료법인 어울림의료재단 정성요양병원,요양병원,구로구
JDQ4MTg4MSM1MSMkMSMkMCMkOTkkNTgxMzUxIzExIyQxIyQ3IyQxMyQzNjEyMjIjNDEjJDEjJDgjJDgz,23,가정의학과,1,0,의료법인 어울림의료재단 정성요양병원,요양병원,구로구
JDQ4MTg4MSM1MSMkMSMkMCMkOTkkNTgxMzUxIzExIyQxIyQ3IyQxMyQzNjEyMjIjNDEjJDEjJDgjJDgz,80,한방내과,0,0,의료법인 어울림의료재단 정성요양병원,요양병원,구로구
JDQ4MTg4MSM1MSMkMSMkMCMkOTkkNTgxMzUxIzExIyQxIyQ3IyQxMyQzNjEyMjIjNDEjJDEjJDgjJDgz,85,침구과,0,0,의료법인 어울림의료재단 정성요양병원,요양병원,구로구
JDQ4MTg4MSM1MSMkMSMkNCMkOTkkNTgxMzUxIzExIyQxIyQzIyQ3OSQyNjE0ODEjNTEjJDEjJDYjJDgz,1,내과,1,0,의료법인 참예원의료재단 서초참요양병원,요양병원,서초구
JDQ4MTg4MSM1MSMkMSMkNCMkOTkkNTgxMzUxIzExIyQxIyQzIyQ3OSQyNjE0ODEjNTEjJDEjJDYjJDgz,2,신경과,1,0,의료법인 참예원의료재단 서초참요양병원,요양병원,서초구
JDQ4MTg4MSM1MSMkMSMkNCMkOTkkNTgxMzUxIzExIyQxIyQzIyQ3OSQyNjE0ODEjNTEjJDEjJDYjJDgz,21,재활의학과,2,0,의료법인 참예원의료재단 서초참요양병원,요양병원,서초구
JDQ4MTg4MSM1MSMkMSMkNCMkOTkkNTgxMzUxIzExIyQxIyQzIyQ3OSQyNjE0ODEjNTEjJDEjJDYjJDgz,23,가정의학과,0,0,의료법인 참예원의료재단 서초참요양병원,요양병원,서초구
JDQ4MTg4MSM1MSMkMSMkNCMkOTkkNTgxMzUxIzExIyQxIyQzIyQ3OSQyNjE0ODEjNTEjJDEjJDYjJDgz,50,구강악안면외과,0,0,의료법인 참예원의료재단 서초참요양병원,요양병원,서초구
JDQ4MTg4MSM1MSMkMSMkNCMkOTkkNTgxMzUxIzExIyQxIyQzIyQ3OSQyNjE0ODEjNTEjJDEjJDYjJDgz,51,치과보철과,0,0,의료법인 참예원의료재단 서초참요양병원,요양병원,서초구
JDQ4MTg4MSM1MSMkMSMkNCMkOTkkNTgxMzUxIzExIyQxIyQzIyQ3OSQyNjE0ODEjNTEjJDEjJDYjJDgz,54,치주과,0,0,의료법인 참예원의료재단 서초참요양병원,요양병원,서초구
JDQ4MTg4MSM1MSMkMSMkNCMkOTkkNTgxMzUxIzExIyQxIyQzIyQ3OSQyNjE0ODEjNTEjJDEjJDYjJDgz,55,치과보존과,0,0,의료법인 참예원의료재단 서초참요양병원,요양병원,서초구
JDQ4MTg4MSM1MSMkMSMkNCMkOTkkNTgxMzUxIzExIyQxIyQzIyQ3OSQyNjE0ODEjNTEjJDEjJDYjJDgz,56,구강내과,0,0,의료법인 참예원의료재단 서초참요양병원,요양병원,서초구
JDQ4MTg4MSM1MSMkMSMkNCMkOTkkNTgxMzUxIzExIyQxIyQzIyQ3OSQyNjE0ODEjNTEjJDEjJDYjJDgz,80,한방내과,1,0,의료법인 참예원의료재단 서초참요양병원,요양병원,서초구
JDQ4MTg4MSM1MSMkMSMkNCMkOTkkNTgxMzUxIzExIyQxIyQzIyQ3OSQyNjE0ODEjNTEjJDEjJDYjJDgz,84,한방신경정신과,0,0,의료법인 참예원의료재단 서초참요양병원,요양병원,서초구
JDQ4MTg4MSM1MSMkMSMkNCMkOTkkNTgxMzUxIzExIyQxIyQzIyQ3OSQyNjE0ODEjNTEjJDEjJDYjJDgz,85,침구과,0,0,의료법인 참예원의료재단 서초참요양병원,요양병원,서초구
JDQ4MTg4MSM1MSMkMSMkNCMkOTkkNTgxMzUxIzExIyQxIyQzIyQ3OSQyNjE0ODEjNTEjJDEjJDYjJDgz,86,한방재활의학과,0,0,의료법인 참예원의료재단 서초참요양병원,요양병원,서초구
JDQ4MTg4MSM1MSMkMSMkNCMkOTkkNTgxMzUxIzExIyQxIyQzIyQ3OSQyNjE0ODEjNTEjJDEjJDYjJDgz,87,사상체질과,0,0,의료법인 참예원의료재단 서초참요양병원,요양병원,서초구
JDQ4MTg4MSM1MSMkMSMkMCMkOTkkNTgxMzUxIzIxIyQxIyQxIyQ2MiQ0NjEwMDIjNjEjJDEjJDQjJDgz,1,내과,0,0,의료법인 행복나눔의료재단 사랑요양병원,요양병원,노원구
JDQ4MTg4MSM1MSMkMSMkMCMkOTkkNTgxMzUxIzIxIyQxIyQxIyQ2MiQ0NjEwMDIjNjEjJDEjJDQjJDgz,2,신경과,0,0,의료법인 행복나눔의료재단 사랑요양병원,요양병원,노원구
JDQ4MTg4MSM1MSMkMSMkMCMkOTkkNTgxMzUxIzIxIyQxIyQxIyQ2MiQ0NjEwMDIjNjEjJDEjJDQjJDgz,3,정신건강의학과,0,0,의료법인 행복나눔의료재단 사랑요양병원,요양병원,노원구
JDQ4MTg4MSM1MSMkMSMkMCMkOTkkNTgxMzUxIzIxIyQxIyQxIyQ2MiQ0NjEwMDIjNjEjJDEjJDQjJDgz,4,외과,2,0,의료법인 행복나눔의료재단 사랑요양병원,요양병원,노원구
JDQ4MTg4MSM1MSMkMSMkMCMkOTkkNTgxMzUxIzIxIyQxIyQxIyQ2MiQ0NjEwMDIjNjEjJDEjJDQjJDgz,5,정형외과,0,0,의료법인 행복나눔의료재단 사랑요양병원,요양병원,노원구
JDQ4MTg4MSM1MSMkMSMkMCMkOTkkNTgxMzUxIzIxIyQxIyQxIyQ2MiQ0NjEwMDIjNjEjJDEjJDQjJDgz,6,신경외과,0,0,의료법인 행복나눔의료재단 사랑요양병원,요양병원,노원구
JDQ4MTg4MSM1MSMkMSMkMCMkOTkkNTgxMzUxIzIxIyQxIyQxIyQ2MiQ0NjEwMDIjNjEjJDEjJDQjJDgz,21,재활의학과,0,0,의료법인 행복나눔의료재단 사랑요양병원,요양병원,노원구
JDQ4MTg4MSM1MSMkMSMkMCMkOTkkNTgxMzUxIzIxIyQxIyQxIyQ2MiQ0NjEwMDIjNjEjJDEjJDQjJDgz,23,가정의학과,0,0,의료법인 행복나눔의료재단 사랑요양병원,요양병원,노원구
JDQ4MTg4MSM1MSMkMSMkMCMkOTkkNTgxMzUxIzIxIyQxIyQxIyQ2MiQ0NjEwMDIjNjEjJDEjJDQjJDgz,80,한방내과,0,0,의료법인 행복나눔의료재단 사랑요양병원,요양병원,노원구
JDQ4MTg4MSM1MSMkMSMkMCMkOTkkNTgxMzUxIzIxIyQxIyQxIyQ2MiQ0NjEwMDIjNjEjJDEjJDQjJDgz,83,한방안·이비인후·피부과,0,0,의료법인 행복나눔의료재단 사랑요양병원,요양병원,노원구
JDQ4MTg4MSM1MSMkMSMkMCMkOTkkNTgxMzUxIzIxIyQxIyQxIyQ2MiQ0NjEwMDIjNjEjJDEjJDQjJDgz,84,한방신경정신과,0,0,의료법인 행복나눔의료재단 사랑요양병원,요양병원,노원구
JDQ4MTg4MSM1MSMkMSMkMCMkOTkkNTgxMzUxIzIxIyQxIyQxIyQ2MiQ0NjEwMDIjNjEjJDEjJDQjJDgz,85,침구과,0,0,의료법인 행복나눔의료재단 사랑요양병원,요양병원,노원구
JDQ4MTg4MSM1MSMkMSMkMCMkOTkkNTgxMzUxIzIxIyQxIyQxIyQ2MiQ0NjEwMDIjNjEjJDEjJDQjJDgz,86,한방재활의학과,0,0,의료법인 행복나눔의료재단 사랑요양병원,요양병원,노원구
JDQ4MTg4MSM1MSMkMSMkMCMkOTkkNTgxMzUxIzIxIyQxIyQxIyQ2MiQ0NjEwMDIjNjEjJDEjJDQjJDgz,87,사상체질과,0,0,의료법인 행복나눔의료재단 사랑요양병원,요양병원,노원구
JDQ4MTg4MSM1MSMkMSMkMCMkOTkkNTgxMzUxIzIxIyQxIyQxIyQ4OSQzNjEwMDIjNDEjJDEjJDgjJDgz,1,내과,0,0,의료법인에이치엠피의료재단녹십초요양병원,요양병원,동작구
JDQ4MTg4MSM1MSMkMSMkMCMkOTkkNTgxMzUxIzIxIyQxIyQxIyQ4OSQzNjEwMDIjNDEjJDEjJDgjJDgz,2,신경과,1,0,의료법인에이치엠피의료재단녹십초요양병원,요양병원,동작구
JDQ4MTg4MSM1MSMkMSMkMCMkOTkkNTgxMzUxIzIxIyQxIyQxIyQ4OSQzNjEwMDIjNDEjJDEjJDgjJDgz,4,외과,0,0,의료법인에이치엠피의료재단녹십초요양병원,요양병원,동작구
JDQ4MTg4MSM1MSMkMSMkMCMkOTkkNTgxMzUxIzIxIyQxIyQxIyQ4OSQzNjEwMDIjNDEjJDEjJDgjJDgz,21,재활의학과,0,0,의료법인에이치엠피의료재단녹십초요양병원,요양병원,동작구
JDQ4MTg4MSM1MSMkMSMkMCMkOTkkNTgxMzUxIzIxIyQxIyQxIyQ4OSQzNjEwMDIjNDEjJDEjJDgjJDgz,23,가정의학과,1,0,의료법인에이치엠피의료재단녹십초요양병원,요양병원,동작구
JDQ4MTg4MSM1MSMkMSMkMCMkOTkkNTgxMzUxIzIxIyQxIyQxIyQ4OSQzNjEwMDIjNDEjJDEjJDgjJDgz,80,한방내과,0,0,의료법인에이치엠피의료재단녹십초요양병원,요양병원,동작구
JDQ4MTg4MSM1MSMkMSMkMCMkOTkkNTgxMzUxIzIxIyQxIyQxIyQ4OSQzNjEwMDIjNDEjJDEjJDgjJDgz,83,한방안·이비인후·피부과,0,0,의료법인에이치엠피의료재단녹십초요양병원,요양병원,동작구
JDQ4MTg4MSM1MSMkMSMkMCMkOTkkNTgxMzUxIzIxIyQxIyQxIyQ4OSQzNjEwMDIjNDEjJDEjJDgjJDgz,85,침구과,0,0,의료법인에이치엠피의료재단녹십초요양병원,요양병원,동작구
JDQ4MTg4MSM1MSMkMSMkMCMkOTkkNTgxMzUxIzIxIyQxIyQxIyQ4OSQzNjEwMDIjNDEjJDEjJDgjJDgz,86,한방재활의학과,0,0,의료법인에이치엠피의료재단녹십초요양병원,요양병원,동작구
JDQ4MTg4MSM1MSMkMSMkMCMkOTkkNTgxMzUxIzExIyQxIyQzIyQ2MiQyNjE0ODEjODEjJDEjJDYjJDgz,1,내과,1,0,의료법인유라의료재단 온누리요양병원,요양병원,성북구
JDQ4MTg4MSM1MSMkMSMkMCMkOTkkNTgxMzUxIzExIyQxIyQzIyQ2MiQyNjE0ODEjODEjJDEjJDYjJDgz,2,신경과,1,0,의료법인유라의료재단 온누리요양병원,요양병원,성북구
JDQ4MTg4MSM1MSMkMSMkMCMkOTkkNTgxMzUxIzExIyQxIyQzIyQ2MiQyNjE0ODEjODEjJDEjJDYjJDgz,21,재활의학과,1,0,의료법인유라의료재단 온누리요양병원,요양병원,성북구
JDQ4MTg4MSM1MSMkMSMkMCMkOTkkNTgxMzUxIzExIyQxIyQzIyQ2MiQyNjE0ODEjODEjJDEjJDYjJDgz,23,가정의학과,0,0,의료법인유라의료재단 온누리요양병원,요양병원,성북구
JDQ4MTg4MSM1MSMkMSMkMCMkOTkkNTgxMzUxIzExIyQxIyQzIyQ2MiQyNjE0ODEjODEjJDEjJDYjJDgz,80,한방내과,0,0,의료법인유라의료재단 온누리요양병원,요양병원,성북구
JDQ4MTg4MSM1MSMkMSMkMCMkOTkkNTgxMzUxIzExIyQxIyQzIyQ2MiQyNjE0ODEjODEjJDEjJDYjJDgz,85,침구과,0,0,의료법인유라의료재단 온누리요양병원,요양병원,성북구
JDQ4MTg4MSM1MSMkMSMkMCMkOTkkNTgxMzUxIzExIyQxIyQ3IyQwMyQzNjE4MzIjNDEjJDEjJDgjJDgz,1,내과,1,0,의료법인참예원의료재단 성북참요양병원,요양병원,성북구
JDQ4MTg4MSM1MSMkMSMkMCMkOTkkNTgxMzUxIzExIyQxIyQ3IyQwMyQzNjE4MzIjNDEjJDEjJDgjJDgz,2,신경과,1,0,의료법인참예원의료재단 성북참요양병원,요양병원,성북구
JDQ4MTg4MSM1MSMkMSMkMCMkOTkkNTgxMzUxIzExIyQxIyQ3IyQwMyQzNjE4MzIjNDEjJDEjJDgjJDgz,3,정신건강의학과,0,0,의료법인참예원의료재단 성북참요양병원,요양병원,성북구
JDQ4MTg4MSM1MSMkMSMkMCMkOTkkNTgxMzUxIzExIyQxIyQ3IyQwMyQzNjE4MzIjNDEjJDEjJDgjJDgz,4,외과,1,0,의료법인참예원의료재단 성북참요양병원,요양병원,성북구
JDQ4MTg4MSM1MSMkMSMkMCMkOTkkNTgxMzUxIzExIyQxIyQ3IyQwMyQzNjE4MzIjNDEjJDEjJDgjJDgz,11,소아청소년과,0,0,의료법인참예원의료재단 성북참요양병원,요양병원,성북구
JDQ4MTg4MSM1MSMkMSMkMCMkOTkkNTgxMzUxIzExIyQxIyQ3IyQwMyQzNjE4MzIjNDEjJDEjJDgjJDgz,21,재활의학과,1,0,의료법인참예원의료재단 성북참요양병원,요양병원,성북구
JDQ4MTg4MSM1MSMkMSMkMCMkOTkkNTgxMzUxIzExIyQxIyQ3IyQwMyQzNjE4MzIjNDEjJDEjJDgjJDgz,23,가정의학과,1,0,의료법인참예원의료재단 성북참요양병원,요양병원,성북구
JDQ4MTg4MSM1MSMkMSMkMCMkOTkkNTgxMzUxIzExIyQxIyQ3IyQwMyQzNjE4MzIjNDEjJDEjJDgjJDgz,80,한방내과,0,0,의료법인참예원의료재단 성북참요양병원,요양병원,성북구
JDQ4MTg4MSM1MSMkMSMkMCMkOTkkNTgxMzUxIzExIyQxIyQ3IyQwMyQzNjE4MzIjNDEjJDEjJDgjJDgz,85,침구과,0,0,의료법인참예원의료재단 성북참요양병원,요양병원,성북구
JDQ4MTg4MSM1MSMkMSMkMCMkOTkkNTgxMzUxIzIxIyQxIyQxIyQxMyQyNjE0ODEjODEjJDEjJDIjJDgz,1,내과,1,0,이우요양병원,요양병원,은평구
JDQ4MTg4MSM1MSMkMSMkMCMkOTkkNTgxMzUxIzIxIyQxIyQxIyQxMyQyNjE0ODEjODEjJDEjJDIjJDgz,4,외과,0,0,이우요양병원,요양병원,은평구
JDQ4MTg4MSM1MSMkMSMkMCMkOTkkNTgxMzUxIzIxIyQxIyQxIyQxMyQyNjE0ODEjODEjJDEjJDIjJDgz,10,산부인과,0,0,이우요양병원,요양병원,은평구
JDQ4MTg4MSM1MSMkMSMkMCMkOTkkNTgxMzUxIzIxIyQxIyQxIyQxMyQyNjE0ODEjODEjJDEjJDIjJDgz,23,가정의학과,1,0,이우요양병원,요양병원,은평구
JDQ4MTg4MSM1MSMkMSMkMCMkOTkkNTgxMzUxIzIxIyQxIyQxIyQxMyQyNjE0ODEjODEjJDEjJDIjJDgz,80,한방내과,0,0,이우요양병원,요양병원,은평구
JDQ4MTg4MSM1MSMkMSMkMCMkOTkkNTgxMzUxIzIxIyQxIyQxIyQ4MiQyNjE4MzIjNDEjJDEjJDgjJDgz,1,내과,2,0,재단법인 제중의료복지재단 제중요양병원,요양병원,구로구
JDQ4MTg4MSM1MSMkMSMkMCMkOTkkNTgxMzUxIzIxIyQxIyQxIyQ4MiQyNjE4MzIjNDEjJDEjJDgjJDgz,2,신경과,1,0,재단법인 제중의료복지재단 제중요양병원,요양병원,구로구
JDQ4MTg4MSM1MSMkMSMkMCMkOTkkNTgxMzUxIzIxIyQxIyQxIyQ4MiQyNjE4MzIjNDEjJDEjJDgjJDgz,4,외과,2,0,재단법인 제중의료복지재단 제중요양병원,요양병원,구로구
JDQ4MTg4MSM1MSMkMSMkMCMkOTkkNTgxMzUxIzIxIyQxIyQxIyQ4MiQyNjE4MzIjNDEjJDEjJDgjJDgz,21,재활의학과,1,0,재단법인 제중의료복지재단 제중요양병원,요양병원,구로구
JDQ4MTg4MSM1MSMkMSMkMCMkOTkkNTgxMzUxIzIxIyQxIyQxIyQ4MiQyNjE4MzIjNDEjJDEjJDgjJDgz,23,가정의학과,1,0,재단법인 제중의료복지재단 제중요양병원,요양병원,구로구
JDQ4MTg4MSM1MSMkMSMkMCMkOTkkNTgxMzUxIzIxIyQxIyQxIyQ4MiQyNjE4MzIjNDEjJDEjJDgjJDgz,80,한방내과,0,0,재단법인 제중의료복지재단 제중요양병원,요양병원,구로구
JDQ4MTg4MSM1MSMkMSMkMCMkOTkkNTgxMzUxIzIxIyQxIyQxIyQ4MiQyNjE4MzIjNDEjJDEjJDgjJDgz,86,한방재활의학과,0,0,재단법인 제중의료복지재단 제중요양병원,요양병원,구로구
JDQ4MTg4MSM1MSMkMSMkMCMkOTkkNTgxMzUxIzIxIyQxIyQ1IyQ4OSQzNjEyMjIjNjEjJDEjJDQjJDgz,1,내과,2,0,참다운요양병원,요양병원,노원구
JDQ4MTg4MSM1MSMkMSMkMCMkOTkkNTgxMzUxIzIxIyQxIyQ1IyQ4OSQzNjEyMjIjNjEjJDEjJDQjJDgz,2,신경과,0,0,참다운요양병원,요양병원,노원구
JDQ4MTg4MSM1MSMkMSMkMCMkOTkkNTgxMzUxIzIxIyQxIyQ1IyQ4OSQzNjEyMjIjNjEjJDEjJDQjJDgz,4,외과,0,0,참다운요양병원,요양병원,노원구
JDQ4MTg4MSM1MSMkMSMkMCMkOTkkNTgxMzUxIzIxIyQxIyQ1IyQ4OSQzNjEyMjIjNjEjJDEjJDQjJDgz,5,정형외과,0,0,참다운요양병원,요양병원,노원구
JDQ4MTg4MSM1MSMkMSMkMCMkOTkkNTgxMzUxIzIxIyQxIyQ1IyQ4OSQzNjEyMjIjNjEjJDEjJDQjJDgz,6,신경외과,0,0,참다운요양병원,요양병원,노원구
JDQ4MTg4MSM1MSMkMSMkMCMkOTkkNTgxMzUxIzIxIyQxIyQ1IyQ4OSQzNjEyMjIjNjEjJDEjJDQjJDgz,7,심장혈관흉부외과,0,0,참다운요양병원,요양병원,노원구
JDQ4MTg4MSM1MSMkMSMkMCMkOTkkNTgxMzUxIzIxIyQxIyQ1IyQ4OSQzNjEyMjIjNjEjJDEjJDQjJDgz,8,성형외과,0,0,참다운요양병원,요양병원,노원구
JDQ4MTg4MSM1MSMkMSMkMCMkOTkkNTgxMzUxIzIxIyQxIyQ1IyQ4OSQzNjEyMjIjNjEjJDEjJDQjJDgz,9,마취통증의학과,0,0,참다운요양병원,요양병원,노원구
JDQ4MTg4MSM1MSMkMSMkMCMkOTkkNTgxMzUxIzIxIyQxIyQ1IyQ4OSQzNjEyMjIjNjEjJDEjJDQjJDgz,10,산부인과,0,0,참다운요양병원,요양병원,노원구
JDQ4MTg4MSM1MSMkMSMkMCMkOTkkNTgxMzUxIzIxIyQxIyQ1IyQ4OSQzNjEyMjIjNjEjJDEjJDQjJDgz,11,소아청소년과,0,0,참다운요양병원,요양병원,노원구
JDQ4MTg4MSM1MSMkMSMkMCMkOTkkNTgxMzUxIzIxIyQxIyQ1IyQ4OSQzNjEyMjIjNjEjJDEjJDQjJDgz,12,안과,0,0,참다운요양병원,요양병원,노원구
JDQ4MTg4MSM1MSMkMSMkMCMkOTkkNTgxMzUxIzIxIyQxIyQ1IyQ4OSQzNjEyMjIjNjEjJDEjJDQjJDgz,13,이비인후과,0,0,참다운요양병원,요양병원,노원구
JDQ4MTg4MSM1MSMkMSMkMCMkOTkkNTgxMzUxIzIxIyQxIyQ1IyQ4OSQzNjEyMjIjNjEjJDEjJDQjJDgz,14,피부과,0,0,참다운요양병원,요양병원,노원구
JDQ4MTg4MSM1MSMkMSMkMCMkOTkkNTgxMzUxIzIxIyQxIyQ1IyQ4OSQzNjEyMjIjNjEjJDEjJDQjJDgz,15,비뇨의학과,0,0,참다운요양병원,요양병원,노원구
JDQ4MTg4MSM1MSMkMSMkMCMkOTkkNTgxMzUxIzIxIyQxIyQ1IyQ4OSQzNjEyMjIjNjEjJDEjJDQjJDgz,16,영상의학과,0,0,참다운요양병원,요양병원,노원구
JDQ4MTg4MSM1MSMkMSMkMCMkOTkkNTgxMzUxIzIxIyQxIyQ1IyQ4OSQzNjEyMjIjNjEjJDEjJDQjJDgz,17,방사선종양학과,0,0,참다운요양병원,요양병원,노원구
JDQ4MTg4MSM1MSMkMSMkMCMkOTkkNTgxMzUxIzIxIyQxIyQ1IyQ4OSQzNjEyMjIjNjEjJDEjJDQjJDgz,18,병리과,0,0,참다운요양병원,요양병원,노원구
JDQ4MTg4MSM1MSMkMSMkMCMkOTkkNTgxMzUxIzIxIyQxIyQ1IyQ4OSQzNjEyMjIjNjEjJDEjJDQjJDgz,19,진단검사의학과,0,0,참다운요양병원,요양병원,노원구
JDQ4MTg4MSM1MSMkMSMkMCMkOTkkNTgxMzUxIzIxIyQxIyQ1IyQ4OSQzNjEyMjIjNjEjJDEjJDQjJDgz,20,결핵과,0,0,참다운요양병원,요양병원,노원구
JDQ4MTg4MSM1MSMkMSMkMCMkOTkkNTgxMzUxIzIxIyQxIyQ1IyQ4OSQzNjEyMjIjNjEjJDEjJDQjJDgz,21,재활의학과,0,0,참다운요양병원,요양병원,노원구
JDQ4MTg4MSM1MSMkMSMkMCMkOTkkNTgxMzUxIzIxIyQxIyQ1IyQ4OSQzNjEyMjIjNjEjJDEjJDQjJDgz,22,핵의학과,0,0,참다운요양병원,요양병원,노원구
JDQ4MTg4MSM1MSMkMSMkMCMkOTkkNTgxMzUxIzIxIyQxIyQ1IyQ4OSQzNjEyMjIjNjEjJDEjJDQjJDgz,23,가정의학과,0,0,참다운요양병원,요양병원,노원구
JDQ4MTg4MSM1MSMkMSMkMCMkOTkkNTgxMzUxIzIxIyQxIyQ1IyQ4OSQzNjEyMjIjNjEjJDEjJDQjJDgz,24,응급의학과,0,0,참다운요양병원,요양병원,노원구
JDQ4MTg4MSM1MSMkMSMkMCMkOTkkNTgxMzUxIzIxIyQxIyQ1IyQ4OSQzNjEyMjIjNjEjJDEjJDQjJDgz,25,직업환경의학과,0,0,참다운요양병원,요양병원,노원구
JDQ4MTg4MSM1MSMkMSMkMCMkOTkkNTgxMzUxIzIxIyQxIyQ1IyQ4OSQzNjEyMjIjNjEjJDEjJDQjJDgz,26,예방의학과,0,0,참다운요양병원,요양병원,노원구
JDQ4MTg4MSM1MSMkMSMkMCMkOTkkNTgxMzUxIzIxIyQxIyQ1IyQ4OSQzNjEyMjIjNjEjJDEjJDQjJDgz,51,치과보철과,0,0,참다운요양병원,요양병원,노원구
JDQ4MTg4MSM1MSMkMSMkMCMkOTkkNTgxMzUxIzIxIyQxIyQ1IyQ4OSQzNjEyMjIjNjEjJDEjJDQjJDgz,54,치주과,0,0,참다운요양병원,요양병원,노원구
JDQ4MTg4MSM1MSMkMSMkMCMkOTkkNTgxMzUxIzIxIyQxIyQ1IyQ4OSQzNjEyMjIjNjEjJDEjJDQjJDgz,55,치과보존과,0,0,참다운요양병원,요양병원,노원구
JDQ4MTg4MSM1MSMkMSMkMCMkOTkkNTgxMzUxIzIxIyQxIyQ1IyQ4OSQzNjEyMjIjNjEjJDEjJDQjJDgz,56,구강내과,0,0,참다운요양병원,요양병원,노원구
JDQ4MTg4MSM1MSMkMSMkMCMkOTkkNTgxMzUxIzIxIyQxIyQ1IyQ4OSQzNjEyMjIjNjEjJDEjJDQjJDgz,80,한방내과,0,0,참다운요양병원,요양병원,노원구
JDQ4MTg4MSM1MSMkMSMkMCMkOTkkNTgxMzUxIzIxIyQxIyQ1IyQ4OSQzNjEyMjIjNjEjJDEjJDQjJDgz,81,한방부인과,0,0,참다운요양병원,요양병원,노원구
JDQ4MTg4MSM1MSMkMSMkMCMkOTkkNTgxMzUxIzIxIyQxIyQ1IyQ4OSQzNjEyMjIjNjEjJDEjJDQjJDgz,85,침구과,0,0,참다운요양병원,요양병원,노원구
JDQ4MTg4MSM1MSMkMSMkMCMkOTkkNTgxMzUxIzIxIyQxIyQ1IyQ4OSQzNjEyMjIjNjEjJDEjJDQjJDgz,86,한방재활의학과,0,0,참다운요양병원,요양병원,노원구
JDQ4MTg4MSM1MSMkMSMkMCMkOTkkNTgxMzUxIzExIyQxIyQzIyQ4OSQyNjE0ODEjNzEjJDEjJDgjJDgz,1,내과,2,0,참요양병원,요양병원,강서구
JDQ4MTg4MSM1MSMkMSMkMCMkOTkkNTgxMzUxIzExIyQxIyQzIyQ4OSQyNjE0ODEjNzEjJDEjJDgjJDgz,21,재활의학과,1,0,참요양병원,요양병원,강서구
JDQ4MTg4MSM1MSMkMSMkMCMkOTkkNTgxMzUxIzExIyQxIyQzIyQ4OSQyNjE0ODEjNzEjJDEjJDgjJDgz,23,가정의학과,1,0,참요양병원,요양병원,강서구
JDQ4MTg4MSM1MSMkMSMkMCMkOTkkNTgxMzUxIzExIyQxIyQzIyQ4OSQyNjE0ODEjNzEjJDEjJDgjJDgz,80,한방내과,0,0,참요양병원,요양병원,강서구
JDQ4MTg4MSM1MSMkMSMkMCMkOTkkNTgxMzUxIzExIyQxIyQzIyQ4OSQyNjE0ODEjNzEjJDEjJDgjJDgz,81,한방부인과,0,0,참요양병원,요양병원,강서구
JDQ4MTg4MSM1MSMkMSMkMCMkOTkkNTgxMzUxIzExIyQxIyQzIyQ4OSQyNjE0ODEjNzEjJDEjJDgjJDgz,82,한방소아과,0,0,참요양병원,요양병원,강서구
JDQ4MTg4MSM1MSMkMSMkMCMkOTkkNTgxMzUxIzExIyQxIyQzIyQ4OSQyNjE0ODEjNzEjJDEjJDgjJDgz,83,한방안·이비인후·피부과,0,0,참요양병원,요양병원,강서구
JDQ4MTg4MSM1MSMkMSMkMCMkOTkkNTgxMzUxIzExIyQxIyQzIyQ4OSQyNjE0ODEjNzEjJDEjJDgjJDgz,84,한방신경정신과,0,0,참요양병원,요양병원,강서구
JDQ4MTg4MSM1MSMkMSMkMCMkOTkkNTgxMzUxIzExIyQxIyQzIyQ4OSQyNjE0ODEjNzEjJDEjJDgjJDgz,85,침구과,0,0,참요양병원,요양병원,강서구
JDQ4MTg4MSM1MSMkMSMkMCMkOTkkNTgxMzUxIzIxIyQxIyQxIyQ4MiQzNjE4MzIjNTEjJDEjJDYjJDgz,1,내과,0,0,청담힐요양병원,요양병원,강남구
JDQ4MTg4MSM1MSMkMSMkMCMkOTkkNTgxMzUxIzIxIyQxIyQxIyQ4MiQzNjE4MzIjNTEjJDEjJDYjJDgz,4,외과,0,0,청담힐요양병원,요양병원,강남구
JDQ4MTg4MSM1MSMkMSMkMCMkOTkkNTgxMzUxIzIxIyQxIyQxIyQ4MiQzNjE4MzIjNTEjJDEjJDYjJDgz,5,정형외과,0,0,청담힐요양병원,요양병원,강남구
JDQ4MTg4MSM1MSMkMSMkMCMkOTkkNTgxMzUxIzIxIyQxIyQxIyQ4MiQzNjE4MzIjNTEjJDEjJDYjJDgz,6,신경외과,0,0,청담힐요양병원,요양병원,강남구
JDQ4MTg4MSM1MSMkMSMkMCMkOTkkNTgxMzUxIzIxIyQxIyQxIyQ4MiQzNjE4MzIjNTEjJDEjJDYjJDgz,8,성형외과,1,0,청담힐요양병원,요양병원,강남구
JDQ4MTg4MSM1MSMkMSMkMCMkOTkkNTgxMzUxIzIxIyQxIyQxIyQ4MiQzNjE4MzIjNTEjJDEjJDYjJDgz,23,가정의학과,1,0,청담힐요양병원,요양병원,강남구
JDQ4MTg4MSM1MSMkMSMkMCMkOTkkNTgxMzUxIzIxIyQxIyQxIyQ4MiQzNjE4MzIjNTEjJDEjJDYjJDgz,80,한방내과,0,0,청담힐요양병원,요양병원,강남구
JDQ4MTg4MSM1MSMkMSMkMCMkOTkkNTgxMzUxIzIxIyQxIyQxIyQ3OSQzNjEwMDIjNTEjJDEjJDYjJDgz,1,내과,0,0,파라솔요양병원,요양병원,금천구
JDQ4MTg4MSM1MSMkMSMkMCMkOTkkNTgxMzUxIzIxIyQxIyQxIyQ3OSQzNjEwMDIjNTEjJDEjJDYjJDgz,2,신경과,1,0,파라솔요양병원,요양병원,금천구
JDQ4MTg4MSM1MSMkMSMkMCMkOTkkNTgxMzUxIzIxIyQxIyQxIyQ3OSQzNjEwMDIjNTEjJDEjJDYjJDgz,4,외과,1,0,파라솔요양병원,요양병원,금천구
JDQ4MTg4MSM1MSMkMSMkMCMkOTkkNTgxMzUxIzIxIyQxIyQxIyQ3OSQzNjEwMDIjNTEjJDEjJDYjJDgz,5,정형외과,0,0,파라솔요양병원,요양병원,금천구
JDQ4MTg4MSM1MSMkMSMkMCMkOTkkNTgxMzUxIzIxIyQxIyQxIyQ3OSQzNjEwMDIjNTEjJDEjJDYjJDgz,6,신경외과,0,0,파라솔요양병원,요양병원,금천구
JDQ4MTg4MSM1MSMkMSMkMCMkOTkkNTgxMzUxIzIxIyQxIyQxIyQ3OSQzNjEwMDIjNTEjJDEjJDYjJDgz,10,산부인과,0,0,파라솔요양병원,요양병원,금천구
JDQ4MTg4MSM1MSMkMSMkMCMkOTkkNTgxMzUxIzIxIyQxIyQxIyQ3OSQzNjEwMDIjNTEjJDEjJDYjJDgz,21,재활의학과,1,0,파라솔요양병원,요양병원,금천구
JDQ4MTg4MSM1MSMkMSMkMCMkOTkkNTgxMzUxIzIxIyQxIyQxIyQ3OSQzNjEwMDIjNTEjJDEjJDYjJDgz,23,가정의학과,0,0,파라솔요양병원,요양병원,금천구
JDQ4MTg4MSM1MSMkMSMkMCMkOTkkNTgxMzUxIzIxIyQxIyQxIyQ3OSQzNjEwMDIjNTEjJDEjJDYjJDgz,85,침구과,0,0,파라솔요양병원,요양병원,금천구
JDQ4MTg4MSM1MSMkMSMkMCMkOTkkNTgxMzUxIzIxIyQxIyQxIyQ3OSQzNjEwMDIjNTEjJDEjJDYjJDgz,87,사상체질과,0,0,파라솔요양병원,요양병원,금천구
JDQ4MTg4MSM1MSMkMSMkMCMkOTkkNTgxMzUxIzIxIyQxIyQ1IyQ3OSQzNjEyMjIjODEjJDEjJDIjJDgz,1,내과,2,0,팔팔요양병원,요양병원,도봉구
JDQ4MTg4MSM1MSMkMSMkMCMkOTkkNTgxMzUxIzIxIyQxIyQ1IyQ3OSQzNjEyMjIjODEjJDEjJDIjJDgz,2,신경과,1,0,팔팔요양병원,요양병원,도봉구
JDQ4MTg4MSM1MSMkMSMkMCMkOTkkNTgxMzUxIzIxIyQxIyQ1IyQ3OSQzNjEyMjIjODEjJDEjJDIjJDgz,4,외과,0,0,팔팔요양병원,요양병원,도봉구
JDQ4MTg4MSM1MSMkMSMkMCMkOTkkNTgxMzUxIzIxIyQxIyQ1IyQ3OSQzNjEyMjIjODEjJDEjJDIjJDgz,5,정형외과,0,0,팔팔요양병원,요양병원,도봉구
JDQ4MTg4MSM1MSMkMSMkMCMkOTkkNTgxMzUxIzIxIyQxIyQ1IyQ3OSQzNjEyMjIjODEjJDEjJDIjJDgz,6,신경외과,0,0,팔팔요양병원,요양병원,도봉구
JDQ4MTg4MSM1MSMkMSMkMCMkOTkkNTgxMzUxIzIxIyQxIyQ1IyQ3OSQzNjEyMjIjODEjJDEjJDIjJDgz,21,재활의학과,1,0,팔팔요양병원,요양병원,도봉구
JDQ4MTg4MSM1MSMkMSMkMCMkOTkkNTgxMzUxIzIxIyQxIyQ1IyQ3OSQzNjEyMjIjODEjJDEjJDIjJDgz,23,가정의학과,0,0,팔팔요양병원,요양병원,도봉구
JDQ4MTg4MSM1MSMkMSMkMCMkOTkkNTgxMzUxIzIxIyQxIyQ1IyQ3OSQzNjEyMjIjODEjJDEjJDIjJDgz,80,한방내과,0,0,팔팔요양병원,요양병원,도봉구
JDQ4MTg4MSM1MSMkMSMkMCMkOTkkNTgxMzUxIzIxIyQxIyQ1IyQ3OSQzNjEyMjIjODEjJDEjJDIjJDgz,85,침구과,1,0,팔팔요양병원,요양병원,도봉구
JDQ4MTg4MSM1MSMkMSMkMCMkOTkkNTgxMzUxIzIxIyQxIyQ1IyQ3OSQzNjEyMjIjODEjJDEjJDIjJDgz,86,한방재활의학과,0,0,팔팔요양병원,요양병원,도봉구
JDQ4MTg4MSM1MSMkMSMkMCMkOTkkNTgxMzUxIzIxIyQxIyQxIyQ3MiQyNjEyMjIjNjEjJDEjJDQjJDgz,1,내과,1,0,퍼스트요양병원,요양병원,도봉구
JDQ4MTg4MSM1MSMkMSMkMCMkOTkkNTgxMzUxIzIxIyQxIyQxIyQ3MiQyNjEyMjIjNjEjJDEjJDQjJDgz,16,영상의학과,0,0,퍼스트요양병원,요양병원,도봉구
JDQ4MTg4MSM1MSMkMSMkMCMkOTkkNTgxMzUxIzIxIyQxIyQxIyQ3MiQyNjEyMjIjNjEjJDEjJDQjJDgz,21,재활의학과,0,0,퍼스트요양병원,요양병원,도봉구
JDQ4MTg4MSM1MSMkMSMkMCMkOTkkNTgxMzUxIzIxIyQxIyQxIyQ3MiQyNjEyMjIjNjEjJDEjJDQjJDgz,23,가정의학과,0,0,퍼스트요양병원,요양병원,도봉구
JDQ4MTg4MSM1MSMkMSMkMCMkOTkkNTgxMzUxIzIxIyQxIyQxIyQ3MiQyNjEyMjIjNjEjJDEjJDQjJDgz,80,한방내과,0,0,퍼스트요양병원,요양병원,도봉구
JDQ4MTg4MSM1MSMkMSMkMCMkOTkkNTgxMzUxIzIxIyQxIyQxIyQwMyQyNjEyMjIjNzEjJDEjJDgjJDgz,1,내과,1,0,편안한요양병원,요양병원,광진구
JDQ4MTg4MSM1MSMkMSMkMCMkOTkkNTgxMzUxIzIxIyQxIyQxIyQwMyQyNjEyMjIjNzEjJDEjJDgjJDgz,2,신경과,0,0,편안한요양병원,요양병원,광진구
JDQ4MTg4MSM1MSMkMSMkMCMkOTkkNTgxMzUxIzIxIyQxIyQxIyQwMyQyNjEyMjIjNzEjJDEjJDgjJDgz,4,외과,1,0,편안한요양병원,요양병원,광진구
JDQ4MTg4MSM1MSMkMSMkMCMkOTkkNTgxMzUxIzIxIyQxIyQxIyQwMyQyNjEyMjIjNzEjJDEjJDgjJDgz,5,정형외과,0,0,편안한요양병원,요양병원,광진구
JDQ4MTg4MSM1MSMkMSMkMCMkOTkkNTgxMzUxIzIxIyQxIyQxIyQwMyQyNjEyMjIjNzEjJDEjJDgjJDgz,6,신경외과,0,0,편안한요양병원,요양병원,광진구
JDQ4MTg4MSM1MSMkMSMkMCMkOTkkNTgxMzUxIzIxIyQxIyQxIyQwMyQyNjEyMjIjNzEjJDEjJDgjJDgz,7,심장혈관흉부외과,0,0,편안한요양병원,요양병원,광진구
JDQ4MTg4MSM1MSMkMSMkMCMkOTkkNTgxMzUxIzIxIyQxIyQxIyQwMyQyNjEyMjIjNzEjJDEjJDgjJDgz,15,비뇨의학과,0,0,편안한요양병원,요양병원,광진구
JDQ4MTg4MSM1MSMkMSMkMCMkOTkkNTgxMzUxIzIxIyQxIyQxIyQwMyQyNjEyMjIjNzEjJDEjJDgjJDgz,21,재활의학과,1,0,편안한요양병원,요양병원,광진구
JDQ4MTg4MSM1MSMkMSMkMCMkOTkkNTgxMzUxIzIxIyQxIyQxIyQwMyQyNjEyMjIjNzEjJDEjJDgjJDgz,23,가정의학과,3,0,편안한요양병원,요양병원,광진구
JDQ4MTg4MSM1MSMkMSMkMCMkOTkkNTgxMzUxIzIxIyQxIyQxIyQwMyQyNjEyMjIjNzEjJDEjJDgjJDgz,80,한방내과,1,0,편안한요양병원,요양병원,광진구
JDQ4MTg4MSM1MSMkMSMkMCMkOTkkNTgxMzUxIzIxIyQxIyQxIyQwMyQyNjEyMjIjNzEjJDEjJDgjJDgz,85,침구과,0,0,편안한요양병원,요양병원,광진구
JDQ4MTg4MSM1MSMkMSMkMCMkOTkkNTgxMzUxIzIxIyQxIyQxIyQwMyQyNjEyMjIjNzEjJDEjJDgjJDgz,86,한방재활의학과,1,0,편안한요양병원,요양병원,광진구
JDQ4MTg4MSM1MSMkMSMkMCMkOTkkNTgxMzUxIzExIyQxIyQ3IyQwMyQyNjE0ODEjNjEjJDEjJDAjJDgz,1,내과,0,0,포근한맘요양병원,요양병원,도봉구
JDQ4MTg4MSM1MSMkMSMkMCMkOTkkNTgxMzUxIzExIyQxIyQ3IyQwMyQyNjE0ODEjNjEjJDEjJDAjJDgz,9,마취통증의학과,1,0,포근한맘요양병원,요양병원,도봉구
JDQ4MTg4MSM1MSMkMSMkMCMkOTkkNTgxMzUxIzExIyQxIyQ3IyQwMyQyNjE0ODEjNjEjJDEjJDAjJDgz,21,재활의학과,0,0,포근한맘요양병원,요양병원,도봉구
JDQ4MTg4MSM1MSMkMSMkMCMkOTkkNTgxMzUxIzExIyQxIyQ3IyQwMyQyNjE0ODEjNjEjJDEjJDAjJDgz,23,가정의학과,1,0,포근한맘요양병원,요양병원,도봉구
JDQ4MTg4MSM1MSMkMSMkMCMkOTkkNTgxMzUxIzExIyQxIyQ3IyQwMyQyNjE0ODEjNjEjJDEjJDAjJDgz,80,한방내과,0,0,포근한맘요양병원,요양병원,도봉구
JDQ4MTg4MSM1MSMkMSMkMCMkOTkkNTgxMzUxIzIxIyQxIyQxIyQ2MiQzNjE4MzIjODEjJDEjJDYjJDgz,1,내과,0,0,포레스트요양병원,요양병원,강남구
JDQ4MTg4MSM1MSMkMSMkMCMkOTkkNTgxMzUxIzIxIyQxIyQxIyQ2MiQzNjE4MzIjODEjJDEjJDYjJDgz,2,신경과,0,0,포레스트요양병원,요양병원,강남구
JDQ4MTg4MSM1MSMkMSMkMCMkOTkkNTgxMzUxIzIxIyQxIyQxIyQ2MiQzNjE4MzIjODEjJDEjJDYjJDgz,4,외과,0,0,포레스트요양병원,요양병원,강남구
JDQ4MTg4MSM1MSMkMSMkMCMkOTkkNTgxMzUxIzIxIyQxIyQxIyQ2MiQzNjE4MzIjODEjJDEjJDYjJDgz,5,정형외과,0,0,포레스트요양병원,요양병원,강남구
JDQ4MTg4MSM1MSMkMSMkMCMkOTkkNTgxMzUxIzIxIyQxIyQxIyQ2MiQzNjE4MzIjODEjJDEjJDYjJDgz,6,신경외과,0,0,포레스트요양병원,요양병원,강남구
JDQ4MTg4MSM1MSMkMSMkMCMkOTkkNTgxMzUxIzIxIyQxIyQxIyQ2MiQzNjE4MzIjODEjJDEjJDYjJDgz,13,이비인후과,0,0,포레스트요양병원,요양병원,강남구
JDQ4MTg4MSM1MSMkMSMkMCMkOTkkNTgxMzUxIzIxIyQxIyQxIyQ2MiQzNjE4MzIjODEjJDEjJDYjJDgz,14,피부과,0,0,포레스트요양병원,요양병원,강남구
JDQ4MTg4MSM1MSMkMSMkMCMkOTkkNTgxMzUxIzIxIyQxIyQxIyQ2MiQzNjE4MzIjODEjJDEjJDYjJDgz,15,비뇨의학과,0,0,포레스트요양병원,요양병원,강남구
JDQ4MTg4MSM1MSMkMSMkMCMkOTkkNTgxMzUxIzIxIyQxIyQxIyQ2MiQzNjE4MzIjODEjJDEjJDYjJDgz,23,가정의학과,0,0,포레스트요양병원,요양병원,강남구
JDQ4MTg4MSM1MSMkMSMkMCMkOTkkNTgxMzUxIzIxIyQxIyQxIyQ2MiQzNjE4MzIjODEjJDEjJDYjJDgz,80,한방내과,0,0,포레스트요양병원,요양병원,강남구
JDQ4MTg4MSM1MSMkMSMkMCMkOTkkNTgxMzUxIzIxIyQxIyQxIyQ2MiQzNjE4MzIjODEjJDEjJDYjJDgz,81,한방부인과,0,0,포레스트요양병원,요양병원,강남구
JDQ4MTg4MSM1MSMkMSMkMCMkOTkkNTgxMzUxIzIxIyQxIyQxIyQ2MiQzNjE4MzIjODEjJDEjJDYjJDgz,82,한방소아과,0,0,포레스트요양병원,요양병원,강남구
JDQ4MTg4MSM1MSMkMSMkMCMkOTkkNTgxMzUxIzIxIyQxIyQxIyQ2MiQzNjE4MzIjODEjJDEjJDYjJDgz,83,한방안·이비인후·피부과,0,0,포레스트요양병원,요양병원,강남구
JDQ4MTg4MSM1MSMkMSMkMCMkOTkkNTgxMzUxIzIxIyQxIyQxIyQ2MiQzNjE4MzIjODEjJDEjJDYjJDgz,85,침구과,0,0,포레스트요양병원,요양병원,강남구
JDQ4MTg4MSM1MSMkMSMkMCMkOTkkNTgxMzUxIzIxIyQxIyQxIyQ2MiQzNjE4MzIjODEjJDEjJDYjJDgz,86,한방재활의학과,0,0,포레스트요양병원,요양병원,강남구
JDQ4MTg4MSM1MSMkMSMkMCMkOTkkNTgxMzUxIzIxIyQxIyQxIyQ2MiQzNjE4MzIjODEjJDEjJDYjJDgz,87,사상체질과,0,0,포레스트요양병원,요양병원,강남구
JDQ4MTg4MSM1MSMkMSMkMCMkOTkkNTgxMzUxIzIxIyQyIyQxIyQwMCQyNjEwMDIjNTEjJDEjJDIjJDgz,3,정신건강의학과,1,0,푸르메재단 넥슨어린이재활병원,요양병원,마포구
JDQ4MTg4MSM1MSMkMSMkMCMkOTkkNTgxMzUxIzIxIyQyIyQxIyQwMCQyNjEwMDIjNTEjJDEjJDIjJDgz,11,소아청소년과,1,0,푸르메재단 넥슨어린이재활병원,요양병원,마포구
JDQ4MTg4MSM1MSMkMSMkMCMkOTkkNTgxMzUxIzIxIyQyIyQxIyQwMCQyNjEwMDIjNTEjJDEjJDIjJDgz,21,재활의학과,4,0,푸르메재단 넥슨어린이재활병원,요양병원,마포구
JDQ4MTg4MSM1MSMkMSMkMCMkOTkkNTgxMzUxIzIxIyQxIyQxIyQ5OSQzNjEwMDIjODEjJDEjJDIjJDgz,1,내과,1,0,플러스요양병원,요양병원,성북구
JDQ4MTg4MSM1MSMkMSMkMCMkOTkkNTgxMzUxIzIxIyQxIyQxIyQ5OSQzNjEwMDIjODEjJDEjJDIjJDgz,2,신경과,0,0,플러스요양병원,요양병원,성북구
JDQ4MTg4MSM1MSMkMSMkMCMkOTkkNTgxMzUxIzIxIyQxIyQxIyQ5OSQzNjEwMDIjODEjJDEjJDIjJDgz,4,외과,1,0,플러스요양병원,요양병원,성북구
JDQ4MTg4MSM1MSMkMSMkMCMkOTkkNTgxMzUxIzIxIyQxIyQxIyQ5OSQzNjEwMDIjODEjJDEjJDIjJDgz,5,정형외과,0,0,플러스요양병원,요양병원,성북구
JDQ4MTg4MSM1MSMkMSMkMCMkOTkkNTgxMzUxIzIxIyQxIyQxIyQ5OSQzNjEwMDIjODEjJDEjJDIjJDgz,6,신경외과,0,0,플러스요양병원,요양병원,성북구
JDQ4MTg4MSM1MSMkMSMkMCMkOTkkNTgxMzUxIzIxIyQxIyQxIyQ5OSQzNjEwMDIjODEjJDEjJDIjJDgz,7,심장혈관흉부외과,0,0,플러스요양병원,요양병원,성북구
JDQ4MTg4MSM1MSMkMSMkMCMkOTkkNTgxMzUxIzIxIyQxIyQxIyQ5OSQzNjEwMDIjODEjJDEjJDIjJDgz,9,마취통증의학과,0,0,플러스요양병원,요양병원,성북구
JDQ4MTg4MSM1MSMkMSMkMCMkOTkkNTgxMzUxIzIxIyQxIyQxIyQ5OSQzNjEwMDIjODEjJDEjJDIjJDgz,10,산부인과,0,0,플러스요양병원,요양병원,성북구
JDQ4MTg4MSM1MSMkMSMkMCMkOTkkNTgxMzUxIzIxIyQxIyQxIyQ5OSQzNjEwMDIjODEjJDEjJDIjJDgz,11,소아청소년과,0,0,플러스요양병원,요양병원,성북구
JDQ4MTg4MSM1MSMkMSMkMCMkOTkkNTgxMzUxIzIxIyQxIyQxIyQ5OSQzNjEwMDIjODEjJDEjJDIjJDgz,14,피부과,0,0,플러스요양병원,요양병원,성북구
JDQ4MTg4MSM1MSMkMSMkMCMkOTkkNTgxMzUxIzIxIyQxIyQxIyQ5OSQzNjEwMDIjODEjJDEjJDIjJDgz,15,비뇨의학과,0,0,플러스요양병원,요양병원,성북구
JDQ4MTg4MSM1MSMkMSMkMCMkOTkkNTgxMzUxIzIxIyQxIyQxIyQ5OSQzNjEwMDIjODEjJDEjJDIjJDgz,21,재활의학과,0,0,플러스요양병원,요양병원,성북구
JDQ4MTg4MSM1MSMkMSMkMCMkOTkkNTgxMzUxIzIxIyQxIyQxIyQ5OSQzNjEwMDIjODEjJDEjJDIjJDgz,23,가정의학과,1,0,플러스요양병원,요양병원,성북구
JDQ4MTg4MSM1MSMkMSMkMCMkOTkkNTgxMzUxIzIxIyQxIyQxIyQ5OSQzNjEwMDIjODEjJDEjJDIjJDgz,80,한방내과,0,0,플러스요양병원,요양병원,성북구
JDQ4MTg4MSM1MSMkMSMkMCMkOTkkNTgxMzUxIzIxIyQxIyQxIyQ5OSQzNjEwMDIjODEjJDEjJDIjJDgz,81,한방부인과,0,0,플러스요양병원,요양병원,성북구
JDQ4MTg4MSM1MSMkMSMkMCMkOTkkNTgxMzUxIzIxIyQxIyQxIyQ5OSQzNjEwMDIjODEjJDEjJDIjJDgz,83,한방안·이비인후·피부과,0,0,플러스요양병원,요양병원,성북구
JDQ4MTg4MSM1MSMkMSMkMCMkOTkkNTgxMzUxIzIxIyQxIyQxIyQ5OSQzNjEwMDIjODEjJDEjJDIjJDgz,84,한방신경정신과,0,0,플러스요양병원,요양병원,성북구
JDQ4MTg4MSM1MSMkMSMkMCMkOTkkNTgxMzUxIzIxIyQxIyQxIyQ5OSQzNjEwMDIjODEjJDEjJDIjJDgz,85,침구과,0,0,플러스요양병원,요양병원,성북구
JDQ4MTg4MSM1MSMkMSMkMCMkOTkkNTgxMzUxIzIxIyQxIyQxIyQ5OSQzNjEwMDIjODEjJDEjJDIjJDgz,86,한방재활의학과,0,0,플러스요양병원,요양병원,성북구
JDQ4MTg4MSM1MSMkMSMkMCMkOTkkNTgxMzUxIzIxIyQxIyQxIyQ5MiQ0NjEwMDIjNzEjJDEjJDgjJDgz,1,내과,0,0,하나효요양병원,요양병원,은평구
JDQ4MTg4MSM1MSMkMSMkMCMkOTkkNTgxMzUxIzIxIyQxIyQxIyQ5MiQ0NjEwMDIjNzEjJDEjJDgjJDgz,2,신경과,0,0,하나효요양병원,요양병원,은평구
JDQ4MTg4MSM1MSMkMSMkMCMkOTkkNTgxMzUxIzIxIyQxIyQxIyQ5MiQ0NjEwMDIjNzEjJDEjJDgjJDgz,3,정신건강의학과,1,0,하나효요양병원,요양병원,은평구
JDQ4MTg4MSM1MSMkMSMkMCMkOTkkNTgxMzUxIzIxIyQxIyQxIyQ5MiQ0NjEwMDIjNzEjJDEjJDgjJDgz,4,외과,0,0,하나효요양병원,요양병원,은평구
JDQ4MTg4MSM1MSMkMSMkMCMkOTkkNTgxMzUxIzIxIyQxIyQxIyQ5MiQ0NjEwMDIjNzEjJDEjJDgjJDgz,5,정형외과,0,0,하나효요양병원,요양병원,은평구
JDQ4MTg4MSM1MSMkMSMkMCMkOTkkNTgxMzUxIzIxIyQxIyQxIyQ5MiQ0NjEwMDIjNzEjJDEjJDgjJDgz,6,신경외과,0,0,하나효요양병원,요양병원,은평구
JDQ4MTg4MSM1MSMkMSMkMCMkOTkkNTgxMzUxIzIxIyQxIyQxIyQ5MiQ0NjEwMDIjNzEjJDEjJDgjJDgz,21,재활의학과,1,0,하나효요양병원,요양병원,은평구
JDQ4MTg4MSM1MSMkMSMkMCMkOTkkNTgxMzUxIzIxIyQxIyQxIyQ5MiQ0NjEwMDIjNzEjJDEjJDgjJDgz,23,가정의학과,1,0,하나효요양병원,요양병원,은평구
JDQ4MTg4MSM1MSMkMSMkMCMkOTkkNTgxMzUxIzIxIyQxIyQxIyQ5MiQ0NjEwMDIjNzEjJDEjJDgjJDgz,80,한방내과,0,0,하나효요양병원,요양병원,은평구
JDQ4MTg4MSM1MSMkMSMkMCMkOTkkNTgxMzUxIzIxIyQxIyQxIyQ5MiQ0NjEwMDIjNzEjJDEjJDgjJDgz,85,침구과,0,0,하나효요양병원,요양병원,은평구
JDQ4MTg4MSM1MSMkMSMkMCMkOTkkNTgxMzUxIzIxIyQxIyQ1IyQ4OSQyNjEyMjIjNTEjJDEjJDIjJDgz,1,내과,2,0,한걸음요양병원,요양병원,중랑구
JDQ4MTg4MSM1MSMkMSMkMCMkOTkkNTgxMzUxIzIxIyQxIyQ1IyQ4OSQyNjEyMjIjNTEjJDEjJDIjJDgz,5,정형외과,1,0,한걸음요양병원,요양병원,중랑구
JDQ4MTg4MSM1MSMkMSMkMCMkOTkkNTgxMzUxIzIxIyQxIyQ1IyQ4OSQyNjEyMjIjNTEjJDEjJDIjJDgz,21,재활의학과,1,0,한걸음요양병원,요양병원,중랑구
JDQ4MTg4MSM1MSMkMSMkMCMkOTkkNTgxMzUxIzIxIyQxIyQ1IyQ4OSQyNjEyMjIjNTEjJDEjJDIjJDgz,80,한방내과,0,0,한걸음요양병원,요양병원,중랑구
JDQ4MTg4MSM1MSMkMSMkMCMkOTkkNTgxMzUxIzIxIyQxIyQ1IyQ4OSQyNjEyMjIjNTEjJDEjJDIjJDgz,85,침구과,0,0,한걸음요양병원,요양병원,중랑구
JDQ4MTg4MSM1MSMkMSMkMCMkOTkkNTgxMzUxIzIxIyQxIyQ1IyQ4OSQyNjEyMjIjNTEjJDEjJDIjJDgz,86,한방재활의학과,0,0,한걸음요양병원,요양병원,중랑구
JDQ4MTg4MSM1MSMkMSMkMCMkOTkkNTgxMzUxIzIxIyQxIyQxIyQ3OSQyNjEwMDIjNDEjJDEjJDgjJDgz,1,내과,2,0,한국보훈복지의료공단 서울요양병원,요양병원,강동구
JDQ4MTg4MSM1MSMkMSMkMCMkOTkkNTgxMzUxIzIxIyQxIyQxIyQ3OSQyNjEwMDIjNDEjJDEjJDgjJDgz,2,신경과,0,0,한국보훈복지의료공단 서울요양병원,요양병원,강동구
JDQ4MTg4MSM1MSMkMSMkMCMkOTkkNTgxMzUxIzIxIyQxIyQxIyQ3OSQyNjEwMDIjNDEjJDEjJDgjJDgz,4,외과,2,0,한국보훈복지의료공단 서울요양병원,요양병원,강동구
JDQ4MTg4MSM1MSMkMSMkMCMkOTkkNTgxMzUxIzIxIyQxIyQxIyQ3OSQyNjEwMDIjNDEjJDEjJDgjJDgz,13,이비인후과,1,0,한국보훈복지의료공단 서울요양병원,요양병원,강동구
JDQ4MTg4MSM1MSMkMSMkMCMkOTkkNTgxMzUxIzIxIyQxIyQxIyQ3OSQyNjEwMDIjNDEjJDEjJDgjJDgz,23,가정의학과,3,0,한국보훈복지의료공단 서울요양병원,요양병원,강동구
JDQ4MTg4MSM1MSMkMSMkMCMkOTkkNTgxMzUxIzIxIyQxIyQxIyQ3OSQyNjEwMDIjNDEjJDEjJDgjJDgz,24,응급의학과,1,0,한국보훈복지의료공단 서울요양병원,요양병원,강동구
JDQ4MTg4MSM1MSMkMSMkMCMkOTkkNTgxMzUxIzIxIyQxIyQxIyQ3OSQzNjE0ODEjNjEjJDEjJDQjJDgz,1,내과,1,0,한국효요양병원,요양병원,은평구
JDQ4MTg4MSM1MSMkMSMkMCMkOTkkNTgxMzUxIzIxIyQxIyQxIyQ3OSQzNjE0ODEjNjEjJDEjJDQjJDgz,2,신경과,0,0,한국효요양병원,요양병원,은평구
JDQ4MTg4MSM1MSMkMSMkMCMkOTkkNTgxMzUxIzIxIyQxIyQxIyQ3OSQzNjE0ODEjNjEjJDEjJDQjJDgz,3,정신건강의학과,0,0,한국효요양병원,요양병원,은평구
JDQ4MTg4MSM1MSMkMSMkMCMkOTkkNTgxMzUxIzIxIyQxIyQxIyQ3OSQzNjE0ODEjNjEjJDEjJDQjJDgz,4,외과,0,0,한국효요양병원,요양병원,은평구
JDQ4MTg4MSM1MSMkMSMkMCMkOTkkNTgxMzUxIzIxIyQxIyQxIyQ3OSQzNjE0ODEjNjEjJDEjJDQjJDgz,5,정형외과,0,0,한국효요양병원,요양병원,은평구
JDQ4MTg4MSM1MSMkMSMkMCMkOTkkNTgxMzUxIzIxIyQxIyQxIyQ3OSQzNjE0ODEjNjEjJDEjJDQjJDgz,6,신경외과,0,0,한국효요양병원,요양병원,은평구
JDQ4MTg4MSM1MSMkMSMkMCMkOTkkNTgxMzUxIzIxIyQxIyQxIyQ3OSQzNjE0ODEjNjEjJDEjJDQjJDgz,9,마취통증의학과,0,0,한국효요양병원,요양병원,은평구
JDQ4MTg4MSM1MSMkMSMkMCMkOTkkNTgxMzUxIzIxIyQxIyQxIyQ3OSQzNjE0ODEjNjEjJDEjJDQjJDgz,13,이비인후과,0,0,한국효요양병원,요양병원,은평구
JDQ4MTg4MSM1MSMkMSMkMCMkOTkkNTgxMzUxIzIxIyQxIyQxIyQ3OSQzNjE0ODEjNjEjJDEjJDQjJDgz,14,피부과,0,0,한국효요양병원,요양병원,은평구
JDQ4MTg4MSM1MSMkMSMkMCMkOTkkNTgxMzUxIzIxIyQxIyQxIyQ3OSQzNjE0ODEjNjEjJDEjJDQjJDgz,15,비뇨의학과,0,0,한국효요양병원,요양병원,은평구
JDQ4MTg4MSM1MSMkMSMkMCMkOTkkNTgxMzUxIzIxIyQxIyQxIyQ3OSQzNjE0ODEjNjEjJDEjJDQjJDgz,21,재활의학과,1,0,한국효요양병원,요양병원,은평구
JDQ4MTg4MSM1MSMkMSMkMCMkOTkkNTgxMzUxIzIxIyQxIyQxIyQ3OSQzNjE0ODEjNjEjJDEjJDQjJDgz,23,가정의학과,2,0,한국효요양병원,요양병원,은평구
JDQ4MTg4MSM1MSMkMSMkMCMkOTkkNTgxMzUxIzIxIyQxIyQxIyQ3OSQzNjE0ODEjNjEjJDEjJDQjJDgz,85,침구과,0,0,한국효요양병원,요양병원,은평구
JDQ4MTg4MSM1MSMkMSMkMCMkOTkkNTgxMzUxIzIxIyQxIyQxIyQ3OSQzNjE0ODEjNjEjJDEjJDQjJDgz,86,한방재활의학과,0,0,한국효요양병원,요양병원,은평구
JDQ4MTg4MSM1MSMkMSMkMCMkOTkkNTgxMzUxIzIxIyQxIyQxIyQ3OSQzNjE0ODEjNjEjJDEjJDQjJDgz,87,사상체질과,0,0,한국효요양병원,요양병원,은평구
JDQ4MTg4MSM1MSMkMSMkMCMkOTkkNTgxMzUxIzExIyQxIyQzIyQxMyQzNjEwMDIjNjEjJDEjJDgjJDgz,1,내과,1,0,햇살요양병원,요양병원,동대문구
JDQ4MTg4MSM1MSMkMSMkMCMkOTkkNTgxMzUxIzExIyQxIyQzIyQxMyQzNjEwMDIjNjEjJDEjJDgjJDgz,2,신경과,1,0,햇살요양병원,요양병원,동대문구
JDQ4MTg4MSM1MSMkMSMkMCMkOTkkNTgxMzUxIzExIyQxIyQzIyQxMyQzNjEwMDIjNjEjJDEjJDgjJDgz,4,외과,1,0,햇살요양병원,요양병원,동대문구
JDQ4MTg4MSM1MSMkMSMkMCMkOTkkNTgxMzUxIzExIyQxIyQzIyQxMyQzNjEwMDIjNjEjJDEjJDgjJDgz,5,정형외과,0,0,햇살요양병원,요양병원,동대문구
JDQ4MTg4MSM1MSMkMSMkMCMkOTkkNTgxMzUxIzExIyQxIyQzIyQxMyQzNjEwMDIjNjEjJDEjJDgjJDgz,6,신경외과,0,0,햇살요양병원,요양병원,동대문구
JDQ4MTg4MSM1MSMkMSMkMCMkOTkkNTgxMzUxIzExIyQxIyQzIyQxMyQzNjEwMDIjNjEjJDEjJDgjJDgz,21,재활의학과,1,0,햇살요양병원,요양병원,동대문구
JDQ4MTg4MSM1MSMkMSMkMCMkOTkkNTgxMzUxIzExIyQxIyQzIyQxMyQzNjEwMDIjNjEjJDEjJDgjJDgz,23,가정의학과,0,0,햇살요양병원,요양병원,동대문구
JDQ4MTg4MSM1MSMkMSMkMCMkOTkkNTgxMzUxIzExIyQxIyQzIyQxMyQzNjEwMDIjNjEjJDEjJDgjJDgz,85,침구과,0,0,햇살요양병원,요양병원,동대문구
JDQ4MTg4MSM1MSMkMSMkMCMkOTkkNTgxMzUxIzExIyQxIyQzIyQxMyQzNjEwMDIjNjEjJDEjJDgjJDgz,86,한방재활의학과,1,0,햇살요양병원,요양병원,동대문구
JDQ4MTg4MSM1MSMkMSMkMCMkOTkkNTgxMzUxIzIxIyQxIyQxIyQ5MiQyNjEwMDIjNDEjJDEjJDgjJDgz,1,내과,1,0,효담요양병원,요양병원,서대문구
JDQ4MTg4MSM1MSMkMSMkMCMkOTkkNTgxMzUxIzIxIyQxIyQxIyQ5MiQyNjEwMDIjNDEjJDEjJDgjJDgz,23,가정의학과,0,0,효담요양병원,요양병원,서대문구
JDQ4MTg4MSM1MSMkMSMkMCMkOTkkNTgxMzUxIzIxIyQxIyQxIyQ5MiQyNjEwMDIjNDEjJDEjJDgjJDgz,80,한방내과,0,0,효담요양병원,요양병원,서대문구
JDQ4MTg4MSM1MSMkMSMkMCMkOTkkNTgxMzUxIzIxIyQxIyQxIyQ5MiQyNjEwMDIjNDEjJDEjJDgjJDgz,81,한방부인과,0,0,효담요양병원,요양병원,서대문구
JDQ4MTg4MSM1MSMkMSMkMCMkOTkkNTgxMzUxIzIxIyQxIyQxIyQ5MiQyNjEwMDIjNDEjJDEjJDgjJDgz,82,한방소아과,0,0,효담요양병원,요양병원,서대문구
JDQ4MTg4MSM1MSMkMSMkMCMkOTkkNTgxMzUxIzIxIyQxIyQxIyQ5MiQyNjEwMDIjNDEjJDEjJDgjJDgz,83,한방안·이비인후·피부과,0,0,효담요양병원,요양병원,서대문구
JDQ4MTg4MSM1MSMkMSMkMCMkOTkkNTgxMzUxIzIxIyQxIyQxIyQ5MiQyNjEwMDIjNDEjJDEjJDgjJDgz,84,한방신경정신과,0,0,효담요양병원,요양병원,서대문구
JDQ4MTg4MSM1MSMkMSMkMCMkOTkkNTgxMzUxIzIxIyQxIyQxIyQ5MiQyNjEwMDIjNDEjJDEjJDgjJDgz,85,침구과,0,0,효담요양병원,요양병원,서대문구
JDQ4MTg4MSM1MSMkMSMkMCMkOTkkNTgxMzUxIzIxIyQxIyQxIyQ5MiQyNjEwMDIjNDEjJDEjJDgjJDgz,86,한방재활의학과,0,0,효담요양병원,요양병원,서대문구
JDQ4MTg4MSM1MSMkMSMkMCMkOTkkNTgxMzUxIzIxIyQxIyQxIyQ5MiQyNjEwMDIjNDEjJDEjJDgjJDgz,87,사상체질과,0,0,효담요양병원,요양병원,서대문구
JDQ4MTg4MSM1MSMkMSMkMCMkOTkkNTgxMzUxIzIxIyQxIyQxIyQxMyQ0NjE0ODEjNTEjJDEjJDYjJDgz,1,내과,2,0,효림요양병원,요양병원,동대문구
JDQ4MTg4MSM1MSMkMSMkMCMkOTkkNTgxMzUxIzIxIyQxIyQxIyQxMyQ0NjE0ODEjNTEjJDEjJDYjJDgz,2,신경과,0,0,효림요양병원,요양병원,동대문구
JDQ4MTg4MSM1MSMkMSMkMCMkOTkkNTgxMzUxIzIxIyQxIyQxIyQxMyQ0NjE0ODEjNTEjJDEjJDYjJDgz,5,정형외과,0,0,효림요양병원,요양병원,동대문구
JDQ4MTg4MSM1MSMkMSMkMCMkOTkkNTgxMzUxIzIxIyQxIyQxIyQxMyQ0NjE0ODEjNTEjJDEjJDYjJDgz,16,영상의학과,1,0,효림요양병원,요양병원,동대문구
JDQ4MTg4MSM1MSMkMSMkMCMkOTkkNTgxMzUxIzIxIyQxIyQxIyQxMyQ0NjE0ODEjNTEjJDEjJDYjJDgz,21,재활의학과,0,0,효림요양병원,요양병원,동대문구
JDQ4MTg4MSM1MSMkMSMkMCMkOTkkNTgxMzUxIzIxIyQxIyQxIyQxMyQ0NjE0ODEjNTEjJDEjJDYjJDgz,23,가정의학과,2,0,효림요양병원,요양병원,동대문구
JDQ4MTg4MSM1MSMkMSMkMCMkOTkkNTgxMzUxIzIxIyQxIyQxIyQxMyQ0NjE0ODEjNTEjJDEjJDYjJDgz,80,한방내과,0,0,효림요양병원,요양병원,동대문구
JDQ4MTg4MSM1MSMkMSMkMCMkOTkkNTgxMzUxIzIxIyQxIyQxIyQxMyQ0NjE0ODEjNTEjJDEjJDYjJDgz,85,침구과,0,0,효림요양병원,요양병원,동대문구
JDQ4MTg4MSM1MSMkMSMkMCMkOTkkNTgxMzUxIzExIyQyIyQzIyQwMCQzNjEwMDIjNTEjJDEjJDIjJDgz,1,내과,0,0,효성요양병원,요양병원,강북구
JDQ4MTg4MSM1MSMkMSMkMCMkOTkkNTgxMzUxIzExIyQyIyQzIyQwMCQzNjEwMDIjNTEjJDEjJDIjJDgz,2,신경과,0,0,효성요양병원,요양병원,강북구
JDQ4MTg4MSM1MSMkMSMkMCMkOTkkNTgxMzUxIzExIyQyIyQzIyQwMCQzNjEwMDIjNTEjJDEjJDIjJDgz,9,마취통증의학과,1,0,효성요양병원,요양병원,강북구
JDQ4MTg4MSM1MSMkMSMkMCMkOTkkNTgxMzUxIzExIyQyIyQzIyQwMCQzNjEwMDIjNTEjJDEjJDIjJDgz,15,비뇨의학과,0,0,효성요양병원,요양병원,강북구
JDQ4MTg4MSM1MSMkMSMkMCMkOTkkNTgxMzUxIzExIyQyIyQzIyQwMCQzNjEwMDIjNTEjJDEjJDIjJDgz,21,재활의학과,0,0,효성요양병원,요양병원,강북구
JDQ4MTg4MSM1MSMkMSMkMCMkOTkkNTgxMzUxIzExIyQyIyQzIyQwMCQzNjEwMDIjNTEjJDEjJDIjJDgz,23,가정의학과,1,0,효성요양병원,요양병원,강북구
JDQ4MTg4MSM1MSMkMSMkMCMkOTkkNTgxMzUxIzExIyQyIyQzIyQwMCQzNjEwMDIjNTEjJDEjJDIjJDgz,80,한방내과,0,0,효성요양병원,요양병원,강북구
JDQ4MTg4MSM1MSMkMSMkMCMkOTkkNTgxMzUxIzIxIyQxIyQxIyQ4OSQyNjE4MzIjNjEjJDEjJDAjJDgz,1,내과,0,0,희망요양병원,요양병원,노원구
JDQ4MTg4MSM1MSMkMSMkMCMkOTkkNTgxMzUxIzIxIyQxIyQxIyQ4OSQyNjE4MzIjNjEjJDEjJDAjJDgz,4,외과,1,0,희망요양병원,요양병원,노원구
JDQ4MTg4MSM1MSMkMSMkMCMkOTkkNTgxMzUxIzIxIyQxIyQxIyQ4OSQyNjE4MzIjNjEjJDEjJDAjJDgz,5,정형외과,0,0,희망요양병원,요양병원,노원구
JDQ4MTg4MSM1MSMkMSMkMCMkOTkkNTgxMzUxIzIxIyQxIyQxIyQ4OSQyNjE4MzIjNjEjJDEjJDAjJDgz,21,재활의학과,0,0,희망요양병원,요양병원,노원구
JDQ4MTg4MSM1MSMkMSMkMCMkOTkkNTgxOTYxIzExIyQxIyQzIyQ3OSQ0NjE0ODEjNDEjJDEjJDgjJDgz,3,정신건강의학과,3,0,강서필병원,정신병원,강서구
JDQ4MTg4MSM1MSMkMSMkMCMkOTkkNTgxOTYxIzExIyQxIyQzIyQ4OSQyNjEwMDIjNDEjJDEjJDgjJDgz,1,내과,1,0,국립정신건강센터,정신병원,광진구
JDQ4MTg4MSM1MSMkMSMkMCMkOTkkNTgxOTYxIzExIyQxIyQzIyQ4OSQyNjEwMDIjNDEjJDEjJDgjJDgz,2,신경과,0,0,국립정신건강센터,정신병원,광진구
JDQ4MTg4MSM1MSMkMSMkMCMkOTkkNTgxOTYxIzExIyQxIyQzIyQ4OSQyNjEwMDIjNDEjJDEjJDgjJDgz,3,정신건강의학과,15,0,국립정신건강센터,정신병원,광진구
JDQ4MTg4MSM1MSMkMSMkMCMkOTkkNTgxOTYxIzExIyQxIyQzIyQ4OSQyNjEwMDIjNDEjJDEjJDgjJDgz,9,마취통증의학과,0,0,국립정신건강센터,정신병원,광진구
JDQ4MTg4MSM1MSMkMSMkMCMkOTkkNTgxOTYxIzExIyQxIyQzIyQ4OSQyNjEwMDIjNDEjJDEjJDgjJDgz,11,소아청소년과,0,0,국립정신건강센터,정신병원,광진구
JDQ4MTg4MSM1MSMkMSMkMCMkOTkkNTgxOTYxIzExIyQxIyQzIyQ4OSQyNjEwMDIjNDEjJDEjJDgjJDgz,16,영상의학과,1,0,국립정신건강센터,정신병원,광진구
JDQ4MTg4MSM1MSMkMSMkMCMkOTkkNTgxOTYxIzExIyQxIyQzIyQ4OSQyNjEwMDIjNDEjJDEjJDgjJDgz,19,진단검사의학과,1,0,국립정신건강센터,정신병원,광진구
JDQ4MTg4MSM1MSMkMSMkMCMkOTkkNTgxOTYxIzExIyQxIyQzIyQ4OSQyNjEwMDIjNDEjJDEjJDgjJDgz,23,가정의학과,0,0,국립정신건강센터,정신병원,광진구
JDQ4MTg4MSM1MSMkMSMkMCMkOTkkNTgxOTYxIzExIyQxIyQzIyQ4OSQyNjEwMDIjNDEjJDEjJDgjJDgz,50,구강악안면외과,0,0,국립정신건강센터,정신병원,광진구
JDQ4MTg4MSM1MSMkMSMkMCMkOTkkNTgxOTYxIzExIyQxIyQzIyQ3OSQyNjE4MzIjNDEjJDEjJDQjJDgz,1,내과,0,0,다나병원,정신병원,도봉구
JDQ4MTg4MSM1MSMkMSMkMCMkOTkkNTgxOTYxIzExIyQxIyQzIyQ3OSQyNjE4MzIjNDEjJDEjJDQjJDgz,3,정신건강의학과,3,0,다나병원,정신병원,도봉구
JDQ4MTg4MSM1MSMkMSMkMCMkOTkkNTgxOTYxIzExIyQxIyQzIyQ3OSQyNjE4MzIjNDEjJDEjJDQjJDgz,23,가정의학과,0,0,다나병원,정신병원,도봉구
JDQ4MTg4MSM1MSMkMSMkMCMkOTkkNTgxMzUxIzIxIyQxIyQxIyQwMyQ0NjE0ODEjNjEjJDEjJDgjJDgz,3,정신건강의학과,4,0,마인드웰병원,정신병원,중랑구
JDQ4MTg4MSM1MSMkMSMkMCMkOTkkNTgxOTYxIzExIyQxIyQzIyQ3OSQzNjEwMDIjNjEjJDEjJDgjJDgz,1,내과,0,0,멘토스병원,정신병원,동대문구
JDQ4MTg4MSM1MSMkMSMkMCMkOTkkNTgxOTYxIzExIyQxIyQzIyQ3OSQzNjEwMDIjNjEjJDEjJDgjJDgz,3,정신건강의학과,4,0,멘토스병원,정신병원,동대문구
JDQ4MTg4MSM1MSMkMSMkMCMkOTkkNTgxOTYxIzExIyQxIyQzIyQ3OSQyNjEyMjIjNDEjJDEjJDgjJDgz,3,정신건강의학과,4,0,베이직병원,정신병원,도봉구
JDQ4MTg4MSM1MSMkMSMkMCMkOTkkNTgxOTYxIzExIyQxIyQzIyQ3OSQyNjE0ODEjNjEjJDEjJDQjJDgz,1,내과,1,0,서울명병원,정신병원,동대문구
JDQ4MTg4MSM1MSMkMSMkMCMkOTkkNTgxOTYxIzExIyQxIyQzIyQ3OSQyNjE0ODEjNjEjJDEjJDQjJDgz,2,신경과,0,0,서울명병원,정신병원,동대문구
JDQ4MTg4MSM1MSMkMSMkMCMkOTkkNTgxOTYxIzExIyQxIyQzIyQ3OSQyNjE0ODEjNjEjJDEjJDQjJDgz,3,정신건강의학과,5,0,서울명병원,정신병원,동대문구
JDQ4MTg4MSM1MSMkMSMkMCMkOTkkNTgxOTYxIzExIyQxIyQzIyQ3OSQyNjE0ODEjNjEjJDEjJDQjJDgz,23,가정의학과,0,0,서울명병원,정신병원,동대문구
JDQ4MTg4MSM1MSMkMSMkMCMkOTkkNTgxOTYxIzExIyQxIyQzIyQ4OSQyNjE0ODEjNTEjJDEjJDIjJDgz,1,내과,1,0,서울특별시은평병원,정신병원,은평구
JDQ4MTg4MSM1MSMkMSMkMCMkOTkkNTgxOTYxIzExIyQxIyQzIyQ4OSQyNjE0ODEjNTEjJDEjJDIjJDgz,2,신경과,1,0,서울특별시은평병원,정신병원,은평구
JDQ4MTg4MSM1MSMkMSMkMCMkOTkkNTgxOTYxIzExIyQxIyQzIyQ4OSQyNjE0ODEjNTEjJDEjJDIjJDgz,3,정신건강의학과,7,0,서울특별시은평병원,정신병원,은평구
JDQ4MTg4MSM1MSMkMSMkMCMkOTkkNTgxOTYxIzExIyQxIyQzIyQ4OSQyNjE0ODEjNTEjJDEjJDIjJDgz,11,소아청소년과,1,0,서울특별시은평병원,정신병원,은평구
JDQ4MTg4MSM1MSMkMSMkMCMkOTkkNTgxOTYxIzExIyQxIyQzIyQ4OSQyNjE0ODEjNTEjJDEjJDIjJDgz,21,재활의학과,0,0,서울특별시은평병원,정신병원,은평구
JDQ4MTg4MSM1MSMkMSMkMCMkOTkkNTgxOTYxIzExIyQxIyQzIyQ4OSQyNjE0ODEjNTEjJDEjJDIjJDgz,23,가정의학과,2,0,서울특별시은평병원,정신병원,은평구
JDQ4MTg4MSM1MSMkMSMkMCMkOTkkNTgxOTYxIzExIyQxIyQzIyQ4OSQyNjE0ODEjNTEjJDEjJDIjJDgz,56,구강내과,0,0,서울특별시은평병원,정신병원,은평구
JDQ4MTg4MSM1MSMkMSMkMCMkOTkkNTgxOTYxIzExIyQxIyQzIyQ3OSQzNjEyMjIjNjEjJDEjJDAjJDgz,3,정신건강의학과,4,0,성지병원,정신병원,금천구
JDQ4MTg4MSM1MSMkMSMkMCMkOTkkNTgxOTYxIzExIyQxIyQzIyQ3OSQ0NjEwMDIjODEjJDEjJDYjJDgz,3,정신건강의학과,4,0,송파미소병원,정신병원,송파구
JDQ4MTg4MSM1MSMkMSMkMCMkOTkkNTgxOTYxIzExIyQxIyQzIyQ3OSQ0NjEwMDIjODEjJDEjJDYjJDgz,23,가정의학과,0,0,송파미소병원,정신병원,송파구
JDQ4MTg4MSM1MSMkMSMkMCMkOTkkNTgxOTYxIzExIyQxIyQzIyQ3OSQzNjE4MzIjNTEjJDEjJDIjJDgz,1,내과,0,0,의료법인다나의료재단구로다나병원,정신병원,구로구
JDQ4MTg4MSM1MSMkMSMkMCMkOTkkNTgxOTYxIzExIyQxIyQzIyQ3OSQzNjE4MzIjNTEjJDEjJDIjJDgz,2,신경과,0,0,의료법인다나의료재단구로다나병원,정신병원,구로구
JDQ4MTg4MSM1MSMkMSMkMCMkOTkkNTgxOTYxIzExIyQxIyQzIyQ3OSQzNjE4MzIjNTEjJDEjJDIjJDgz,3,정신건강의학과,4,0,의료법인다나의료재단구로다나병원,정신병원,구로구
JDQ4MTg4MSM1MSMkMSMkMCMkOTkkNTgxOTYxIzExIyQxIyQzIyQ3OSQzNjE4MzIjNTEjJDEjJDIjJDgz,9,마취통증의학과,0,0,의료법인다나의료재단구로다나병원,정신병원,구로구
JDQ4MTg4MSM1MSMkMSMkMCMkOTkkNTgxOTYxIzExIyQxIyQzIyQ3OSQzNjE4MzIjNTEjJDEjJDIjJDgz,11,소아청소년과,0,0,의료법인다나의료재단구로다나병원,정신병원,구로구
JDQ4MTg4MSM1MSMkMSMkMCMkOTkkNTgxOTYxIzExIyQxIyQzIyQ3OSQzNjE4MzIjNTEjJDEjJDIjJDgz,16,영상의학과,0,0,의료법인다나의료재단구로다나병원,정신병원,구로구
JDQ4MTg4MSM1MSMkMSMkMCMkOTkkNTgxOTYxIzExIyQxIyQzIyQ3OSQzNjE4MzIjNTEjJDEjJDIjJDgz,23,가정의학과,0,0,의료법인다나의료재단구로다나병원,정신병원,구로구
JDQ4MTg4MSM1MSMkMSMkMCMkOTkkNTgxOTYxIzExIyQxIyQzIyQ3OSQyNjEwMDIjNTEjJDEjJDYjJDgz,1,내과,0,0,재단법인한국산업보건환경연구소부설 해상병원,정신병원,영등포구
JDQ4MTg4MSM1MSMkMSMkMCMkOTkkNTgxOTYxIzExIyQxIyQzIyQ3OSQyNjEwMDIjNTEjJDEjJDYjJDgz,2,신경과,0,0,재단법인한국산업보건환경연구소부설 해상병원,정신병원,영등포구
JDQ4MTg4MSM1MSMkMSMkMCMkOTkkNTgxOTYxIzExIyQxIyQzIyQ3OSQyNjEwMDIjNTEjJDEjJDYjJDgz,3,정신건강의학과,3,0,재단법인한국산업보건환경연구소부설 해상병원,정신병원,영등포구
JDQ4MTg4MSM1MSMkMSMkMCMkOTkkNTgxOTYxIzExIyQxIyQzIyQ3OSQyNjEwMDIjNTEjJDEjJDYjJDgz,25,직업환경의학과,0,0,재단법인한국산업보건환경연구소부설 해상병원,정신병원,영등포구
JDQ4MTg4MSM1MSMkMSMkMCMkOTkkNTgxOTYxIzExIyQxIyQzIyQ4OSQyNjEyMjIjODEjJDEjJDYjJDgz,1,내과,0,0,지혜병원,정신병원,동대문구
JDQ4MTg4MSM1MSMkMSMkMCMkOTkkNTgxOTYxIzExIyQxIyQzIyQ4OSQyNjEyMjIjODEjJDEjJDYjJDgz,3,정신건강의학과,2,0,지혜병원,정신병원,동대문구
JDQ4MTg4MSM1MSMkMSMkMCMkOTkkNTgxOTYxIzExIyQxIyQzIyQ4OSQyNjEyMjIjODEjJDEjJDYjJDgz,23,가정의학과,0,0,지혜병원,정신병원,동대문구
JDQ4MTg4MSM1MSMkMSMkMCMkODkkMzgxMzUxIzExIyQxIyQzIyQ3OSQyNjEyMjIjODEjJDEjJDIjJDgz,1,내과,36,0,가톨릭대학교 여의도성모병원,종합병원,영등포구
JDQ4MTg4MSM1MSMkMSMkMCMkODkkMzgxMzUxIzExIyQxIyQzIyQ3OSQyNjEyMjIjODEjJDEjJDIjJDgz,2,신경과,3,0,가톨릭대학교 여의도성모병원,종합병원,영등포구
JDQ4MTg4MSM1MSMkMSMkMCMkODkkMzgxMzUxIzExIyQxIyQzIyQ3OSQyNjEyMjIjODEjJDEjJDIjJDgz,3,정신건강의학과,2,0,가톨릭대학교 여의도성모병원,종합병원,영등포구
JDQ4MTg4MSM1MSMkMSMkMCMkODkkMzgxMzUxIzExIyQxIyQzIyQ3OSQyNjEyMjIjODEjJDEjJDIjJDgz,4,외과,10,0,가톨릭대학교 여의도성모병원,종합병원,영등포구
JDQ4MTg4MSM1MSMkMSMkMCMkODkkMzgxMzUxIzExIyQxIyQzIyQ3OSQyNjEyMjIjODEjJDEjJDIjJDgz,5,정형외과,7,0,가톨릭대학교 여의도성모병원,종합병원,영등포구
JDQ4MTg4MSM1MSMkMSMkMCMkODkkMzgxMzUxIzExIyQxIyQzIyQ3OSQyNjEyMjIjODEjJDEjJDIjJDgz,6,신경외과,3,0,가톨릭대학교 여의도성모병원,종합병원,영등포구
JDQ4MTg4MSM1MSMkMSMkMCMkODkkMzgxMzUxIzExIyQxIyQzIyQ3OSQyNjEyMjIjODEjJDEjJDIjJDgz,7,심장혈관흉부외과,1,0,가톨릭대학교 여의도성모병원,종합병원,영등포구
JDQ4MTg4MSM1MSMkMSMkMCMkODkkMzgxMzUxIzExIyQxIyQzIyQ3OSQyNjEyMjIjODEjJDEjJDIjJDgz,8,성형외과,3,0,가톨릭대학교 여의도성모병원,종합병원,영등포구
JDQ4MTg4MSM1MSMkMSMkMCMkODkkMzgxMzUxIzExIyQxIyQzIyQ3OSQyNjEyMjIjODEjJDEjJDIjJDgz,9,마취통증의학과,6,0,가톨릭대학교 여의도성모병원,종합병원,영등포구
JDQ4MTg4MSM1MSMkMSMkMCMkODkkMzgxMzUxIzExIyQxIyQzIyQ3OSQyNjEyMjIjODEjJDEjJDIjJDgz,10,산부인과,5,0,가톨릭대학교 여의도성모병원,종합병원,영등포구
JDQ4MTg4MSM1MSMkMSMkMCMkODkkMzgxMzUxIzExIyQxIyQzIyQ3OSQyNjEyMjIjODEjJDEjJDIjJDgz,11,소아청소년과,5,0,가톨릭대학교 여의도성모병원,종합병원,영등포구
JDQ4MTg4MSM1MSMkMSMkMCMkODkkMzgxMzUxIzExIyQxIyQzIyQ3OSQyNjEyMjIjODEjJDEjJDIjJDgz,12,안과,13,0,가톨릭대학교 여의도성모병원,종합병원,영등포구
JDQ4MTg4MSM1MSMkMSMkMCMkODkkMzgxMzUxIzExIyQxIyQzIyQ3OSQyNjEyMjIjODEjJDEjJDIjJDgz,13,이비인후과,4,0,가톨릭대학교 여의도성모병원,종합병원,영등포구
JDQ4MTg4MSM1MSMkMSMkMCMkODkkMzgxMzUxIzExIyQxIyQzIyQ3OSQyNjEyMjIjODEjJDEjJDIjJDgz,14,피부과,2,0,가톨릭대학교 여의도성모병원,종합병원,영등포구
JDQ4MTg4MSM1MSMkMSMkMCMkODkkMzgxMzUxIzExIyQxIyQzIyQ3OSQyNjEyMjIjODEjJDEjJDIjJDgz,15,비뇨의학과,3,0,가톨릭대학교 여의도성모병원,종합병원,영등포구
JDQ4MTg4MSM1MSMkMSMkMCMkODkkMzgxMzUxIzExIyQxIyQzIyQ3OSQyNjEyMjIjODEjJDEjJDIjJDgz,16,영상의학과,8,0,가톨릭대학교 여의도성모병원,종합병원,영등포구
JDQ4MTg4MSM1MSMkMSMkMCMkODkkMzgxMzUxIzExIyQxIyQzIyQ3OSQyNjEyMjIjODEjJDEjJDIjJDgz,17,방사선종양학과,1,0,가톨릭대학교 여의도성모병원,종합병원,영등포구
JDQ4MTg4MSM1MSMkMSMkMCMkODkkMzgxMzUxIzExIyQxIyQzIyQ3OSQyNjEyMjIjODEjJDEjJDIjJDgz,18,병리과,3,0,가톨릭대학교 여의도성모병원,종합병원,영등포구
JDQ4MTg4MSM1MSMkMSMkMCMkODkkMzgxMzUxIzExIyQxIyQzIyQ3OSQyNjEyMjIjODEjJDEjJDIjJDgz,19,진단검사의학과,2,0,가톨릭대학교 여의도성모병원,종합병원,영등포구
JDQ4MTg4MSM1MSMkMSMkMCMkODkkMzgxMzUxIzExIyQxIyQzIyQ3OSQyNjEyMjIjODEjJDEjJDIjJDgz,21,재활의학과,4,0,가톨릭대학교 여의도성모병원,종합병원,영등포구
JDQ4MTg4MSM1MSMkMSMkMCMkODkkMzgxMzUxIzExIyQxIyQzIyQ3OSQyNjEyMjIjODEjJDEjJDIjJDgz,22,핵의학과,2,0,가톨릭대학교 여의도성모병원,종합병원,영등포구
JDQ4MTg4MSM1MSMkMSMkMCMkODkkMzgxMzUxIzExIyQxIyQzIyQ3OSQyNjEyMjIjODEjJDEjJDIjJDgz,23,가정의학과,4,0,가톨릭대학교 여의도성모병원,종합병원,영등포구
JDQ4MTg4MSM1MSMkMSMkMCMkODkkMzgxMzUxIzExIyQxIyQzIyQ3OSQyNjEyMjIjODEjJDEjJDIjJDgz,24,응급의학과,12,0,가톨릭대학교 여의도성모병원,종합병원,영등포구
JDQ4MTg4MSM1MSMkMSMkMCMkODkkMzgxMzUxIzExIyQxIyQzIyQ3OSQyNjEyMjIjODEjJDEjJDIjJDgz,50,구강악안면외과,1,0,가톨릭대학교 여의도성모병원,종합병원,영등포구
JDQ4MTg4MSM1MSMkMSMkMCMkODkkMzgxMzUxIzExIyQxIyQzIyQ3OSQyNjEyMjIjODEjJDEjJDIjJDgz,55,치과보존과,1,0,가톨릭대학교 여의도성모병원,종합병원,영등포구
JDQ4MTg4MSM1MSMkMSMkMCMkODkkMzgxMzUxIzExIyQxIyQzIyQ4OSQzNjEwMDIjNDEjJDEjJDQjJDgz,1,내과,55,0,가톨릭대학교 은평성모병원,종합병원,은평구
JDQ4MTg4MSM1MSMkMSMkMCMkODkkMzgxMzUxIzExIyQxIyQzIyQ4OSQzNjEwMDIjNDEjJDEjJDQjJDgz,2,신경과,6,0,가톨릭대학교 은평성모병원,종합병원,은평구
JDQ4MTg4MSM1MSMkMSMkMCMkODkkMzgxMzUxIzExIyQxIyQzIyQ4OSQzNjEwMDIjNDEjJDEjJDQjJDgz,3,정신건강의학과,4,0,가톨릭대학교 은평성모병원,종합병원,은평구
JDQ4MTg4MSM1MSMkMSMkMCMkODkkMzgxMzUxIzExIyQxIyQzIyQ4OSQzNjEwMDIjNDEjJDEjJDQjJDgz,4,외과,19,0,가톨릭대학교 은평성모병원,종합병원,은평구
JDQ4MTg4MSM1MSMkMSMkMCMkODkkMzgxMzUxIzExIyQxIyQzIyQ4OSQzNjEwMDIjNDEjJDEjJDQjJDgz,5,정형외과,10,0,가톨릭대학교 은평성모병원,종합병원,은평구
JDQ4MTg4MSM1MSMkMSMkMCMkODkkMzgxMzUxIzExIyQxIyQzIyQ4OSQzNjEwMDIjNDEjJDEjJDQjJDgz,6,신경외과,12,0,가톨릭대학교 은평성모병원,종합병원,은평구
JDQ4MTg4MSM1MSMkMSMkMCMkODkkMzgxMzUxIzExIyQxIyQzIyQ4OSQzNjEwMDIjNDEjJDEjJDQjJDgz,7,심장혈관흉부외과,4,0,가톨릭대학교 은평성모병원,종합병원,은평구
JDQ4MTg4MSM1MSMkMSMkMCMkODkkMzgxMzUxIzExIyQxIyQzIyQ4OSQzNjEwMDIjNDEjJDEjJDQjJDgz,8,성형외과,4,0,가톨릭대학교 은평성모병원,종합병원,은평구
JDQ4MTg4MSM1MSMkMSMkMCMkODkkMzgxMzUxIzExIyQxIyQzIyQ4OSQzNjEwMDIjNDEjJDEjJDQjJDgz,9,마취통증의학과,18,0,가톨릭대학교 은평성모병원,종합병원,은평구
JDQ4MTg4MSM1MSMkMSMkMCMkODkkMzgxMzUxIzExIyQxIyQzIyQ4OSQzNjEwMDIjNDEjJDEjJDQjJDgz,10,산부인과,9,0,가톨릭대학교 은평성모병원,종합병원,은평구
JDQ4MTg4MSM1MSMkMSMkMCMkODkkMzgxMzUxIzExIyQxIyQzIyQ4OSQzNjEwMDIjNDEjJDEjJDQjJDgz,11,소아청소년과,14,0,가톨릭대학교 은평성모병원,종합병원,은평구
JDQ4MTg4MSM1MSMkMSMkMCMkODkkMzgxMzUxIzExIyQxIyQzIyQ4OSQzNjEwMDIjNDEjJDEjJDQjJDgz,12,안과,9,0,가톨릭대학교 은평성모병원,종합병원,은평구
JDQ4MTg4MSM1MSMkMSMkMCMkODkkMzgxMzUxIzExIyQxIyQzIyQ4OSQzNjEwMDIjNDEjJDEjJDQjJDgz,13,이비인후과,6,0,가톨릭대학교 은평성모병원,종합병원,은평구
JDQ4MTg4MSM1MSMkMSMkMCMkODkkMzgxMzUxIzExIyQxIyQzIyQ4OSQzNjEwMDIjNDEjJDEjJDQjJDgz,14,피부과,2,0,가톨릭대학교 은평성모병원,종합병원,은평구
JDQ4MTg4MSM1MSMkMSMkMCMkODkkMzgxMzUxIzExIyQxIyQzIyQ4OSQzNjEwMDIjNDEjJDEjJDQjJDgz,15,비뇨의학과,4,0,가톨릭대학교 은평성모병원,종합병원,은평구
JDQ4MTg4MSM1MSMkMSMkMCMkODkkMzgxMzUxIzExIyQxIyQzIyQ4OSQzNjEwMDIjNDEjJDEjJDQjJDgz,16,영상의학과,14,0,가톨릭대학교 은평성모병원,종합병원,은평구
JDQ4MTg4MSM1MSMkMSMkMCMkODkkMzgxMzUxIzExIyQxIyQzIyQ4OSQzNjEwMDIjNDEjJDEjJDQjJDgz,17,방사선종양학과,2,0,가톨릭대학교 은평성모병원,종합병원,은평구
JDQ4MTg4MSM1MSMkMSMkMCMkODkkMzgxMzUxIzExIyQxIyQzIyQ4OSQzNjEwMDIjNDEjJDEjJDQjJDgz,18,병리과,6,0,가톨릭대학교 은평성모병원,종합병원,은평구
JDQ4MTg4MSM1MSMkMSMkMCMkODkkMzgxMzUxIzExIyQxIyQzIyQ4OSQzNjEwMDIjNDEjJDEjJDQjJDgz,19,진단검사의학과,3,0,가톨릭대학교 은평성모병원,종합병원,은평구
JDQ4MTg4MSM1MSMkMSMkMCMkODkkMzgxMzUxIzExIyQxIyQzIyQ4OSQzNjEwMDIjNDEjJDEjJDQjJDgz,20,결핵과,0,0,가톨릭대학교 은평성모병원,종합병원,은평구
JDQ4MTg4MSM1MSMkMSMkMCMkODkkMzgxMzUxIzExIyQxIyQzIyQ4OSQzNjEwMDIjNDEjJDEjJDQjJDgz,21,재활의학과,2,0,가톨릭대학교 은평성모병원,종합병원,은평구
JDQ4MTg4MSM1MSMkMSMkMCMkODkkMzgxMzUxIzExIyQxIyQzIyQ4OSQzNjEwMDIjNDEjJDEjJDQjJDgz,22,핵의학과,2,0,가톨릭대학교 은평성모병원,종합병원,은평구
JDQ4MTg4MSM1MSMkMSMkMCMkODkkMzgxMzUxIzExIyQxIyQzIyQ4OSQzNjEwMDIjNDEjJDEjJDQjJDgz,23,가정의학과,6,0,가톨릭대학교 은평성모병원,종합병원,은평구
JDQ4MTg4MSM1MSMkMSMkMCMkODkkMzgxMzUxIzExIyQxIyQzIyQ4OSQzNjEwMDIjNDEjJDEjJDQjJDgz,24,응급의학과,15,0,가톨릭대학교 은평성모병원,종합병원,은평구
JDQ4MTg4MSM1MSMkMSMkMCMkODkkMzgxMzUxIzExIyQxIyQzIyQ4OSQzNjEwMDIjNDEjJDEjJDQjJDgz,50,구강악안면외과,1,0,가톨릭대학교 은평성모병원,종합병원,은평구
JDQ4MTg4MSM1MSMkMSMkMCMkODkkMzgxMzUxIzExIyQxIyQzIyQ4OSQzNjEwMDIjNDEjJDEjJDQjJDgz,51,치과보철과,1,0,가톨릭대학교 은평성모병원,종합병원,은평구
JDQ4MTg4MSM1MSMkMSMkMCMkODkkMzgxMzUxIzExIyQxIyQzIyQ4OSQzNjEwMDIjNDEjJDEjJDQjJDgz,55,치과보존과,1,0,가톨릭대학교 은평성모병원,종합병원,은평구
JDQ4MTg4MSM1MSMkMSMkMCMkODkkMzgxMzUxIzExIyQxIyQ3IyQ2MiQyNjE0ODEjNzEjJDEjJDgjJDgz,1,내과,5,0,강남베드로병원,종합병원,강남구
JDQ4MTg4MSM1MSMkMSMkMCMkODkkMzgxMzUxIzExIyQxIyQ3IyQ2MiQyNjE0ODEjNzEjJDEjJDgjJDgz,2,신경과,1,0,강남베드로병원,종합병원,강남구
JDQ4MTg4MSM1MSMkMSMkMCMkODkkMzgxMzUxIzExIyQxIyQ3IyQ2MiQyNjE0ODEjNzEjJDEjJDgjJDgz,4,외과,4,0,강남베드로병원,종합병원,강남구
JDQ4MTg4MSM1MSMkMSMkMCMkODkkMzgxMzUxIzExIyQxIyQ3IyQ2MiQyNjE0ODEjNzEjJDEjJDgjJDgz,5,정형외과,8,0,강남베드로병원,종합병원,강남구
JDQ4MTg4MSM1MSMkMSMkMCMkODkkMzgxMzUxIzExIyQxIyQ3IyQ2MiQyNjE0ODEjNzEjJDEjJDgjJDgz,6,신경외과,4,0,강남베드로병원,종합병원,강남구
JDQ4MTg4MSM1MSMkMSMkMCMkODkkMzgxMzUxIzExIyQxIyQ3IyQ2MiQyNjE0ODEjNzEjJDEjJDgjJDgz,9,마취통증의학과,3,0,강남베드로병원,종합병원,강남구
JDQ4MTg4MSM1MSMkMSMkMCMkODkkMzgxMzUxIzExIyQxIyQ3IyQ2MiQyNjE0ODEjNzEjJDEjJDgjJDgz,10,산부인과,1,0,강남베드로병원,종합병원,강남구
JDQ4MTg4MSM1MSMkMSMkMCMkODkkMzgxMzUxIzExIyQxIyQ3IyQ2MiQyNjE0ODEjNzEjJDEjJDgjJDgz,15,비뇨의학과,1,0,강남베드로병원,종합병원,강남구
JDQ4MTg4MSM1MSMkMSMkMCMkODkkMzgxMzUxIzExIyQxIyQ3IyQ2MiQyNjE0ODEjNzEjJDEjJDgjJDgz,16,영상의학과,2,0,강남베드로병원,종합병원,강남구
JDQ4MTg4MSM1MSMkMSMkMCMkODkkMzgxMzUxIzExIyQxIyQ3IyQ2MiQyNjE0ODEjNzEjJDEjJDgjJDgz,18,병리과,1,0,강남베드로병원,종합병원,강남구
JDQ4MTg4MSM1MSMkMSMkMCMkODkkMzgxMzUxIzExIyQxIyQ3IyQ2MiQyNjE0ODEjNzEjJDEjJDgjJDgz,19,진단검사의학과,1,0,강남베드로병원,종합병원,강남구
JDQ4MTg4MSM1MSMkMSMkMCMkODkkMzgxMzUxIzExIyQxIyQ3IyQ2MiQyNjE0ODEjNzEjJDEjJDgjJDgz,21,재활의학과,1,0,강남베드로병원,종합병원,강남구
JDQ4MTg4MSM1MSMkMSMkMCMkODkkMzgxMzUxIzExIyQxIyQ3IyQ2MiQyNjE0ODEjNzEjJDEjJDgjJDgz,24,응급의학과,3,0,강남베드로병원,종합병원,강남구
JDQ4MTg4MSM1MSMkMSMkMCMkODkkMzgxMzUxIzExIyQxIyQ3IyQ5OSQzNjE4MzIjNDEjJDEjJDQjJDgz,1,내과,55,0,강동경희대학교병원,종합병원,강동구
JDQ4MTg4MSM1MSMkMSMkMCMkODkkMzgxMzUxIzExIyQxIyQ3IyQ5OSQzNjE4MzIjNDEjJDEjJDQjJDgz,2,신경과,9,0,강동경희대학교병원,종합병원,강동구
JDQ4MTg4MSM1MSMkMSMkMCMkODkkMzgxMzUxIzExIyQxIyQ3IyQ5OSQzNjE4MzIjNDEjJDEjJDQjJDgz,3,정신건강의학과,3,0,강동경희대학교병원,종합병원,강동구
JDQ4MTg4MSM1MSMkMSMkMCMkODkkMzgxMzUxIzExIyQxIyQ3IyQ5OSQzNjE4MzIjNDEjJDEjJDQjJDgz,4,외과,15,0,강동경희대학교병원,종합병원,강동구
JDQ4MTg4MSM1MSMkMSMkMCMkODkkMzgxMzUxIzExIyQxIyQ3IyQ5OSQzNjE4MzIjNDEjJDEjJDQjJDgz,5,정형외과,14,0,강동경희대학교병원,종합병원,강동구
JDQ4MTg4MSM1MSMkMSMkMCMkODkkMzgxMzUxIzExIyQxIyQ3IyQ5OSQzNjE4MzIjNDEjJDEjJDQjJDgz,6,신경외과,8,0,강동경희대학교병원,종합병원,강동구
JDQ4MTg4MSM1MSMkMSMkMCMkODkkMzgxMzUxIzExIyQxIyQ3IyQ5OSQzNjE4MzIjNDEjJDEjJDQjJDgz,7,심장혈관흉부외과,3,0,강동경희대학교병원,종합병원,강동구
JDQ4MTg4MSM1MSMkMSMkMCMkODkkMzgxMzUxIzExIyQxIyQ3IyQ5OSQzNjE4MzIjNDEjJDEjJDQjJDgz,8,성형외과,1,0,강동경희대학교병원,종합병원,강동구
JDQ4MTg4MSM1MSMkMSMkMCMkODkkMzgxMzUxIzExIyQxIyQ3IyQ5OSQzNjE4MzIjNDEjJDEjJDQjJDgz,9,마취통증의학과,10,0,강동경희대학교병원,종합병원,강동구
JDQ4MTg4MSM1MSMkMSMkMCMkODkkMzgxMzUxIzExIyQxIyQ3IyQ5OSQzNjE4MzIjNDEjJDEjJDQjJDgz,10,산부인과,7,0,강동경희대학교병원,종합병원,강동구
JDQ4MTg4MSM1MSMkMSMkMCMkODkkMzgxMzUxIzExIyQxIyQ3IyQ5OSQzNjE4MzIjNDEjJDEjJDQjJDgz,11,소아청소년과,11,0,강동경희대학교병원,종합병원,강동구
JDQ4MTg4MSM1MSMkMSMkMCMkODkkMzgxMzUxIzExIyQxIyQ3IyQ5OSQzNjE4MzIjNDEjJDEjJDQjJDgz,12,안과,5,0,강동경희대학교병원,종합병원,강동구
JDQ4MTg4MSM1MSMkMSMkMCMkODkkMzgxMzUxIzExIyQxIyQ3IyQ5OSQzNjE4MzIjNDEjJDEjJDQjJDgz,13,이비인후과,6,0,강동경희대학교병원,종합병원,강동구
JDQ4MTg4MSM1MSMkMSMkMCMkODkkMzgxMzUxIzExIyQxIyQ3IyQ5OSQzNjE4MzIjNDEjJDEjJDQjJDgz,14,피부과,2,0,강동경희대학교병원,종합병원,강동구
JDQ4MTg4MSM1MSMkMSMkMCMkODkkMzgxMzUxIzExIyQxIyQ3IyQ5OSQzNjE4MzIjNDEjJDEjJDQjJDgz,15,비뇨의학과,6,0,강동경희대학교병원,종합병원,강동구
JDQ4MTg4MSM1MSMkMSMkMCMkODkkMzgxMzUxIzExIyQxIyQ3IyQ5OSQzNjE4MzIjNDEjJDEjJDQjJDgz,16,영상의학과,13,0,강동경희대학교병원,종합병원,강동구
JDQ4MTg4MSM1MSMkMSMkMCMkODkkMzgxMzUxIzExIyQxIyQ3IyQ5OSQzNjE4MzIjNDEjJDEjJDQjJDgz,17,방사선종양학과,2,0,강동경희대학교병원,종합병원,강동구
JDQ4MTg4MSM1MSMkMSMkMCMkODkkMzgxMzUxIzExIyQxIyQ3IyQ5OSQzNjE4MzIjNDEjJDEjJDQjJDgz,18,병리과,5,0,강동경희대학교병원,종합병원,강동구
JDQ4MTg4MSM1MSMkMSMkMCMkODkkMzgxMzUxIzExIyQxIyQ3IyQ5OSQzNjE4MzIjNDEjJDEjJDQjJDgz,19,진단검사의학과,4,0,강동경희대학교병원,종합병원,강동구
JDQ4MTg4MSM1MSMkMSMkMCMkODkkMzgxMzUxIzExIyQxIyQ3IyQ5OSQzNjE4MzIjNDEjJDEjJDQjJDgz,21,재활의학과,5,0,강동경희대학교병원,종합병원,강동구
JDQ4MTg4MSM1MSMkMSMkMCMkODkkMzgxMzUxIzExIyQxIyQ3IyQ5OSQzNjE4MzIjNDEjJDEjJDQjJDgz,22,핵의학과,1,0,강동경희대학교병원,종합병원,강동구
JDQ4MTg4MSM1MSMkMSMkMCMkODkkMzgxMzUxIzExIyQxIyQ3IyQ5OSQzNjE4MzIjNDEjJDEjJDQjJDgz,24,응급의학과,9,0,강동경희대학교병원,종합병원,강동구
JDQ4MTg4MSM1MSMkMSMkMCMkODkkMzgxMzUxIzExIyQxIyQ3IyQ5OSQzNjE4MzIjNDEjJDEjJDQjJDgz,49,치과,0,0,강동경희대학교병원,종합병원,강동구
JDQ4MTg4MSM1MSMkMSMkMCMkODkkMzgxMzUxIzExIyQxIyQzIyQ4OSQzNjE4MzIjNjEjJDEjJDgjJDgz,1,내과,12,0,경찰병원,종합병원,송파구
JDQ4MTg4MSM1MSMkMSMkMCMkODkkMzgxMzUxIzExIyQxIyQzIyQ4OSQzNjE4MzIjNjEjJDEjJDgjJDgz,2,신경과,2,0,경찰병원,종합병원,송파구
JDQ4MTg4MSM1MSMkMSMkMCMkODkkMzgxMzUxIzExIyQxIyQzIyQ4OSQzNjE4MzIjNjEjJDEjJDgjJDgz,3,정신건강의학과,2,0,경찰병원,종합병원,송파구
JDQ4MTg4MSM1MSMkMSMkMCMkODkkMzgxMzUxIzExIyQxIyQzIyQ4OSQzNjE4MzIjNjEjJDEjJDgjJDgz,4,외과,5,0,경찰병원,종합병원,송파구
JDQ4MTg4MSM1MSMkMSMkMCMkODkkMzgxMzUxIzExIyQxIyQzIyQ4OSQzNjE4MzIjNjEjJDEjJDgjJDgz,5,정형외과,7,0,경찰병원,종합병원,송파구
JDQ4MTg4MSM1MSMkMSMkMCMkODkkMzgxMzUxIzExIyQxIyQzIyQ4OSQzNjE4MzIjNjEjJDEjJDgjJDgz,6,신경외과,3,0,경찰병원,종합병원,송파구
JDQ4MTg4MSM1MSMkMSMkMCMkODkkMzgxMzUxIzExIyQxIyQzIyQ4OSQzNjE4MzIjNjEjJDEjJDgjJDgz,7,심장혈관흉부외과,1,0,경찰병원,종합병원,송파구
JDQ4MTg4MSM1MSMkMSMkMCMkODkkMzgxMzUxIzExIyQxIyQzIyQ4OSQzNjE4MzIjNjEjJDEjJDgjJDgz,8,성형외과,2,0,경찰병원,종합병원,송파구
JDQ4MTg4MSM1MSMkMSMkMCMkODkkMzgxMzUxIzExIyQxIyQzIyQ4OSQzNjE4MzIjNjEjJDEjJDgjJDgz,9,마취통증의학과,5,0,경찰병원,종합병원,송파구
JDQ4MTg4MSM1MSMkMSMkMCMkODkkMzgxMzUxIzExIyQxIyQzIyQ4OSQzNjE4MzIjNjEjJDEjJDgjJDgz,10,산부인과,2,0,경찰병원,종합병원,송파구
JDQ4MTg4MSM1MSMkMSMkMCMkODkkMzgxMzUxIzExIyQxIyQzIyQ4OSQzNjE4MzIjNjEjJDEjJDgjJDgz,11,소아청소년과,2,0,경찰병원,종합병원,송파구
JDQ4MTg4MSM1MSMkMSMkMCMkODkkMzgxMzUxIzExIyQxIyQzIyQ4OSQzNjE4MzIjNjEjJDEjJDgjJDgz,12,안과,2,0,경찰병원,종합병원,송파구
JDQ4MTg4MSM1MSMkMSMkMCMkODkkMzgxMzUxIzExIyQxIyQzIyQ4OSQzNjE4MzIjNjEjJDEjJDgjJDgz,13,이비인후과,4,0,경찰병원,종합병원,송파구
JDQ4MTg4MSM1MSMkMSMkMCMkODkkMzgxMzUxIzExIyQxIyQzIyQ4OSQzNjE4MzIjNjEjJDEjJDgjJDgz,14,피부과,2,0,경찰병원,종합병원,송파구
JDQ4MTg4MSM1MSMkMSMkMCMkODkkMzgxMzUxIzExIyQxIyQzIyQ4OSQzNjE4MzIjNjEjJDEjJDgjJDgz,15,비뇨의학과,4,0,경찰병원,종합병원,송파구
JDQ4MTg4MSM1MSMkMSMkMCMkODkkMzgxMzUxIzExIyQxIyQzIyQ4OSQzNjE4MzIjNjEjJDEjJDgjJDgz,16,영상의학과,1,0,경찰병원,종합병원,송파구
JDQ4MTg4MSM1MSMkMSMkMCMkODkkMzgxMzUxIzExIyQxIyQzIyQ4OSQzNjE4MzIjNjEjJDEjJDgjJDgz,18,병리과,1,0,경찰병원,종합병원,송파구
JDQ4MTg4MSM1MSMkMSMkMCMkODkkMzgxMzUxIzExIyQxIyQzIyQ4OSQzNjE4MzIjNjEjJDEjJDgjJDgz,19,진단검사의학과,1,0,경찰병원,종합병원,송파구
JDQ4MTg4MSM1MSMkMSMkMCMkODkkMzgxMzUxIzExIyQxIyQzIyQ4OSQzNjE4MzIjNjEjJDEjJDgjJDgz,21,재활의학과,2,0,경찰병원,종합병원,송파구
JDQ4MTg4MSM1MSMkMSMkMCMkODkkMzgxMzUxIzExIyQxIyQzIyQ4OSQzNjE4MzIjNjEjJDEjJDgjJDgz,23,가정의학과,2,0,경찰병원,종합병원,송파구
JDQ4MTg4MSM1MSMkMSMkMCMkODkkMzgxMzUxIzExIyQxIyQzIyQ4OSQzNjE4MzIjNjEjJDEjJDgjJDgz,24,응급의학과,0,0,경찰병원,종합병원,송파구
JDQ4MTg4MSM1MSMkMSMkMCMkODkkMzgxMzUxIzExIyQxIyQzIyQ4OSQzNjE4MzIjNjEjJDEjJDgjJDgz,51,치과보철과,1,0,경찰병원,종합병원,송파구
JDQ4MTg4MSM1MSMkMSMkMCMkODkkMzgxMzUxIzExIyQxIyQzIyQ4OSQzNjE4MzIjNjEjJDEjJDgjJDgz,54,치주과,2,0,경찰병원,종합병원,송파구
JDQ4MTg4MSM1MSMkMSMkMCMkODkkMzgxMzUxIzExIyQyIyQ3IyQwMCQ0NjE0ODEjNjEjJDEjJDQjJDgz,1,내과,6,0,구로성심병원,종합병원,구로구
JDQ4MTg4MSM1MSMkMSMkMCMkODkkMzgxMzUxIzExIyQyIyQ3IyQwMCQ0NjE0ODEjNjEjJDEjJDQjJDgz,2,신경과,1,0,구로성심병원,종합병원,구로구
JDQ4MTg4MSM1MSMkMSMkMCMkODkkMzgxMzUxIzExIyQyIyQ3IyQwMCQ0NjE0ODEjNjEjJDEjJDQjJDgz,4,외과,4,0,구로성심병원,종합병원,구로구
JDQ4MTg4MSM1MSMkMSMkMCMkODkkMzgxMzUxIzExIyQyIyQ3IyQwMCQ0NjE0ODEjNjEjJDEjJDQjJDgz,5,정형외과,3,0,구로성심병원,종합병원,구로구
JDQ4MTg4MSM1MSMkMSMkMCMkODkkMzgxMzUxIzExIyQyIyQ3IyQwMCQ0NjE0ODEjNjEjJDEjJDQjJDgz,6,신경외과,1,0,구로성심병원,종합병원,구로구
JDQ4MTg4MSM1MSMkMSMkMCMkODkkMzgxMzUxIzExIyQyIyQ3IyQwMCQ0NjE0ODEjNjEjJDEjJDQjJDgz,7,심장혈관흉부외과,1,0,구로성심병원,종합병원,구로구
JDQ4MTg4MSM1MSMkMSMkMCMkODkkMzgxMzUxIzExIyQyIyQ3IyQwMCQ0NjE0ODEjNjEjJDEjJDQjJDgz,8,성형외과,1,0,구로성심병원,종합병원,구로구
JDQ4MTg4MSM1MSMkMSMkMCMkODkkMzgxMzUxIzExIyQyIyQ3IyQwMCQ0NjE0ODEjNjEjJDEjJDQjJDgz,9,마취통증의학과,2,0,구로성심병원,종합병원,구로구
JDQ4MTg4MSM1MSMkMSMkMCMkODkkMzgxMzUxIzExIyQyIyQ3IyQwMCQ0NjE0ODEjNjEjJDEjJDQjJDgz,10,산부인과,1,0,구로성심병원,종합병원,구로구
JDQ4MTg4MSM1MSMkMSMkMCMkODkkMzgxMzUxIzExIyQyIyQ3IyQwMCQ0NjE0ODEjNjEjJDEjJDQjJDgz,15,비뇨의학과,1,0,구로성심병원,종합병원,구로구
JDQ4MTg4MSM1MSMkMSMkMCMkODkkMzgxMzUxIzExIyQyIyQ3IyQwMCQ0NjE0ODEjNjEjJDEjJDQjJDgz,16,영상의학과,3,0,구로성심병원,종합병원,구로구
JDQ4MTg4MSM1MSMkMSMkMCMkODkkMzgxMzUxIzExIyQyIyQ3IyQwMCQ0NjE0ODEjNjEjJDEjJDQjJDgz,18,병리과,1,0,구로성심병원,종합병원,구로구
JDQ4MTg4MSM1MSMkMSMkMCMkODkkMzgxMzUxIzExIyQyIyQ3IyQwMCQ0NjE0ODEjNjEjJDEjJDQjJDgz,24,응급의학과,6,0,구로성심병원,종합병원,구로구
JDQ4MTg4MSM1MSMkMSMkMCMkODkkMzgxMzUxIzExIyQyIyQ3IyQwMCQ0NjE0ODEjNjEjJDEjJDQjJDgz,25,직업환경의학과,1,0,구로성심병원,종합병원,구로구
JDQ4MTg4MSM1MSMkMSMkMCMkODkkMzgxMzUxIzExIyQyIyQ3IyQwMCQyNjEwMDIjODEjJDEjJDIjJDgz,1,내과,30,0,국립중앙의료원,종합병원,중구
JDQ4MTg4MSM1MSMkMSMkMCMkODkkMzgxMzUxIzExIyQyIyQ3IyQwMCQyNjEwMDIjODEjJDEjJDIjJDgz,2,신경과,7,0,국립중앙의료원,종합병원,중구
JDQ4MTg4MSM1MSMkMSMkMCMkODkkMzgxMzUxIzExIyQyIyQ3IyQwMCQyNjEwMDIjODEjJDEjJDIjJDgz,3,정신건강의학과,3,0,국립중앙의료원,종합병원,중구
JDQ4MTg4MSM1MSMkMSMkMCMkODkkMzgxMzUxIzExIyQyIyQ3IyQwMCQyNjEwMDIjODEjJDEjJDIjJDgz,4,외과,13,0,국립중앙의료원,종합병원,중구
JDQ4MTg4MSM1MSMkMSMkMCMkODkkMzgxMzUxIzExIyQyIyQ3IyQwMCQyNjEwMDIjODEjJDEjJDIjJDgz,5,정형외과,7,0,국립중앙의료원,종합병원,중구
JDQ4MTg4MSM1MSMkMSMkMCMkODkkMzgxMzUxIzExIyQyIyQ3IyQwMCQyNjEwMDIjODEjJDEjJDIjJDgz,6,신경외과,4,0,국립중앙의료원,종합병원,중구
JDQ4MTg4MSM1MSMkMSMkMCMkODkkMzgxMzUxIzExIyQyIyQ3IyQwMCQyNjEwMDIjODEjJDEjJDIjJDgz,7,심장혈관흉부외과,5,0,국립중앙의료원,종합병원,중구
JDQ4MTg4MSM1MSMkMSMkMCMkODkkMzgxMzUxIzExIyQyIyQ3IyQwMCQyNjEwMDIjODEjJDEjJDIjJDgz,8,성형외과,2,0,국립중앙의료원,종합병원,중구
JDQ4MTg4MSM1MSMkMSMkMCMkODkkMzgxMzUxIzExIyQyIyQ3IyQwMCQyNjEwMDIjODEjJDEjJDIjJDgz,9,마취통증의학과,9,0,국립중앙의료원,종합병원,중구
JDQ4MTg4MSM1MSMkMSMkMCMkODkkMzgxMzUxIzExIyQyIyQ3IyQwMCQyNjEwMDIjODEjJDEjJDIjJDgz,10,산부인과,5,0,국립중앙의료원,종합병원,중구
JDQ4MTg4MSM1MSMkMSMkMCMkODkkMzgxMzUxIzExIyQyIyQ3IyQwMCQyNjEwMDIjODEjJDEjJDIjJDgz,11,소아청소년과,2,0,국립중앙의료원,종합병원,중구
JDQ4MTg4MSM1MSMkMSMkMCMkODkkMzgxMzUxIzExIyQyIyQ3IyQwMCQyNjEwMDIjODEjJDEjJDIjJDgz,12,안과,5,0,국립중앙의료원,종합병원,중구
JDQ4MTg4MSM1MSMkMSMkMCMkODkkMzgxMzUxIzExIyQyIyQ3IyQwMCQyNjEwMDIjODEjJDEjJDIjJDgz,13,이비인후과,4,0,국립중앙의료원,종합병원,중구
JDQ4MTg4MSM1MSMkMSMkMCMkODkkMzgxMzUxIzExIyQyIyQ3IyQwMCQyNjEwMDIjODEjJDEjJDIjJDgz,14,피부과,3,0,국립중앙의료원,종합병원,중구
JDQ4MTg4MSM1MSMkMSMkMCMkODkkMzgxMzUxIzExIyQyIyQ3IyQwMCQyNjEwMDIjODEjJDEjJDIjJDgz,15,비뇨의학과,4,0,국립중앙의료원,종합병원,중구
JDQ4MTg4MSM1MSMkMSMkMCMkODkkMzgxMzUxIzExIyQyIyQ3IyQwMCQyNjEwMDIjODEjJDEjJDIjJDgz,16,영상의학과,5,0,국립중앙의료원,종합병원,중구
JDQ4MTg4MSM1MSMkMSMkMCMkODkkMzgxMzUxIzExIyQyIyQ3IyQwMCQyNjEwMDIjODEjJDEjJDIjJDgz,17,방사선종양학과,1,0,국립중앙의료원,종합병원,중구
JDQ4MTg4MSM1MSMkMSMkMCMkODkkMzgxMzUxIzExIyQyIyQ3IyQwMCQyNjEwMDIjODEjJDEjJDIjJDgz,18,병리과,2,0,국립중앙의료원,종합병원,중구
JDQ4MTg4MSM1MSMkMSMkMCMkODkkMzgxMzUxIzExIyQyIyQ3IyQwMCQyNjEwMDIjODEjJDEjJDIjJDgz,19,진단검사의학과,2,0,국립중앙의료원,종합병원,중구
JDQ4MTg4MSM1MSMkMSMkMCMkODkkMzgxMzUxIzExIyQyIyQ3IyQwMCQyNjEwMDIjODEjJDEjJDIjJDgz,21,재활의학과,1,0,국립중앙의료원,종합병원,중구
JDQ4MTg4MSM1MSMkMSMkMCMkODkkMzgxMzUxIzExIyQyIyQ3IyQwMCQyNjEwMDIjODEjJDEjJDIjJDgz,22,핵의학과,1,0,국립중앙의료원,종합병원,중구
JDQ4MTg4MSM1MSMkMSMkMCMkODkkMzgxMzUxIzExIyQyIyQ3IyQwMCQyNjEwMDIjODEjJDEjJDIjJDgz,23,가정의학과,3,0,국립중앙의료원,종합병원,중구
JDQ4MTg4MSM1MSMkMSMkMCMkODkkMzgxMzUxIzExIyQyIyQ3IyQwMCQyNjEwMDIjODEjJDEjJDIjJDgz,24,응급의학과,16,0,국립중앙의료원,종합병원,중구
JDQ4MTg4MSM1MSMkMSMkMCMkODkkMzgxMzUxIzExIyQyIyQ3IyQwMCQyNjEwMDIjODEjJDEjJDIjJDgz,25,직업환경의학과,0,0,국립중앙의료원,종합병원,중구
JDQ4MTg4MSM1MSMkMSMkMCMkODkkMzgxMzUxIzExIyQyIyQ3IyQwMCQyNjEwMDIjODEjJDEjJDIjJDgz,50,구강악안면외과,1,0,국립중앙의료원,종합병원,중구
JDQ4MTg4MSM1MSMkMSMkMCMkODkkMzgxMzUxIzExIyQyIyQ3IyQwMCQyNjEwMDIjODEjJDEjJDIjJDgz,51,치과보철과,0,0,국립중앙의료원,종합병원,중구
JDQ4MTg4MSM1MSMkMSMkMCMkODkkMzgxMzUxIzExIyQyIyQ3IyQwMCQyNjEwMDIjODEjJDEjJDIjJDgz,52,치과교정과,0,0,국립중앙의료원,종합병원,중구
JDQ4MTg4MSM1MSMkMSMkMCMkODkkMzgxMzUxIzExIyQyIyQ3IyQwMCQyNjEwMDIjODEjJDEjJDIjJDgz,54,치주과,0,0,국립중앙의료원,종합병원,중구
JDQ4MTg4MSM1MSMkMSMkMCMkODkkMzgxMzUxIzExIyQyIyQ3IyQwMCQyNjEwMDIjODEjJDEjJDIjJDgz,55,치과보존과,1,0,국립중앙의료원,종합병원,중구
JDQ4MTg4MSM1MSMkMSMkMCMkODkkMzgxMzUxIzExIyQyIyQ3IyQwMCQyNjEwMDIjODEjJDEjJDIjJDgz,56,구강내과,0,0,국립중앙의료원,종합병원,중구
JDQ4MTg4MSM1MSMkMSMkMCMkODkkMzgxMzUxIzExIyQyIyQ3IyQwMCQyNjEwMDIjODEjJDEjJDIjJDgz,57,영상치의학과,0,0,국립중앙의료원,종합병원,중구
JDQ4MTg4MSM1MSMkMSMkMCMkODkkMzgxMzUxIzExIyQyIyQ3IyQwMCQyNjEwMDIjODEjJDEjJDIjJDgz,59,예방치과,0,0,국립중앙의료원,종합병원,중구
JDQ4MTg4MSM1MSMkMSMkMCMkODkkMzgxMzUxIzExIyQyIyQ3IyQwMCQyNjEwMDIjODEjJDEjJDIjJDgz,61,통합치의학과,3,0,국립중앙의료원,종합병원,중구
JDQ4MTg4MSM1MSMkMSMkMCMkODkkMzgxMzUxIzExIyQyIyQ3IyQwMCQyNjEwMDIjODEjJDEjJDIjJDgz,80,한방내과,1,0,국립중앙의료원,종합병원,중구
JDQ4MTg4MSM1MSMkMSMkMCMkODkkMzgxMzUxIzExIyQyIyQ3IyQwMCQyNjEwMDIjODEjJDEjJDIjJDgz,84,한방신경정신과,1,0,국립중앙의료원,종합병원,중구
JDQ4MTg4MSM1MSMkMSMkMCMkODkkMzgxMzUxIzExIyQyIyQ3IyQwMCQyNjEwMDIjODEjJDEjJDIjJDgz,85,침구과,2,0,국립중앙의료원,종합병원,중구
JDQ4MTg4MSM1MSMkMSMkMCMkODkkMzgxMzUxIzExIyQxIyQ3IyQ2MiQyNjEyMjIjNTEjJDEjJDYjJDgz,1,내과,9,0,기쁨병원,종합병원,서초구
JDQ4MTg4MSM1MSMkMSMkMCMkODkkMzgxMzUxIzExIyQxIyQ3IyQ2MiQyNjEyMjIjNTEjJDEjJDYjJDgz,2,신경과,1,0,기쁨병원,종합병원,서초구
JDQ4MTg4MSM1MSMkMSMkMCMkODkkMzgxMzUxIzExIyQxIyQ3IyQ2MiQyNjEyMjIjNTEjJDEjJDYjJDgz,4,외과,14,0,기쁨병원,종합병원,서초구
JDQ4MTg4MSM1MSMkMSMkMCMkODkkMzgxMzUxIzExIyQxIyQ3IyQ2MiQyNjEyMjIjNTEjJDEjJDYjJDgz,5,정형외과,0,0,기쁨병원,종합병원,서초구
JDQ4MTg4MSM1MSMkMSMkMCMkODkkMzgxMzUxIzExIyQxIyQ3IyQ2MiQyNjEyMjIjNTEjJDEjJDYjJDgz,9,마취통증의학과,4,0,기쁨병원,종합병원,서초구
JDQ4MTg4MSM1MSMkMSMkMCMkODkkMzgxMzUxIzExIyQxIyQ3IyQ2MiQyNjEyMjIjNTEjJDEjJDYjJDgz,10,산부인과,2,0,기쁨병원,종합병원,서초구
JDQ4MTg4MSM1MSMkMSMkMCMkODkkMzgxMzUxIzExIyQxIyQ3IyQ2MiQyNjEyMjIjNTEjJDEjJDYjJDgz,11,소아청소년과,5,0,기쁨병원,종합병원,서초구
JDQ4MTg4MSM1MSMkMSMkMCMkODkkMzgxMzUxIzExIyQxIyQ3IyQ2MiQyNjEyMjIjNTEjJDEjJDYjJDgz,13,이비인후과,0,0,기쁨병원,종합병원,서초구
JDQ4MTg4MSM1MSMkMSMkMCMkODkkMzgxMzUxIzExIyQxIyQ3IyQ2MiQyNjEyMjIjNTEjJDEjJDYjJDgz,14,피부과,0,0,기쁨병원,종합병원,서초구
JDQ4MTg4MSM1MSMkMSMkMCMkODkkMzgxMzUxIzExIyQxIyQ3IyQ2MiQyNjEyMjIjNTEjJDEjJDYjJDgz,15,비뇨의학과,2,0,기쁨병원,종합병원,서초구
JDQ4MTg4MSM1MSMkMSMkMCMkODkkMzgxMzUxIzExIyQxIyQ3IyQ2MiQyNjEyMjIjNTEjJDEjJDYjJDgz,16,영상의학과,5,0,기쁨병원,종합병원,서초구
JDQ4MTg4MSM1MSMkMSMkMCMkODkkMzgxMzUxIzExIyQxIyQ3IyQ2MiQyNjEyMjIjNTEjJDEjJDYjJDgz,19,진단검사의학과,1,0,기쁨병원,종합병원,서초구
JDQ4MTg4MSM1MSMkMSMkMCMkODkkMzgxMzUxIzExIyQxIyQ3IyQ2MiQyNjEyMjIjNTEjJDEjJDYjJDgz,23,가정의학과,2,0,기쁨병원,종합병원,서초구
JDQ4MTg4MSM1MSMkMSMkMCMkODkkMzgxMzUxIzExIyQxIyQ3IyQ2MiQyNjEyMjIjNTEjJDEjJDYjJDgz,24,응급의학과,0,0,기쁨병원,종합병원,서초구
JDQ4MTg4MSM1MSMkMSMkMCMkODkkMzgxMzUxIzExIyQxIyQ3IyQ2MiQyNjEyMjIjNTEjJDEjJDYjJDgz,61,통합치의학과,0,0,기쁨병원,종합병원,서초구
JDQ4MTg4MSM1MSMkMSMkMCMkODkkMzgxMzUxIzExIyQxIyQ3IyQ3OSQyNjEwMDIjNjEjJDEjJDgjJDgz,1,내과,31,0,노원을지대학교병원,종합병원,노원구
JDQ4MTg4MSM1MSMkMSMkMCMkODkkMzgxMzUxIzExIyQxIyQ3IyQ3OSQyNjEwMDIjNjEjJDEjJDgjJDgz,2,신경과,7,0,노원을지대학교병원,종합병원,노원구
JDQ4MTg4MSM1MSMkMSMkMCMkODkkMzgxMzUxIzExIyQxIyQ3IyQ3OSQyNjEwMDIjNjEjJDEjJDgjJDgz,3,정신건강의학과,7,0,노원을지대학교병원,종합병원,노원구
JDQ4MTg4MSM1MSMkMSMkMCMkODkkMzgxMzUxIzExIyQxIyQ3IyQ3OSQyNjEwMDIjNjEjJDEjJDgjJDgz,4,외과,6,0,노원을지대학교병원,종합병원,노원구
JDQ4MTg4MSM1MSMkMSMkMCMkODkkMzgxMzUxIzExIyQxIyQ3IyQ3OSQyNjEwMDIjNjEjJDEjJDgjJDgz,5,정형외과,8,0,노원을지대학교병원,종합병원,노원구
JDQ4MTg4MSM1MSMkMSMkMCMkODkkMzgxMzUxIzExIyQxIyQ3IyQ3OSQyNjEwMDIjNjEjJDEjJDgjJDgz,6,신경외과,6,0,노원을지대학교병원,종합병원,노원구
JDQ4MTg4MSM1MSMkMSMkMCMkODkkMzgxMzUxIzExIyQxIyQ3IyQ3OSQyNjEwMDIjNjEjJDEjJDgjJDgz,7,심장혈관흉부외과,2,0,노원을지대학교병원,종합병원,노원구
JDQ4MTg4MSM1MSMkMSMkMCMkODkkMzgxMzUxIzExIyQxIyQ3IyQ3OSQyNjEwMDIjNjEjJDEjJDgjJDgz,8,성형외과,3,0,노원을지대학교병원,종합병원,노원구
JDQ4MTg4MSM1MSMkMSMkMCMkODkkMzgxMzUxIzExIyQxIyQ3IyQ3OSQyNjEwMDIjNjEjJDEjJDgjJDgz,9,마취통증의학과,7,0,노원을지대학교병원,종합병원,노원구
JDQ4MTg4MSM1MSMkMSMkMCMkODkkMzgxMzUxIzExIyQxIyQ3IyQ3OSQyNjEwMDIjNjEjJDEjJDgjJDgz,10,산부인과,8,0,노원을지대학교병원,종합병원,노원구
JDQ4MTg4MSM1MSMkMSMkMCMkODkkMzgxMzUxIzExIyQxIyQ3IyQ3OSQyNjEwMDIjNjEjJDEjJDgjJDgz,11,소아청소년과,8,0,노원을지대학교병원,종합병원,노원구
JDQ4MTg4MSM1MSMkMSMkMCMkODkkMzgxMzUxIzExIyQxIyQ3IyQ3OSQyNjEwMDIjNjEjJDEjJDgjJDgz,12,안과,5,0,노원을지대학교병원,종합병원,노원구
JDQ4MTg4MSM1MSMkMSMkMCMkODkkMzgxMzUxIzExIyQxIyQ3IyQ3OSQyNjEwMDIjNjEjJDEjJDgjJDgz,13,이비인후과,4,0,노원을지대학교병원,종합병원,노원구
JDQ4MTg4MSM1MSMkMSMkMCMkODkkMzgxMzUxIzExIyQxIyQ3IyQ3OSQyNjEwMDIjNjEjJDEjJDgjJDgz,14,피부과,3,0,노원을지대학교병원,종합병원,노원구
JDQ4MTg4MSM1MSMkMSMkMCMkODkkMzgxMzUxIzExIyQxIyQ3IyQ3OSQyNjEwMDIjNjEjJDEjJDgjJDgz,15,비뇨의학과,5,0,노원을지대학교병원,종합병원,노원구
JDQ4MTg4MSM1MSMkMSMkMCMkODkkMzgxMzUxIzExIyQxIyQ3IyQ3OSQyNjEwMDIjNjEjJDEjJDgjJDgz,16,영상의학과,8,0,노원을지대학교병원,종합병원,노원구
JDQ4MTg4MSM1MSMkMSMkMCMkODkkMzgxMzUxIzExIyQxIyQ3IyQ3OSQyNjEwMDIjNjEjJDEjJDgjJDgz,17,방사선종양학과,1,0,노원을지대학교병원,종합병원,노원구
JDQ4MTg4MSM1MSMkMSMkMCMkODkkMzgxMzUxIzExIyQxIyQ3IyQ3OSQyNjEwMDIjNjEjJDEjJDgjJDgz,18,병리과,3,0,노원을지대학교병원,종합병원,노원구
JDQ4MTg4MSM1MSMkMSMkMCMkODkkMzgxMzUxIzExIyQxIyQ3IyQ3OSQyNjEwMDIjNjEjJDEjJDgjJDgz,19,진단검사의학과,1,0,노원을지대학교병원,종합병원,노원구
JDQ4MTg4MSM1MSMkMSMkMCMkODkkMzgxMzUxIzExIyQxIyQ3IyQ3OSQyNjEwMDIjNjEjJDEjJDgjJDgz,21,재활의학과,4,0,노원을지대학교병원,종합병원,노원구
JDQ4MTg4MSM1MSMkMSMkMCMkODkkMzgxMzUxIzExIyQxIyQ3IyQ3OSQyNjEwMDIjNjEjJDEjJDgjJDgz,22,핵의학과,1,0,노원을지대학교병원,종합병원,노원구
JDQ4MTg4MSM1MSMkMSMkMCMkODkkMzgxMzUxIzExIyQxIyQ3IyQ3OSQyNjEwMDIjNjEjJDEjJDgjJDgz,23,가정의학과,3,0,노원을지대학교병원,종합병원,노원구
JDQ4MTg4MSM1MSMkMSMkMCMkODkkMzgxMzUxIzExIyQxIyQ3IyQ3OSQyNjEwMDIjNjEjJDEjJDgjJDgz,24,응급의학과,8,0,노원을지대학교병원,종합병원,노원구
JDQ4MTg4MSM1MSMkMSMkMCMkODkkMzgxMzUxIzExIyQxIyQ3IyQ3OSQyNjEwMDIjNjEjJDEjJDgjJDgz,50,구강악안면외과,0,0,노원을지대학교병원,종합병원,노원구
JDQ4MTg4MSM1MSMkMSMkMCMkODkkMzgxMzUxIzExIyQxIyQ3IyQ3OSQyNjEwMDIjNjEjJDEjJDgjJDgz,51,치과보철과,0,0,노원을지대학교병원,종합병원,노원구
JDQ4MTg4MSM1MSMkMSMkMCMkODkkMzgxMzUxIzExIyQxIyQ3IyQ3OSQyNjEwMDIjNjEjJDEjJDgjJDgz,52,치과교정과,1,0,노원을지대학교병원,종합병원,노원구
JDQ4MTg4MSM1MSMkMSMkMCMkODkkMzgxMzUxIzExIyQxIyQ3IyQ5OSQzNjEwMDIjNTEjJDEjJDYjJDgz,1,내과,6,0,녹색병원,종합병원,중랑구
JDQ4MTg4MSM1MSMkMSMkMCMkODkkMzgxMzUxIzExIyQxIyQ3IyQ5OSQzNjEwMDIjNTEjJDEjJDYjJDgz,2,신경과,1,0,녹색병원,종합병원,중랑구
JDQ4MTg4MSM1MSMkMSMkMCMkODkkMzgxMzUxIzExIyQxIyQ3IyQ5OSQzNjEwMDIjNTEjJDEjJDYjJDgz,3,정신건강의학과,0,0,녹색병원,종합병원,중랑구
JDQ4MTg4MSM1MSMkMSMkMCMkODkkMzgxMzUxIzExIyQxIyQ3IyQ5OSQzNjEwMDIjNTEjJDEjJDYjJDgz,4,외과,2,0,녹색병원,종합병원,중랑구
JDQ4MTg4MSM1MSMkMSMkMCMkODkkMzgxMzUxIzExIyQxIyQ3IyQ5OSQzNjEwMDIjNTEjJDEjJDYjJDgz,5,정형외과,2,0,녹색병원,종합병원,중랑구
JDQ4MTg4MSM1MSMkMSMkMCMkODkkMzgxMzUxIzExIyQxIyQ3IyQ5OSQzNjEwMDIjNTEjJDEjJDYjJDgz,6,신경외과,2,0,녹색병원,종합병원,중랑구
JDQ4MTg4MSM1MSMkMSMkMCMkODkkMzgxMzUxIzExIyQxIyQ3IyQ5OSQzNjEwMDIjNTEjJDEjJDYjJDgz,9,마취통증의학과,1,0,녹색병원,종합병원,중랑구
JDQ4MTg4MSM1MSMkMSMkMCMkODkkMzgxMzUxIzExIyQxIyQ3IyQ5OSQzNjEwMDIjNTEjJDEjJDYjJDgz,10,산부인과,1,0,녹색병원,종합병원,중랑구
JDQ4MTg4MSM1MSMkMSMkMCMkODkkMzgxMzUxIzExIyQxIyQ3IyQ5OSQzNjEwMDIjNTEjJDEjJDYjJDgz,11,소아청소년과,1,0,녹색병원,종합병원,중랑구
JDQ4MTg4MSM1MSMkMSMkMCMkODkkMzgxMzUxIzExIyQxIyQ3IyQ5OSQzNjEwMDIjNTEjJDEjJDYjJDgz,13,이비인후과,0,0,녹색병원,종합병원,중랑구
JDQ4MTg4MSM1MSMkMSMkMCMkODkkMzgxMzUxIzExIyQxIyQ3IyQ5OSQzNjEwMDIjNTEjJDEjJDYjJDgz,15,비뇨의학과,1,0,녹색병원,종합병원,중랑구
JDQ4MTg4MSM1MSMkMSMkMCMkODkkMzgxMzUxIzExIyQxIyQ3IyQ5OSQzNjEwMDIjNTEjJDEjJDYjJDgz,16,영상의학과,2,0,녹색병원,종합병원,중랑구
JDQ4MTg4MSM1MSMkMSMkMCMkODkkMzgxMzUxIzExIyQxIyQ3IyQ5OSQzNjEwMDIjNTEjJDEjJDYjJDgz,19,진단검사의학과,1,0,녹색병원,종합병원,중랑구
JDQ4MTg4MSM1MSMkMSMkMCMkODkkMzgxMzUxIzExIyQxIyQ3IyQ5OSQzNjEwMDIjNTEjJDEjJDYjJDgz,21,재활의학과,2,0,녹색병원,종합병원,중랑구
JDQ4MTg4MSM1MSMkMSMkMCMkODkkMzgxMzUxIzExIyQxIyQ3IyQ5OSQzNjEwMDIjNTEjJDEjJDYjJDgz,23,가정의학과,2,0,녹색병원,종합병원,중랑구
JDQ4MTg4MSM1MSMkMSMkMCMkODkkMzgxMzUxIzExIyQxIyQ3IyQ5OSQzNjEwMDIjNTEjJDEjJDYjJDgz,24,응급의학과,6,0,녹색병원,종합병원,중랑구
JDQ4MTg4MSM1MSMkMSMkMCMkODkkMzgxMzUxIzExIyQxIyQ3IyQ5OSQzNjEwMDIjNTEjJDEjJDYjJDgz,25,직업환경의학과,4,0,녹색병원,종합병원,중랑구
JDQ4MTg4MSM1MSMkMSMkMCMkODkkMzgxMzUxIzExIyQxIyQzIyQ4MiQ0NjEwMDIjODEjJDEjJDYjJDgz,1,내과,10,0,대림성모병원,종합병원,영등포구
JDQ4MTg4MSM1MSMkMSMkMCMkODkkMzgxMzUxIzExIyQxIyQzIyQ4MiQ0NjEwMDIjODEjJDEjJDYjJDgz,2,신경과,2,0,대림성모병원,종합병원,영등포구
JDQ4MTg4MSM1MSMkMSMkMCMkODkkMzgxMzUxIzExIyQxIyQzIyQ4MiQ0NjEwMDIjODEjJDEjJDYjJDgz,3,정신건강의학과,1,0,대림성모병원,종합병원,영등포구
JDQ4MTg4MSM1MSMkMSMkMCMkODkkMzgxMzUxIzExIyQxIyQzIyQ4MiQ0NjEwMDIjODEjJDEjJDYjJDgz,4,외과,9,0,대림성모병원,종합병원,영등포구
JDQ4MTg4MSM1MSMkMSMkMCMkODkkMzgxMzUxIzExIyQxIyQzIyQ4MiQ0NjEwMDIjODEjJDEjJDYjJDgz,5,정형외과,2,0,대림성모병원,종합병원,영등포구
JDQ4MTg4MSM1MSMkMSMkMCMkODkkMzgxMzUxIzExIyQxIyQzIyQ4MiQ0NjEwMDIjODEjJDEjJDYjJDgz,6,신경외과,0,0,대림성모병원,종합병원,영등포구
JDQ4MTg4MSM1MSMkMSMkMCMkODkkMzgxMzUxIzExIyQxIyQzIyQ4MiQ0NjEwMDIjODEjJDEjJDYjJDgz,8,성형외과,0,0,대림성모병원,종합병원,영등포구
JDQ4MTg4MSM1MSMkMSMkMCMkODkkMzgxMzUxIzExIyQxIyQzIyQ4MiQ0NjEwMDIjODEjJDEjJDYjJDgz,9,마취통증의학과,2,0,대림성모병원,종합병원,영등포구
JDQ4MTg4MSM1MSMkMSMkMCMkODkkMzgxMzUxIzExIyQxIyQzIyQ4MiQ0NjEwMDIjODEjJDEjJDYjJDgz,10,산부인과,2,0,대림성모병원,종합병원,영등포구
JDQ4MTg4MSM1MSMkMSMkMCMkODkkMzgxMzUxIzExIyQxIyQzIyQ4MiQ0NjEwMDIjODEjJDEjJDYjJDgz,11,소아청소년과,0,0,대림성모병원,종합병원,영등포구
JDQ4MTg4MSM1MSMkMSMkMCMkODkkMzgxMzUxIzExIyQxIyQzIyQ4MiQ0NjEwMDIjODEjJDEjJDYjJDgz,13,이비인후과,1,0,대림성모병원,종합병원,영등포구
JDQ4MTg4MSM1MSMkMSMkMCMkODkkMzgxMzUxIzExIyQxIyQzIyQ4MiQ0NjEwMDIjODEjJDEjJDYjJDgz,16,영상의학과,9,0,대림성모병원,종합병원,영등포구
JDQ4MTg4MSM1MSMkMSMkMCMkODkkMzgxMzUxIzExIyQxIyQzIyQ4MiQ0NjEwMDIjODEjJDEjJDYjJDgz,17,방사선종양학과,1,0,대림성모병원,종합병원,영등포구
JDQ4MTg4MSM1MSMkMSMkMCMkODkkMzgxMzUxIzExIyQxIyQzIyQ4MiQ0NjEwMDIjODEjJDEjJDYjJDgz,18,병리과,2,0,대림성모병원,종합병원,영등포구
JDQ4MTg4MSM1MSMkMSMkMCMkODkkMzgxMzUxIzExIyQxIyQzIyQ4MiQ0NjEwMDIjODEjJDEjJDYjJDgz,19,진단검사의학과,1,0,대림성모병원,종합병원,영등포구
JDQ4MTg4MSM1MSMkMSMkMCMkODkkMzgxMzUxIzExIyQxIyQzIyQ4MiQ0NjEwMDIjODEjJDEjJDYjJDgz,21,재활의학과,1,0,대림성모병원,종합병원,영등포구
JDQ4MTg4MSM1MSMkMSMkMCMkODkkMzgxMzUxIzExIyQxIyQzIyQ4MiQ0NjEwMDIjODEjJDEjJDYjJDgz,22,핵의학과,1,0,대림성모병원,종합병원,영등포구
JDQ4MTg4MSM1MSMkMSMkMCMkODkkMzgxMzUxIzExIyQxIyQzIyQ4MiQ0NjEwMDIjODEjJDEjJDYjJDgz,23,가정의학과,2,0,대림성모병원,종합병원,영등포구
JDQ4MTg4MSM1MSMkMSMkMCMkODkkMzgxMzUxIzExIyQxIyQzIyQ4MiQ0NjEwMDIjODEjJDEjJDYjJDgz,24,응급의학과,5,0,대림성모병원,종합병원,영등포구
JDQ4MTg4MSM1MSMkMSMkMCMkODkkMzgxMzUxIzExIyQxIyQzIyQ4MiQ0NjEwMDIjODEjJDEjJDYjJDgz,56,구강내과,0,0,대림성모병원,종합병원,영등포구
JDQ4MTg4MSM1MSMkMSMkMCMkODkkMzgxMzUxIzExIyQxIyQzIyQwMyQ0NjEwMDIjNTEjJDEjJDYjJDgz,1,내과,5,0,명지성모병원,종합병원,영등포구
JDQ4MTg4MSM1MSMkMSMkMCMkODkkMzgxMzUxIzExIyQxIyQzIyQwMyQ0NjEwMDIjNTEjJDEjJDYjJDgz,2,신경과,4,0,명지성모병원,종합병원,영등포구
JDQ4MTg4MSM1MSMkMSMkMCMkODkkMzgxMzUxIzExIyQxIyQzIyQwMyQ0NjEwMDIjNTEjJDEjJDYjJDgz,4,외과,1,0,명지성모병원,종합병원,영등포구
JDQ4MTg4MSM1MSMkMSMkMCMkODkkMzgxMzUxIzExIyQxIyQzIyQwMyQ0NjEwMDIjNTEjJDEjJDYjJDgz,5,정형외과,1,0,명지성모병원,종합병원,영등포구
JDQ4MTg4MSM1MSMkMSMkMCMkODkkMzgxMzUxIzExIyQxIyQzIyQwMyQ0NjEwMDIjNTEjJDEjJDYjJDgz,6,신경외과,6,0,명지성모병원,종합병원,영등포구
JDQ4MTg4MSM1MSMkMSMkMCMkODkkMzgxMzUxIzExIyQxIyQzIyQwMyQ0NjEwMDIjNTEjJDEjJDYjJDgz,9,마취통증의학과,2,0,명지성모병원,종합병원,영등포구
JDQ4MTg4MSM1MSMkMSMkMCMkODkkMzgxMzUxIzExIyQxIyQzIyQwMyQ0NjEwMDIjNTEjJDEjJDYjJDgz,10,산부인과,2,0,명지성모병원,종합병원,영등포구
JDQ4MTg4MSM1MSMkMSMkMCMkODkkMzgxMzUxIzExIyQxIyQzIyQwMyQ0NjEwMDIjNTEjJDEjJDYjJDgz,16,영상의학과,2,0,명지성모병원,종합병원,영등포구
JDQ4MTg4MSM1MSMkMSMkMCMkODkkMzgxMzUxIzExIyQxIyQzIyQwMyQ0NjEwMDIjNTEjJDEjJDYjJDgz,19,진단검사의학과,1,0,명지성모병원,종합병원,영등포구
JDQ4MTg4MSM1MSMkMSMkMCMkODkkMzgxMzUxIzExIyQxIyQzIyQwMyQ0NjEwMDIjNTEjJDEjJDYjJDgz,21,재활의학과,2,0,명지성모병원,종합병원,영등포구
JDQ4MTg4MSM1MSMkMSMkMCMkODkkMzgxMzUxIzExIyQxIyQzIyQwMyQ0NjEwMDIjNTEjJDEjJDYjJDgz,23,가정의학과,2,0,명지성모병원,종합병원,영등포구
JDQ4MTg4MSM1MSMkMSMkMCMkODkkMzgxMzUxIzExIyQxIyQzIyQwMyQ0NjEwMDIjNTEjJDEjJDYjJDgz,24,응급의학과,5,0,명지성모병원,종합병원,영등포구
JDQ4MTg4MSM1MSMkMSMkMCMkODkkMzgxMzUxIzExIyQxIyQ3IyQ4OSQ0NjE0ODEjNDEjJDEjJDgjJDgz,1,내과,11,0,미즈메디병원,종합병원,강서구
JDQ4MTg4MSM1MSMkMSMkMCMkODkkMzgxMzUxIzExIyQxIyQ3IyQ4OSQ0NjE0ODEjNDEjJDEjJDgjJDgz,4,외과,5,0,미즈메디병원,종합병원,강서구
JDQ4MTg4MSM1MSMkMSMkMCMkODkkMzgxMzUxIzExIyQxIyQ3IyQ4OSQ0NjE0ODEjNDEjJDEjJDgjJDgz,9,마취통증의학과,5,0,미즈메디병원,종합병원,강서구
JDQ4MTg4MSM1MSMkMSMkMCMkODkkMzgxMzUxIzExIyQxIyQ3IyQ4OSQ0NjE0ODEjNDEjJDEjJDgjJDgz,10,산부인과,20,0,미즈메디병원,종합병원,강서구
JDQ4MTg4MSM1MSMkMSMkMCMkODkkMzgxMzUxIzExIyQxIyQ3IyQ4OSQ0NjE0ODEjNDEjJDEjJDgjJDgz,11,소아청소년과,8,0,미즈메디병원,종합병원,강서구
JDQ4MTg4MSM1MSMkMSMkMCMkODkkMzgxMzUxIzExIyQxIyQ3IyQ4OSQ0NjE0ODEjNDEjJDEjJDgjJDgz,15,비뇨의학과,1,0,미즈메디병원,종합병원,강서구
JDQ4MTg4MSM1MSMkMSMkMCMkODkkMzgxMzUxIzExIyQxIyQ3IyQ4OSQ0NjE0ODEjNDEjJDEjJDgjJDgz,16,영상의학과,3,0,미즈메디병원,종합병원,강서구
JDQ4MTg4MSM1MSMkMSMkMCMkODkkMzgxMzUxIzExIyQxIyQ3IyQ4OSQ0NjE0ODEjNDEjJDEjJDgjJDgz,19,진단검사의학과,1,0,미즈메디병원,종합병원,강서구
JDQ4MTg4MSM1MSMkMSMkMCMkODkkMzgxMzUxIzExIyQxIyQ3IyQ4OSQ0NjE0ODEjNDEjJDEjJDgjJDgz,23,가정의학과,1,0,미즈메디병원,종합병원,강서구
JDQ4MTg4MSM1MSMkMSMkMCMkODkkMzgxMzUxIzExIyQyIyQ3IyQwMCQyNjE4MzIjNjEjJDEjJDAjJDgz,1,내과,9,0,부민병원,종합병원,강서구
JDQ4MTg4MSM1MSMkMSMkMCMkODkkMzgxMzUxIzExIyQyIyQ3IyQwMCQyNjE4MzIjNjEjJDEjJDAjJDgz,2,신경과,1,0,부민병원,종합병원,강서구
JDQ4MTg4MSM1MSMkMSMkMCMkODkkMzgxMzUxIzExIyQyIyQ3IyQwMCQyNjE4MzIjNjEjJDEjJDAjJDgz,4,외과,3,0,부민병원,종합병원,강서구
JDQ4MTg4MSM1MSMkMSMkMCMkODkkMzgxMzUxIzExIyQyIyQ3IyQwMCQyNjE4MzIjNjEjJDEjJDAjJDgz,5,정형외과,18,0,부민병원,종합병원,강서구
JDQ4MTg4MSM1MSMkMSMkMCMkODkkMzgxMzUxIzExIyQyIyQ3IyQwMCQyNjE4MzIjNjEjJDEjJDAjJDgz,6,신경외과,5,0,부민병원,종합병원,강서구
JDQ4MTg4MSM1MSMkMSMkMCMkODkkMzgxMzUxIzExIyQyIyQ3IyQwMCQyNjE4MzIjNjEjJDEjJDAjJDgz,9,마취통증의학과,4,0,부민병원,종합병원,강서구
JDQ4MTg4MSM1MSMkMSMkMCMkODkkMzgxMzUxIzExIyQyIyQ3IyQwMCQyNjE4MzIjNjEjJDEjJDAjJDgz,10,산부인과,0,0,부민병원,종합병원,강서구
JDQ4MTg4MSM1MSMkMSMkMCMkODkkMzgxMzUxIzExIyQyIyQ3IyQwMCQyNjE4MzIjNjEjJDEjJDAjJDgz,11,소아청소년과,2,0,부민병원,종합병원,강서구
JDQ4MTg4MSM1MSMkMSMkMCMkODkkMzgxMzUxIzExIyQyIyQ3IyQwMCQyNjE4MzIjNjEjJDEjJDAjJDgz,15,비뇨의학과,1,0,부민병원,종합병원,강서구
JDQ4MTg4MSM1MSMkMSMkMCMkODkkMzgxMzUxIzExIyQyIyQ3IyQwMCQyNjE4MzIjNjEjJDEjJDAjJDgz,16,영상의학과,3,0,부민병원,종합병원,강서구
JDQ4MTg4MSM1MSMkMSMkMCMkODkkMzgxMzUxIzExIyQyIyQ3IyQwMCQyNjE4MzIjNjEjJDEjJDAjJDgz,19,진단검사의학과,1,0,부민병원,종합병원,강서구
JDQ4MTg4MSM1MSMkMSMkMCMkODkkMzgxMzUxIzExIyQyIyQ3IyQwMCQyNjE4MzIjNjEjJDEjJDAjJDgz,21,재활의학과,1,0,부민병원,종합병원,강서구
JDQ4MTg4MSM1MSMkMSMkMCMkODkkMzgxMzUxIzExIyQyIyQ3IyQwMCQyNjE4MzIjNjEjJDEjJDAjJDgz,23,가정의학과,2,0,부민병원,종합병원,강서구
JDQ4MTg4MSM1MSMkMSMkMCMkODkkMzgxMzUxIzExIyQyIyQ3IyQwMCQyNjE4MzIjNjEjJDEjJDAjJDgz,24,응급의학과,1,0,부민병원,종합병원,강서구
JDQ4MTg4MSM1MSMkMSMkMCMkODkkMzgxMzUxIzExIyQxIyQzIyQ4OSQzNjE0ODEjNDEjJDEjJDgjJDgz,1,내과,29,0,삼육서울병원,종합병원,동대문구
JDQ4MTg4MSM1MSMkMSMkMCMkODkkMzgxMzUxIzExIyQxIyQzIyQ4OSQzNjE0ODEjNDEjJDEjJDgjJDgz,2,신경과,3,0,삼육서울병원,종합병원,동대문구
JDQ4MTg4MSM1MSMkMSMkMCMkODkkMzgxMzUxIzExIyQxIyQzIyQ4OSQzNjE0ODEjNDEjJDEjJDgjJDgz,3,정신건강의학과,3,0,삼육서울병원,종합병원,동대문구
JDQ4MTg4MSM1MSMkMSMkMCMkODkkMzgxMzUxIzExIyQxIyQzIyQ4OSQzNjE0ODEjNDEjJDEjJDgjJDgz,4,외과,5,0,삼육서울병원,종합병원,동대문구
JDQ4MTg4MSM1MSMkMSMkMCMkODkkMzgxMzUxIzExIyQxIyQzIyQ4OSQzNjE0ODEjNDEjJDEjJDgjJDgz,5,정형외과,5,0,삼육서울병원,종합병원,동대문구
JDQ4MTg4MSM1MSMkMSMkMCMkODkkMzgxMzUxIzExIyQxIyQzIyQ4OSQzNjE0ODEjNDEjJDEjJDgjJDgz,6,신경외과,3,0,삼육서울병원,종합병원,동대문구
JDQ4MTg4MSM1MSMkMSMkMCMkODkkMzgxMzUxIzExIyQxIyQzIyQ4OSQzNjE0ODEjNDEjJDEjJDgjJDgz,7,심장혈관흉부외과,1,0,삼육서울병원,종합병원,동대문구
JDQ4MTg4MSM1MSMkMSMkMCMkODkkMzgxMzUxIzExIyQxIyQzIyQ4OSQzNjE0ODEjNDEjJDEjJDgjJDgz,9,마취통증의학과,3,0,삼육서울병원,종합병원,동대문구
JDQ4MTg4MSM1MSMkMSMkMCMkODkkMzgxMzUxIzExIyQxIyQzIyQ4OSQzNjE0ODEjNDEjJDEjJDgjJDgz,10,산부인과,2,0,삼육서울병원,종합병원,동대문구
JDQ4MTg4MSM1MSMkMSMkMCMkODkkMzgxMzUxIzExIyQxIyQzIyQ4OSQzNjE0ODEjNDEjJDEjJDgjJDgz,11,소아청소년과,3,0,삼육서울병원,종합병원,동대문구
JDQ4MTg4MSM1MSMkMSMkMCMkODkkMzgxMzUxIzExIyQxIyQzIyQ4OSQzNjE0ODEjNDEjJDEjJDgjJDgz,12,안과,4,0,삼육서울병원,종합병원,동대문구
JDQ4MTg4MSM1MSMkMSMkMCMkODkkMzgxMzUxIzExIyQxIyQzIyQ4OSQzNjE0ODEjNDEjJDEjJDgjJDgz,13,이비인후과,2,0,삼육서울병원,종합병원,동대문구
JDQ4MTg4MSM1MSMkMSMkMCMkODkkMzgxMzUxIzExIyQxIyQzIyQ4OSQzNjE0ODEjNDEjJDEjJDgjJDgz,14,피부과,1,0,삼육서울병원,종합병원,동대문구
JDQ4MTg4MSM1MSMkMSMkMCMkODkkMzgxMzUxIzExIyQxIyQzIyQ4OSQzNjE0ODEjNDEjJDEjJDgjJDgz,15,비뇨의학과,3,0,삼육서울병원,종합병원,동대문구
JDQ4MTg4MSM1MSMkMSMkMCMkODkkMzgxMzUxIzExIyQxIyQzIyQ4OSQzNjE0ODEjNDEjJDEjJDgjJDgz,16,영상의학과,5,0,삼육서울병원,종합병원,동대문구
JDQ4MTg4MSM1MSMkMSMkMCMkODkkMzgxMzUxIzExIyQxIyQzIyQ4OSQzNjE0ODEjNDEjJDEjJDgjJDgz,18,병리과,1,0,삼육서울병원,종합병원,동대문구
JDQ4MTg4MSM1MSMkMSMkMCMkODkkMzgxMzUxIzExIyQxIyQzIyQ4OSQzNjE0ODEjNDEjJDEjJDgjJDgz,19,진단검사의학과,1,0,삼육서울병원,종합병원,동대문구
JDQ4MTg4MSM1MSMkMSMkMCMkODkkMzgxMzUxIzExIyQxIyQzIyQ4OSQzNjE0ODEjNDEjJDEjJDgjJDgz,21,재활의학과,3,0,삼육서울병원,종합병원,동대문구
JDQ4MTg4MSM1MSMkMSMkMCMkODkkMzgxMzUxIzExIyQxIyQzIyQ4OSQzNjE0ODEjNDEjJDEjJDgjJDgz,23,가정의학과,3,0,삼육서울병원,종합병원,동대문구
JDQ4MTg4MSM1MSMkMSMkMCMkODkkMzgxMzUxIzExIyQxIyQzIyQ4OSQzNjE0ODEjNDEjJDEjJDgjJDgz,24,응급의학과,6,0,삼육서울병원,종합병원,동대문구
JDQ4MTg4MSM1MSMkMSMkMCMkODkkMzgxMzUxIzExIyQxIyQzIyQ4OSQzNjE0ODEjNDEjJDEjJDgjJDgz,25,직업환경의학과,2,0,삼육서울병원,종합병원,동대문구
JDQ4MTg4MSM1MSMkMSMkMCMkODkkMzgxMzUxIzExIyQxIyQzIyQ4OSQzNjE0ODEjNDEjJDEjJDgjJDgz,61,통합치의학과,0,0,삼육서울병원,종합병원,동대문구
JDQ4MTg4MSM1MSMkMSMkMCMkODkkMzgxMzUxIzExIyQxIyQzIyQxMyQyNjE0ODEjNzEjJDEjJDgjJDgz,1,내과,3,0,서울성심병원,종합병원,동대문구
JDQ4MTg4MSM1MSMkMSMkMCMkODkkMzgxMzUxIzExIyQxIyQzIyQxMyQyNjE0ODEjNzEjJDEjJDgjJDgz,2,신경과,1,0,서울성심병원,종합병원,동대문구
JDQ4MTg4MSM1MSMkMSMkMCMkODkkMzgxMzUxIzExIyQxIyQzIyQxMyQyNjE0ODEjNzEjJDEjJDgjJDgz,3,정신건강의학과,1,0,서울성심병원,종합병원,동대문구
JDQ4MTg4MSM1MSMkMSMkMCMkODkkMzgxMzUxIzExIyQxIyQzIyQxMyQyNjE0ODEjNzEjJDEjJDgjJDgz,4,외과,3,0,서울성심병원,종합병원,동대문구
JDQ4MTg4MSM1MSMkMSMkMCMkODkkMzgxMzUxIzExIyQxIyQzIyQxMyQyNjE0ODEjNzEjJDEjJDgjJDgz,5,정형외과,9,0,서울성심병원,종합병원,동대문구
JDQ4MTg4MSM1MSMkMSMkMCMkODkkMzgxMzUxIzExIyQxIyQzIyQxMyQyNjE0ODEjNzEjJDEjJDgjJDgz,9,마취통증의학과,5,0,서울성심병원,종합병원,동대문구
JDQ4MTg4MSM1MSMkMSMkMCMkODkkMzgxMzUxIzExIyQxIyQzIyQxMyQyNjE0ODEjNzEjJDEjJDgjJDgz,10,산부인과,3,0,서울성심병원,종합병원,동대문구
JDQ4MTg4MSM1MSMkMSMkMCMkODkkMzgxMzUxIzExIyQxIyQzIyQxMyQyNjE0ODEjNzEjJDEjJDgjJDgz,11,소아청소년과,1,0,서울성심병원,종합병원,동대문구
JDQ4MTg4MSM1MSMkMSMkMCMkODkkMzgxMzUxIzExIyQxIyQzIyQxMyQyNjE0ODEjNzEjJDEjJDgjJDgz,13,이비인후과,0,0,서울성심병원,종합병원,동대문구
JDQ4MTg4MSM1MSMkMSMkMCMkODkkMzgxMzUxIzExIyQxIyQzIyQxMyQyNjE0ODEjNzEjJDEjJDgjJDgz,15,비뇨의학과,1,0,서울성심병원,종합병원,동대문구
JDQ4MTg4MSM1MSMkMSMkMCMkODkkMzgxMzUxIzExIyQxIyQzIyQxMyQyNjE0ODEjNzEjJDEjJDgjJDgz,16,영상의학과,1,0,서울성심병원,종합병원,동대문구
JDQ4MTg4MSM1MSMkMSMkMCMkODkkMzgxMzUxIzExIyQxIyQzIyQxMyQyNjE0ODEjNzEjJDEjJDgjJDgz,18,병리과,1,0,서울성심병원,종합병원,동대문구
JDQ4MTg4MSM1MSMkMSMkMCMkODkkMzgxMzUxIzExIyQxIyQzIyQxMyQyNjE0ODEjNzEjJDEjJDgjJDgz,19,진단검사의학과,1,0,서울성심병원,종합병원,동대문구
JDQ4MTg4MSM1MSMkMSMkMCMkODkkMzgxMzUxIzExIyQxIyQzIyQxMyQyNjE0ODEjNzEjJDEjJDgjJDgz,21,재활의학과,0,0,서울성심병원,종합병원,동대문구
JDQ4MTg4MSM1MSMkMSMkMCMkODkkMzgxMzUxIzExIyQxIyQzIyQxMyQyNjE0ODEjNzEjJDEjJDgjJDgz,52,치과교정과,0,0,서울성심병원,종합병원,동대문구
JDQ4MTg4MSM1MSMkMSMkMCMkODkkMzgxMzUxIzExIyQxIyQzIyQ4OSQyNjE0ODEjODEjJDEjJDYjJDgz,1,내과,10,0,서울적십자병원,종합병원,종로구
JDQ4MTg4MSM1MSMkMSMkMCMkODkkMzgxMzUxIzExIyQxIyQzIyQ4OSQyNjE0ODEjODEjJDEjJDYjJDgz,2,신경과,1,0,서울적십자병원,종합병원,종로구
JDQ4MTg4MSM1MSMkMSMkMCMkODkkMzgxMzUxIzExIyQxIyQzIyQ4OSQyNjE0ODEjODEjJDEjJDYjJDgz,3,정신건강의학과,1,0,서울적십자병원,종합병원,종로구
JDQ4MTg4MSM1MSMkMSMkMCMkODkkMzgxMzUxIzExIyQxIyQzIyQ4OSQyNjE0ODEjODEjJDEjJDYjJDgz,4,외과,3,0,서울적십자병원,종합병원,종로구
JDQ4MTg4MSM1MSMkMSMkMCMkODkkMzgxMzUxIzExIyQxIyQzIyQ4OSQyNjE0ODEjODEjJDEjJDYjJDgz,5,정형외과,5,0,서울적십자병원,종합병원,종로구
JDQ4MTg4MSM1MSMkMSMkMCMkODkkMzgxMzUxIzExIyQxIyQzIyQ4OSQyNjE0ODEjODEjJDEjJDYjJDgz,9,마취통증의학과,2,0,서울적십자병원,종합병원,종로구
JDQ4MTg4MSM1MSMkMSMkMCMkODkkMzgxMzUxIzExIyQxIyQzIyQ4OSQyNjE0ODEjODEjJDEjJDYjJDgz,10,산부인과,2,0,서울적십자병원,종합병원,종로구
JDQ4MTg4MSM1MSMkMSMkMCMkODkkMzgxMzUxIzExIyQxIyQzIyQ4OSQyNjE0ODEjODEjJDEjJDYjJDgz,11,소아청소년과,1,0,서울적십자병원,종합병원,종로구
JDQ4MTg4MSM1MSMkMSMkMCMkODkkMzgxMzUxIzExIyQxIyQzIyQ4OSQyNjE0ODEjODEjJDEjJDYjJDgz,12,안과,1,0,서울적십자병원,종합병원,종로구
JDQ4MTg4MSM1MSMkMSMkMCMkODkkMzgxMzUxIzExIyQxIyQzIyQ4OSQyNjE0ODEjODEjJDEjJDYjJDgz,13,이비인후과,1,0,서울적십자병원,종합병원,종로구
JDQ4MTg4MSM1MSMkMSMkMCMkODkkMzgxMzUxIzExIyQxIyQzIyQ4OSQyNjE0ODEjODEjJDEjJDYjJDgz,14,피부과,0,0,서울적십자병원,종합병원,종로구
JDQ4MTg4MSM1MSMkMSMkMCMkODkkMzgxMzUxIzExIyQxIyQzIyQ4OSQyNjE0ODEjODEjJDEjJDYjJDgz,15,비뇨의학과,1,0,서울적십자병원,종합병원,종로구
JDQ4MTg4MSM1MSMkMSMkMCMkODkkMzgxMzUxIzExIyQxIyQzIyQ4OSQyNjE0ODEjODEjJDEjJDYjJDgz,16,영상의학과,2,0,서울적십자병원,종합병원,종로구
JDQ4MTg4MSM1MSMkMSMkMCMkODkkMzgxMzUxIzExIyQxIyQzIyQ4OSQyNjE0ODEjODEjJDEjJDYjJDgz,18,병리과,1,0,서울적십자병원,종합병원,종로구
JDQ4MTg4MSM1MSMkMSMkMCMkODkkMzgxMzUxIzExIyQxIyQzIyQ4OSQyNjE0ODEjODEjJDEjJDYjJDgz,19,진단검사의학과,1,0,서울적십자병원,종합병원,종로구
JDQ4MTg4MSM1MSMkMSMkMCMkODkkMzgxMzUxIzExIyQxIyQzIyQ4OSQyNjE0ODEjODEjJDEjJDYjJDgz,23,가정의학과,2,0,서울적십자병원,종합병원,종로구
JDQ4MTg4MSM1MSMkMSMkMCMkODkkMzgxMzUxIzExIyQxIyQzIyQ4OSQyNjE0ODEjODEjJDEjJDYjJDgz,24,응급의학과,1,0,서울적십자병원,종합병원,종로구
JDQ4MTg4MSM1MSMkMSMkMCMkODkkMzgxMzUxIzExIyQxIyQzIyQ4OSQyNjE0ODEjODEjJDEjJDYjJDgz,61,통합치의학과,1,0,서울적십자병원,종합병원,종로구
JDQ4MTg4MSM1MSMkMSMkMCMkODkkMzgxMzUxIzExIyQxIyQzIyQ4OSQyNjE4MzIjNTEjJDEjJDYjJDgz,1,내과,5,0,서울특별시 동부병원,종합병원,동대문구
JDQ4MTg4MSM1MSMkMSMkMCMkODkkMzgxMzUxIzExIyQxIyQzIyQ4OSQyNjE4MzIjNTEjJDEjJDYjJDgz,2,신경과,2,0,서울특별시 동부병원,종합병원,동대문구
JDQ4MTg4MSM1MSMkMSMkMCMkODkkMzgxMzUxIzExIyQxIyQzIyQ4OSQyNjE4MzIjNTEjJDEjJDYjJDgz,3,정신건강의학과,1,0,서울특별시 동부병원,종합병원,동대문구
JDQ4MTg4MSM1MSMkMSMkMCMkODkkMzgxMzUxIzExIyQxIyQzIyQ4OSQyNjE4MzIjNTEjJDEjJDYjJDgz,4,외과,1,0,서울특별시 동부병원,종합병원,동대문구
JDQ4MTg4MSM1MSMkMSMkMCMkODkkMzgxMzUxIzExIyQxIyQzIyQ4OSQyNjE4MzIjNTEjJDEjJDYjJDgz,5,정형외과,2,0,서울특별시 동부병원,종합병원,동대문구
JDQ4MTg4MSM1MSMkMSMkMCMkODkkMzgxMzUxIzExIyQxIyQzIyQ4OSQyNjE4MzIjNTEjJDEjJDYjJDgz,9,마취통증의학과,2,0,서울특별시 동부병원,종합병원,동대문구
JDQ4MTg4MSM1MSMkMSMkMCMkODkkMzgxMzUxIzExIyQxIyQzIyQ4OSQyNjE4MzIjNTEjJDEjJDYjJDgz,10,산부인과,1,0,서울특별시 동부병원,종합병원,동대문구
JDQ4MTg4MSM1MSMkMSMkMCMkODkkMzgxMzUxIzExIyQxIyQzIyQ4OSQyNjE4MzIjNTEjJDEjJDYjJDgz,11,소아청소년과,1,0,서울특별시 동부병원,종합병원,동대문구
JDQ4MTg4MSM1MSMkMSMkMCMkODkkMzgxMzUxIzExIyQxIyQzIyQ4OSQyNjE4MzIjNTEjJDEjJDYjJDgz,12,안과,1,0,서울특별시 동부병원,종합병원,동대문구
JDQ4MTg4MSM1MSMkMSMkMCMkODkkMzgxMzUxIzExIyQxIyQzIyQ4OSQyNjE4MzIjNTEjJDEjJDYjJDgz,13,이비인후과,1,0,서울특별시 동부병원,종합병원,동대문구
JDQ4MTg4MSM1MSMkMSMkMCMkODkkMzgxMzUxIzExIyQxIyQzIyQ4OSQyNjE4MzIjNTEjJDEjJDYjJDgz,15,비뇨의학과,1,0,서울특별시 동부병원,종합병원,동대문구
JDQ4MTg4MSM1MSMkMSMkMCMkODkkMzgxMzUxIzExIyQxIyQzIyQ4OSQyNjE4MzIjNTEjJDEjJDYjJDgz,16,영상의학과,2,0,서울특별시 동부병원,종합병원,동대문구
JDQ4MTg4MSM1MSMkMSMkMCMkODkkMzgxMzUxIzExIyQxIyQzIyQ4OSQyNjE4MzIjNTEjJDEjJDYjJDgz,18,병리과,0,0,서울특별시 동부병원,종합병원,동대문구
JDQ4MTg4MSM1MSMkMSMkMCMkODkkMzgxMzUxIzExIyQxIyQzIyQ4OSQyNjE4MzIjNTEjJDEjJDYjJDgz,19,진단검사의학과,1,0,서울특별시 동부병원,종합병원,동대문구
JDQ4MTg4MSM1MSMkMSMkMCMkODkkMzgxMzUxIzExIyQxIyQzIyQ4OSQyNjE4MzIjNTEjJDEjJDYjJDgz,21,재활의학과,0,0,서울특별시 동부병원,종합병원,동대문구
JDQ4MTg4MSM1MSMkMSMkMCMkODkkMzgxMzUxIzExIyQxIyQzIyQ4OSQyNjE4MzIjNTEjJDEjJDYjJDgz,23,가정의학과,3,0,서울특별시 동부병원,종합병원,동대문구
JDQ4MTg4MSM1MSMkMSMkMCMkODkkMzgxMzUxIzExIyQxIyQzIyQ4OSQyNjE4MzIjNTEjJDEjJDYjJDgz,24,응급의학과,2,0,서울특별시 동부병원,종합병원,동대문구
JDQ4MTg4MSM1MSMkMSMkMCMkODkkMzgxMzUxIzExIyQxIyQzIyQ4OSQyNjE4MzIjNTEjJDEjJDYjJDgz,51,치과보철과,0,0,서울특별시 동부병원,종합병원,동대문구
JDQ4MTg4MSM1MSMkMSMkMCMkODkkMzgxMzUxIzExIyQxIyQzIyQ4OSQyNjE4MzIjNTEjJDEjJDYjJDgz,53,소아치과,0,0,서울특별시 동부병원,종합병원,동대문구
JDQ4MTg4MSM1MSMkMSMkMCMkODkkMzgxMzUxIzExIyQxIyQzIyQ4OSQyNjE4MzIjNTEjJDEjJDYjJDgz,54,치주과,0,0,서울특별시 동부병원,종합병원,동대문구
JDQ4MTg4MSM1MSMkMSMkMCMkODkkMzgxMzUxIzExIyQxIyQzIyQ4OSQyNjE4MzIjNTEjJDEjJDYjJDgz,55,치과보존과,0,0,서울특별시 동부병원,종합병원,동대문구
JDQ4MTg4MSM1MSMkMSMkMCMkODkkMzgxMzUxIzExIyQxIyQzIyQ4OSQyNjE4MzIjNTEjJDEjJDYjJDgz,56,구강내과,0,0,서울특별시 동부병원,종합병원,동대문구
JDQ4MTg4MSM1MSMkMSMkMCMkODkkMzgxMzUxIzExIyQxIyQzIyQ4OSQyNjE4MzIjNTEjJDEjJDYjJDgz,61,통합치의학과,1,0,서울특별시 동부병원,종합병원,동대문구
JDQ4MTg4MSM1MSMkMSMkMCMkODkkMzgxMzUxIzExIyQxIyQzIyQ5OSQzNjE0ODEjODEjJDEjJDYjJDgz,1,내과,68,0,서울특별시보라매병원,종합병원,동작구
JDQ4MTg4MSM1MSMkMSMkMCMkODkkMzgxMzUxIzExIyQxIyQzIyQ5OSQzNjE0ODEjODEjJDEjJDYjJDgz,2,신경과,9,0,서울특별시보라매병원,종합병원,동작구
JDQ4MTg4MSM1MSMkMSMkMCMkODkkMzgxMzUxIzExIyQxIyQzIyQ5OSQzNjE0ODEjODEjJDEjJDYjJDgz,3,정신건강의학과,8,0,서울특별시보라매병원,종합병원,동작구
JDQ4MTg4MSM1MSMkMSMkMCMkODkkMzgxMzUxIzExIyQxIyQzIyQ5OSQzNjE0ODEjODEjJDEjJDYjJDgz,4,외과,17,0,서울특별시보라매병원,종합병원,동작구
JDQ4MTg4MSM1MSMkMSMkMCMkODkkMzgxMzUxIzExIyQxIyQzIyQ5OSQzNjE0ODEjODEjJDEjJDYjJDgz,5,정형외과,18,0,서울특별시보라매병원,종합병원,동작구
JDQ4MTg4MSM1MSMkMSMkMCMkODkkMzgxMzUxIzExIyQxIyQzIyQ5OSQzNjE0ODEjODEjJDEjJDYjJDgz,6,신경외과,6,0,서울특별시보라매병원,종합병원,동작구
JDQ4MTg4MSM1MSMkMSMkMCMkODkkMzgxMzUxIzExIyQxIyQzIyQ5OSQzNjE0ODEjODEjJDEjJDYjJDgz,7,심장혈관흉부외과,6,0,서울특별시보라매병원,종합병원,동작구
JDQ4MTg4MSM1MSMkMSMkMCMkODkkMzgxMzUxIzExIyQxIyQzIyQ5OSQzNjE0ODEjODEjJDEjJDYjJDgz,8,성형외과,3,0,서울특별시보라매병원,종합병원,동작구
JDQ4MTg4MSM1MSMkMSMkMCMkODkkMzgxMzUxIzExIyQxIyQzIyQ5OSQzNjE0ODEjODEjJDEjJDYjJDgz,9,마취통증의학과,11,0,서울특별시보라매병원,종합병원,동작구
JDQ4MTg4MSM1MSMkMSMkMCMkODkkMzgxMzUxIzExIyQxIyQzIyQ5OSQzNjE0ODEjODEjJDEjJDYjJDgz,10,산부인과,7,0,서울특별시보라매병원,종합병원,동작구
JDQ4MTg4MSM1MSMkMSMkMCMkODkkMzgxMzUxIzExIyQxIyQzIyQ5OSQzNjE0ODEjODEjJDEjJDYjJDgz,11,소아청소년과,13,0,서울특별시보라매병원,종합병원,동작구
JDQ4MTg4MSM1MSMkMSMkMCMkODkkMzgxMzUxIzExIyQxIyQzIyQ5OSQzNjE0ODEjODEjJDEjJDYjJDgz,12,안과,6,0,서울특별시보라매병원,종합병원,동작구
JDQ4MTg4MSM1MSMkMSMkMCMkODkkMzgxMzUxIzExIyQxIyQzIyQ5OSQzNjE0ODEjODEjJDEjJDYjJDgz,13,이비인후과,9,0,서울특별시보라매병원,종합병원,동작구
JDQ4MTg4MSM1MSMkMSMkMCMkODkkMzgxMzUxIzExIyQxIyQzIyQ5OSQzNjE0ODEjODEjJDEjJDYjJDgz,14,피부과,3,0,서울특별시보라매병원,종합병원,동작구
JDQ4MTg4MSM1MSMkMSMkMCMkODkkMzgxMzUxIzExIyQxIyQzIyQ5OSQzNjE0ODEjODEjJDEjJDYjJDgz,15,비뇨의학과,6,0,서울특별시보라매병원,종합병원,동작구
JDQ4MTg4MSM1MSMkMSMkMCMkODkkMzgxMzUxIzExIyQxIyQzIyQ5OSQzNjE0ODEjODEjJDEjJDYjJDgz,16,영상의학과,19,0,서울특별시보라매병원,종합병원,동작구
JDQ4MTg4MSM1MSMkMSMkMCMkODkkMzgxMzUxIzExIyQxIyQzIyQ5OSQzNjE0ODEjODEjJDEjJDYjJDgz,17,방사선종양학과,2,0,서울특별시보라매병원,종합병원,동작구
JDQ4MTg4MSM1MSMkMSMkMCMkODkkMzgxMzUxIzExIyQxIyQzIyQ5OSQzNjE0ODEjODEjJDEjJDYjJDgz,18,병리과,7,0,서울특별시보라매병원,종합병원,동작구
JDQ4MTg4MSM1MSMkMSMkMCMkODkkMzgxMzUxIzExIyQxIyQzIyQ5OSQzNjE0ODEjODEjJDEjJDYjJDgz,19,진단검사의학과,5,0,서울특별시보라매병원,종합병원,동작구
JDQ4MTg4MSM1MSMkMSMkMCMkODkkMzgxMzUxIzExIyQxIyQzIyQ5OSQzNjE0ODEjODEjJDEjJDYjJDgz,21,재활의학과,3,0,서울특별시보라매병원,종합병원,동작구
JDQ4MTg4MSM1MSMkMSMkMCMkODkkMzgxMzUxIzExIyQxIyQzIyQ5OSQzNjE0ODEjODEjJDEjJDYjJDgz,22,핵의학과,2,0,서울특별시보라매병원,종합병원,동작구
JDQ4MTg4MSM1MSMkMSMkMCMkODkkMzgxMzUxIzExIyQxIyQzIyQ5OSQzNjE0ODEjODEjJDEjJDYjJDgz,23,가정의학과,8,0,서울특별시보라매병원,종합병원,동작구
JDQ4MTg4MSM1MSMkMSMkMCMkODkkMzgxMzUxIzExIyQxIyQzIyQ5OSQzNjE0ODEjODEjJDEjJDYjJDgz,24,응급의학과,9,0,서울특별시보라매병원,종합병원,동작구
JDQ4MTg4MSM1MSMkMSMkMCMkODkkMzgxMzUxIzExIyQxIyQzIyQ5OSQzNjE0ODEjODEjJDEjJDYjJDgz,25,직업환경의학과,1,0,서울특별시보라매병원,종합병원,동작구
JDQ4MTg4MSM1MSMkMSMkMCMkODkkMzgxMzUxIzExIyQxIyQzIyQ5OSQzNjE0ODEjODEjJDEjJDYjJDgz,50,구강악안면외과,2,0,서울특별시보라매병원,종합병원,동작구
JDQ4MTg4MSM1MSMkMSMkMCMkODkkMzgxMzUxIzExIyQxIyQzIyQ5OSQzNjE0ODEjODEjJDEjJDYjJDgz,51,치과보철과,1,0,서울특별시보라매병원,종합병원,동작구
JDQ4MTg4MSM1MSMkMSMkMCMkODkkMzgxMzUxIzExIyQxIyQzIyQ5OSQzNjE0ODEjODEjJDEjJDYjJDgz,52,치과교정과,1,0,서울특별시보라매병원,종합병원,동작구
JDQ4MTg4MSM1MSMkMSMkMCMkODkkMzgxMzUxIzExIyQxIyQzIyQ5OSQzNjE0ODEjODEjJDEjJDYjJDgz,54,치주과,1,0,서울특별시보라매병원,종합병원,동작구
JDQ4MTg4MSM1MSMkMSMkMCMkODkkMzgxMzUxIzExIyQxIyQzIyQ5OSQzNjE0ODEjODEjJDEjJDYjJDgz,55,치과보존과,1,0,서울특별시보라매병원,종합병원,동작구
JDQ4MTg4MSM1MSMkMSMkMCMkODkkMzgxMzUxIzExIyQyIyQ3IyQwMCQzNjE4MzIjNzEjJDEjJDgjJDgz,1,내과,13,0,서울특별시서남병원,종합병원,양천구
JDQ4MTg4MSM1MSMkMSMkMCMkODkkMzgxMzUxIzExIyQyIyQ3IyQwMCQzNjE4MzIjNzEjJDEjJDgjJDgz,2,신경과,2,0,서울특별시서남병원,종합병원,양천구
JDQ4MTg4MSM1MSMkMSMkMCMkODkkMzgxMzUxIzExIyQyIyQ3IyQwMCQzNjE4MzIjNzEjJDEjJDgjJDgz,3,정신건강의학과,0,0,서울특별시서남병원,종합병원,양천구
JDQ4MTg4MSM1MSMkMSMkMCMkODkkMzgxMzUxIzExIyQyIyQ3IyQwMCQzNjE4MzIjNzEjJDEjJDgjJDgz,4,외과,2,0,서울특별시서남병원,종합병원,양천구
JDQ4MTg4MSM1MSMkMSMkMCMkODkkMzgxMzUxIzExIyQyIyQ3IyQwMCQzNjE4MzIjNzEjJDEjJDgjJDgz,5,정형외과,6,0,서울특별시서남병원,종합병원,양천구
JDQ4MTg4MSM1MSMkMSMkMCMkODkkMzgxMzUxIzExIyQyIyQ3IyQwMCQzNjE4MzIjNzEjJDEjJDgjJDgz,6,신경외과,1,0,서울특별시서남병원,종합병원,양천구
JDQ4MTg4MSM1MSMkMSMkMCMkODkkMzgxMzUxIzExIyQyIyQ3IyQwMCQzNjE4MzIjNzEjJDEjJDgjJDgz,7,심장혈관흉부외과,1,0,서울특별시서남병원,종합병원,양천구
JDQ4MTg4MSM1MSMkMSMkMCMkODkkMzgxMzUxIzExIyQyIyQ3IyQwMCQzNjE4MzIjNzEjJDEjJDgjJDgz,9,마취통증의학과,2,0,서울특별시서남병원,종합병원,양천구
JDQ4MTg4MSM1MSMkMSMkMCMkODkkMzgxMzUxIzExIyQyIyQ3IyQwMCQzNjE4MzIjNzEjJDEjJDgjJDgz,10,산부인과,2,0,서울특별시서남병원,종합병원,양천구
JDQ4MTg4MSM1MSMkMSMkMCMkODkkMzgxMzUxIzExIyQyIyQ3IyQwMCQzNjE4MzIjNzEjJDEjJDgjJDgz,11,소아청소년과,2,0,서울특별시서남병원,종합병원,양천구
JDQ4MTg4MSM1MSMkMSMkMCMkODkkMzgxMzUxIzExIyQyIyQ3IyQwMCQzNjE4MzIjNzEjJDEjJDgjJDgz,13,이비인후과,1,0,서울특별시서남병원,종합병원,양천구
JDQ4MTg4MSM1MSMkMSMkMCMkODkkMzgxMzUxIzExIyQyIyQ3IyQwMCQzNjE4MzIjNzEjJDEjJDgjJDgz,15,비뇨의학과,1,0,서울특별시서남병원,종합병원,양천구
JDQ4MTg4MSM1MSMkMSMkMCMkODkkMzgxMzUxIzExIyQyIyQ3IyQwMCQzNjE4MzIjNzEjJDEjJDgjJDgz,16,영상의학과,4,0,서울특별시서남병원,종합병원,양천구
JDQ4MTg4MSM1MSMkMSMkMCMkODkkMzgxMzUxIzExIyQyIyQ3IyQwMCQzNjE4MzIjNzEjJDEjJDgjJDgz,18,병리과,1,0,서울특별시서남병원,종합병원,양천구
JDQ4MTg4MSM1MSMkMSMkMCMkODkkMzgxMzUxIzExIyQyIyQ3IyQwMCQzNjE4MzIjNzEjJDEjJDgjJDgz,19,진단검사의학과,1,0,서울특별시서남병원,종합병원,양천구
JDQ4MTg4MSM1MSMkMSMkMCMkODkkMzgxMzUxIzExIyQyIyQ3IyQwMCQzNjE4MzIjNzEjJDEjJDgjJDgz,21,재활의학과,2,0,서울특별시서남병원,종합병원,양천구
JDQ4MTg4MSM1MSMkMSMkMCMkODkkMzgxMzUxIzExIyQyIyQ3IyQwMCQzNjE4MzIjNzEjJDEjJDgjJDgz,23,가정의학과,4,0,서울특별시서남병원,종합병원,양천구
JDQ4MTg4MSM1MSMkMSMkMCMkODkkMzgxMzUxIzExIyQyIyQ3IyQwMCQzNjE4MzIjNzEjJDEjJDgjJDgz,24,응급의학과,8,0,서울특별시서남병원,종합병원,양천구
JDQ4MTg4MSM1MSMkMSMkMCMkODkkMzgxMzUxIzExIyQyIyQ3IyQwMCQzNjE4MzIjNzEjJDEjJDgjJDgz,50,구강악안면외과,0,0,서울특별시서남병원,종합병원,양천구
JDQ4MTg4MSM1MSMkMSMkMCMkODkkMzgxMzUxIzExIyQyIyQ3IyQwMCQyNjEyMjIjNjEjJDEjJDgjJDgz,1,내과,38,0,서울특별시서울의료원,종합병원,중랑구
JDQ4MTg4MSM1MSMkMSMkMCMkODkkMzgxMzUxIzExIyQyIyQ3IyQwMCQyNjEyMjIjNjEjJDEjJDgjJDgz,2,신경과,7,0,서울특별시서울의료원,종합병원,중랑구
JDQ4MTg4MSM1MSMkMSMkMCMkODkkMzgxMzUxIzExIyQyIyQ3IyQwMCQyNjEyMjIjNjEjJDEjJDgjJDgz,3,정신건강의학과,5,0,서울특별시서울의료원,종합병원,중랑구
JDQ4MTg4MSM1MSMkMSMkMCMkODkkMzgxMzUxIzExIyQyIyQ3IyQwMCQyNjEyMjIjNjEjJDEjJDgjJDgz,4,외과,11,0,서울특별시서울의료원,종합병원,중랑구
JDQ4MTg4MSM1MSMkMSMkMCMkODkkMzgxMzUxIzExIyQyIyQ3IyQwMCQyNjEyMjIjNjEjJDEjJDgjJDgz,5,정형외과,7,0,서울특별시서울의료원,종합병원,중랑구
JDQ4MTg4MSM1MSMkMSMkMCMkODkkMzgxMzUxIzExIyQyIyQ3IyQwMCQyNjEyMjIjNjEjJDEjJDgjJDgz,6,신경외과,6,0,서울특별시서울의료원,종합병원,중랑구
JDQ4MTg4MSM1MSMkMSMkMCMkODkkMzgxMzUxIzExIyQyIyQ3IyQwMCQyNjEyMjIjNjEjJDEjJDgjJDgz,7,심장혈관흉부외과,3,0,서울특별시서울의료원,종합병원,중랑구
JDQ4MTg4MSM1MSMkMSMkMCMkODkkMzgxMzUxIzExIyQyIyQ3IyQwMCQyNjEyMjIjNjEjJDEjJDgjJDgz,8,성형외과,0,0,서울특별시서울의료원,종합병원,중랑구
JDQ4MTg4MSM1MSMkMSMkMCMkODkkMzgxMzUxIzExIyQyIyQ3IyQwMCQyNjEyMjIjNjEjJDEjJDgjJDgz,9,마취통증의학과,5,0,서울특별시서울의료원,종합병원,중랑구
JDQ4MTg4MSM1MSMkMSMkMCMkODkkMzgxMzUxIzExIyQyIyQ3IyQwMCQyNjEyMjIjNjEjJDEjJDgjJDgz,10,산부인과,4,0,서울특별시서울의료원,종합병원,중랑구
JDQ4MTg4MSM1MSMkMSMkMCMkODkkMzgxMzUxIzExIyQyIyQ3IyQwMCQyNjEyMjIjNjEjJDEjJDgjJDgz,11,소아청소년과,9,0,서울특별시서울의료원,종합병원,중랑구
JDQ4MTg4MSM1MSMkMSMkMCMkODkkMzgxMzUxIzExIyQyIyQ3IyQwMCQyNjEyMjIjNjEjJDEjJDgjJDgz,12,안과,1,0,서울특별시서울의료원,종합병원,중랑구
JDQ4MTg4MSM1MSMkMSMkMCMkODkkMzgxMzUxIzExIyQyIyQ3IyQwMCQyNjEyMjIjNjEjJDEjJDgjJDgz,13,이비인후과,3,0,서울특별시서울의료원,종합병원,중랑구
JDQ4MTg4MSM1MSMkMSMkMCMkODkkMzgxMzUxIzExIyQyIyQ3IyQwMCQyNjEyMjIjNjEjJDEjJDgjJDgz,14,피부과,2,0,서울특별시서울의료원,종합병원,중랑구
JDQ4MTg4MSM1MSMkMSMkMCMkODkkMzgxMzUxIzExIyQyIyQ3IyQwMCQyNjEyMjIjNjEjJDEjJDgjJDgz,15,비뇨의학과,3,0,서울특별시서울의료원,종합병원,중랑구
JDQ4MTg4MSM1MSMkMSMkMCMkODkkMzgxMzUxIzExIyQyIyQ3IyQwMCQyNjEyMjIjNjEjJDEjJDgjJDgz,16,영상의학과,8,0,서울특별시서울의료원,종합병원,중랑구
JDQ4MTg4MSM1MSMkMSMkMCMkODkkMzgxMzUxIzExIyQyIyQ3IyQwMCQyNjEyMjIjNjEjJDEjJDgjJDgz,17,방사선종양학과,1,0,서울특별시서울의료원,종합병원,중랑구
JDQ4MTg4MSM1MSMkMSMkMCMkODkkMzgxMzUxIzExIyQyIyQ3IyQwMCQyNjEyMjIjNjEjJDEjJDgjJDgz,18,병리과,3,0,서울특별시서울의료원,종합병원,중랑구
JDQ4MTg4MSM1MSMkMSMkMCMkODkkMzgxMzUxIzExIyQyIyQ3IyQwMCQyNjEyMjIjNjEjJDEjJDgjJDgz,19,진단검사의학과,3,0,서울특별시서울의료원,종합병원,중랑구
JDQ4MTg4MSM1MSMkMSMkMCMkODkkMzgxMzUxIzExIyQyIyQ3IyQwMCQyNjEyMjIjNjEjJDEjJDgjJDgz,21,재활의학과,3,0,서울특별시서울의료원,종합병원,중랑구
JDQ4MTg4MSM1MSMkMSMkMCMkODkkMzgxMzUxIzExIyQyIyQ3IyQwMCQyNjEyMjIjNjEjJDEjJDgjJDgz,22,핵의학과,1,0,서울특별시서울의료원,종합병원,중랑구
JDQ4MTg4MSM1MSMkMSMkMCMkODkkMzgxMzUxIzExIyQyIyQ3IyQwMCQyNjEyMjIjNjEjJDEjJDgjJDgz,23,가정의학과,7,0,서울특별시서울의료원,종합병원,중랑구
JDQ4MTg4MSM1MSMkMSMkMCMkODkkMzgxMzUxIzExIyQyIyQ3IyQwMCQyNjEyMjIjNjEjJDEjJDgjJDgz,24,응급의학과,15,0,서울특별시서울의료원,종합병원,중랑구
JDQ4MTg4MSM1MSMkMSMkMCMkODkkMzgxMzUxIzExIyQyIyQ3IyQwMCQyNjEyMjIjNjEjJDEjJDgjJDgz,25,직업환경의학과,2,0,서울특별시서울의료원,종합병원,중랑구
JDQ4MTg4MSM1MSMkMSMkMCMkODkkMzgxMzUxIzExIyQyIyQ3IyQwMCQyNjEyMjIjNjEjJDEjJDgjJDgz,50,구강악안면외과,1,0,서울특별시서울의료원,종합병원,중랑구
JDQ4MTg4MSM1MSMkMSMkMCMkODkkMzgxMzUxIzExIyQyIyQ3IyQwMCQyNjEyMjIjNjEjJDEjJDgjJDgz,51,치과보철과,1,0,서울특별시서울의료원,종합병원,중랑구
JDQ4MTg4MSM1MSMkMSMkMCMkODkkMzgxMzUxIzExIyQyIyQ3IyQwMCQyNjEyMjIjNjEjJDEjJDgjJDgz,55,치과보존과,0,0,서울특별시서울의료원,종합병원,중랑구
JDQ4MTg4MSM1MSMkMSMkMCMkODkkMzgxMzUxIzExIyQyIyQ3IyQwMCQyNjEyMjIjNjEjJDEjJDgjJDgz,85,침구과,0,0,서울특별시서울의료원,종합병원,중랑구
JDQ4MTg4MSM1MSMkMSMkMCMkODkkMzgxMzUxIzExIyQxIyQ3IyQ2MiQyNjE4MzIjNDEjJDEjJDgjJDgz,1,내과,3,0,서울현대병원,종합병원,강북구
JDQ4MTg4MSM1MSMkMSMkMCMkODkkMzgxMzUxIzExIyQxIyQ3IyQ2MiQyNjE4MzIjNDEjJDEjJDgjJDgz,2,신경과,1,0,서울현대병원,종합병원,강북구
JDQ4MTg4MSM1MSMkMSMkMCMkODkkMzgxMzUxIzExIyQxIyQ3IyQ2MiQyNjE4MzIjNDEjJDEjJDgjJDgz,4,외과,0,0,서울현대병원,종합병원,강북구
JDQ4MTg4MSM1MSMkMSMkMCMkODkkMzgxMzUxIzExIyQxIyQ3IyQ2MiQyNjE4MzIjNDEjJDEjJDgjJDgz,5,정형외과,4,0,서울현대병원,종합병원,강북구
JDQ4MTg4MSM1MSMkMSMkMCMkODkkMzgxMzUxIzExIyQxIyQ3IyQ2MiQyNjE4MzIjNDEjJDEjJDgjJDgz,6,신경외과,1,0,서울현대병원,종합병원,강북구
JDQ4MTg4MSM1MSMkMSMkMCMkODkkMzgxMzUxIzExIyQxIyQ3IyQ2MiQyNjE4MzIjNDEjJDEjJDgjJDgz,8,성형외과,1,0,서울현대병원,종합병원,강북구
JDQ4MTg4MSM1MSMkMSMkMCMkODkkMzgxMzUxIzExIyQxIyQ3IyQ2MiQyNjE4MzIjNDEjJDEjJDgjJDgz,9,마취통증의학과,1,0,서울현대병원,종합병원,강북구
JDQ4MTg4MSM1MSMkMSMkMCMkODkkMzgxMzUxIzExIyQxIyQ3IyQ2MiQyNjE4MzIjNDEjJDEjJDgjJDgz,10,산부인과,1,0,서울현대병원,종합병원,강북구
JDQ4MTg4MSM1MSMkMSMkMCMkODkkMzgxMzUxIzExIyQxIyQ3IyQ2MiQyNjE4MzIjNDEjJDEjJDgjJDgz,16,영상의학과,1,0,서울현대병원,종합병원,강북구
JDQ4MTg4MSM1MSMkMSMkMCMkODkkMzgxMzUxIzExIyQxIyQ3IyQ2MiQyNjE4MzIjNDEjJDEjJDgjJDgz,19,진단검사의학과,1,0,서울현대병원,종합병원,강북구
JDQ4MTg4MSM1MSMkMSMkMCMkODkkMzgxMzUxIzExIyQxIyQ3IyQ2MiQyNjE4MzIjNDEjJDEjJDgjJDgz,23,가정의학과,1,0,서울현대병원,종합병원,강북구
JDQ4MTg4MSM1MSMkMSMkMCMkODkkMzgxMzUxIzExIyQxIyQzIyQ5MiQyNjEyMjIjODEjJDEjJDYjJDgz,1,내과,51,0,성심의료재단강동성심병원,종합병원,강동구
JDQ4MTg4MSM1MSMkMSMkMCMkODkkMzgxMzUxIzExIyQxIyQzIyQ5MiQyNjEyMjIjODEjJDEjJDYjJDgz,2,신경과,6,0,성심의료재단강동성심병원,종합병원,강동구
JDQ4MTg4MSM1MSMkMSMkMCMkODkkMzgxMzUxIzExIyQxIyQzIyQ5MiQyNjEyMjIjODEjJDEjJDYjJDgz,3,정신건강의학과,5,0,성심의료재단강동성심병원,종합병원,강동구
JDQ4MTg4MSM1MSMkMSMkMCMkODkkMzgxMzUxIzExIyQxIyQzIyQ5MiQyNjEyMjIjODEjJDEjJDYjJDgz,4,외과,9,0,성심의료재단강동성심병원,종합병원,강동구
JDQ4MTg4MSM1MSMkMSMkMCMkODkkMzgxMzUxIzExIyQxIyQzIyQ5MiQyNjEyMjIjODEjJDEjJDYjJDgz,5,정형외과,6,0,성심의료재단강동성심병원,종합병원,강동구
JDQ4MTg4MSM1MSMkMSMkMCMkODkkMzgxMzUxIzExIyQxIyQzIyQ5MiQyNjEyMjIjODEjJDEjJDYjJDgz,6,신경외과,5,0,성심의료재단강동성심병원,종합병원,강동구
JDQ4MTg4MSM1MSMkMSMkMCMkODkkMzgxMzUxIzExIyQxIyQzIyQ5MiQyNjEyMjIjODEjJDEjJDYjJDgz,7,심장혈관흉부외과,2,0,성심의료재단강동성심병원,종합병원,강동구
JDQ4MTg4MSM1MSMkMSMkMCMkODkkMzgxMzUxIzExIyQxIyQzIyQ5MiQyNjEyMjIjODEjJDEjJDYjJDgz,8,성형외과,4,0,성심의료재단강동성심병원,종합병원,강동구
JDQ4MTg4MSM1MSMkMSMkMCMkODkkMzgxMzUxIzExIyQxIyQzIyQ5MiQyNjEyMjIjODEjJDEjJDYjJDgz,9,마취통증의학과,9,0,성심의료재단강동성심병원,종합병원,강동구
JDQ4MTg4MSM1MSMkMSMkMCMkODkkMzgxMzUxIzExIyQxIyQzIyQ5MiQyNjEyMjIjODEjJDEjJDYjJDgz,10,산부인과,2,0,성심의료재단강동성심병원,종합병원,강동구
JDQ4MTg4MSM1MSMkMSMkMCMkODkkMzgxMzUxIzExIyQxIyQzIyQ5MiQyNjEyMjIjODEjJDEjJDYjJDgz,11,소아청소년과,5,0,성심의료재단강동성심병원,종합병원,강동구
JDQ4MTg4MSM1MSMkMSMkMCMkODkkMzgxMzUxIzExIyQxIyQzIyQ5MiQyNjEyMjIjODEjJDEjJDYjJDgz,12,안과,5,0,성심의료재단강동성심병원,종합병원,강동구
JDQ4MTg4MSM1MSMkMSMkMCMkODkkMzgxMzUxIzExIyQxIyQzIyQ5MiQyNjEyMjIjODEjJDEjJDYjJDgz,13,이비인후과,4,0,성심의료재단강동성심병원,종합병원,강동구
JDQ4MTg4MSM1MSMkMSMkMCMkODkkMzgxMzUxIzExIyQxIyQzIyQ5MiQyNjEyMjIjODEjJDEjJDYjJDgz,14,피부과,2,0,성심의료재단강동성심병원,종합병원,강동구
JDQ4MTg4MSM1MSMkMSMkMCMkODkkMzgxMzUxIzExIyQxIyQzIyQ5MiQyNjEyMjIjODEjJDEjJDYjJDgz,15,비뇨의학과,5,0,성심의료재단강동성심병원,종합병원,강동구
JDQ4MTg4MSM1MSMkMSMkMCMkODkkMzgxMzUxIzExIyQxIyQzIyQ5MiQyNjEyMjIjODEjJDEjJDYjJDgz,16,영상의학과,9,0,성심의료재단강동성심병원,종합병원,강동구
JDQ4MTg4MSM1MSMkMSMkMCMkODkkMzgxMzUxIzExIyQxIyQzIyQ5MiQyNjEyMjIjODEjJDEjJDYjJDgz,17,방사선종양학과,1,0,성심의료재단강동성심병원,종합병원,강동구
JDQ4MTg4MSM1MSMkMSMkMCMkODkkMzgxMzUxIzExIyQxIyQzIyQ5MiQyNjEyMjIjODEjJDEjJDYjJDgz,18,병리과,2,0,성심의료재단강동성심병원,종합병원,강동구
JDQ4MTg4MSM1MSMkMSMkMCMkODkkMzgxMzUxIzExIyQxIyQzIyQ5MiQyNjEyMjIjODEjJDEjJDYjJDgz,19,진단검사의학과,4,0,성심의료재단강동성심병원,종합병원,강동구
JDQ4MTg4MSM1MSMkMSMkMCMkODkkMzgxMzUxIzExIyQxIyQzIyQ5MiQyNjEyMjIjODEjJDEjJDYjJDgz,21,재활의학과,2,0,성심의료재단강동성심병원,종합병원,강동구
JDQ4MTg4MSM1MSMkMSMkMCMkODkkMzgxMzUxIzExIyQxIyQzIyQ5MiQyNjEyMjIjODEjJDEjJDYjJDgz,23,가정의학과,3,0,성심의료재단강동성심병원,종합병원,강동구
JDQ4MTg4MSM1MSMkMSMkMCMkODkkMzgxMzUxIzExIyQxIyQzIyQ5MiQyNjEyMjIjODEjJDEjJDYjJDgz,24,응급의학과,10,0,성심의료재단강동성심병원,종합병원,강동구
JDQ4MTg4MSM1MSMkMSMkMCMkODkkMzgxMzUxIzExIyQxIyQzIyQ5MiQyNjEyMjIjODEjJDEjJDYjJDgz,50,구강악안면외과,1,0,성심의료재단강동성심병원,종합병원,강동구
JDQ4MTg4MSM1MSMkMSMkMCMkODkkMzgxMzUxIzExIyQxIyQzIyQ5MiQyNjEyMjIjODEjJDEjJDYjJDgz,51,치과보철과,1,0,성심의료재단강동성심병원,종합병원,강동구
JDQ4MTg4MSM1MSMkMSMkMCMkODkkMzgxMzUxIzExIyQxIyQzIyQ5MiQyNjEyMjIjODEjJDEjJDYjJDgz,52,치과교정과,0,0,성심의료재단강동성심병원,종합병원,강동구
JDQ4MTg4MSM1MSMkMSMkMCMkODkkMzgxMzUxIzExIyQyIyQzIyQwMCQ0NjEwMDIjNzEjJDEjJDgjJDgz,1,내과,14,0,성애의료재단 성애병원,종합병원,영등포구
JDQ4MTg4MSM1MSMkMSMkMCMkODkkMzgxMzUxIzExIyQyIyQzIyQwMCQ0NjEwMDIjNzEjJDEjJDgjJDgz,2,신경과,2,0,성애의료재단 성애병원,종합병원,영등포구
JDQ4MTg4MSM1MSMkMSMkMCMkODkkMzgxMzUxIzExIyQyIyQzIyQwMCQ0NjEwMDIjNzEjJDEjJDgjJDgz,3,정신건강의학과,1,0,성애의료재단 성애병원,종합병원,영등포구
JDQ4MTg4MSM1MSMkMSMkMCMkODkkMzgxMzUxIzExIyQyIyQzIyQwMCQ0NjEwMDIjNzEjJDEjJDgjJDgz,4,외과,2,0,성애의료재단 성애병원,종합병원,영등포구
JDQ4MTg4MSM1MSMkMSMkMCMkODkkMzgxMzUxIzExIyQyIyQzIyQwMCQ0NjEwMDIjNzEjJDEjJDgjJDgz,5,정형외과,5,0,성애의료재단 성애병원,종합병원,영등포구
JDQ4MTg4MSM1MSMkMSMkMCMkODkkMzgxMzUxIzExIyQyIyQzIyQwMCQ0NjEwMDIjNzEjJDEjJDgjJDgz,6,신경외과,1,0,성애의료재단 성애병원,종합병원,영등포구
JDQ4MTg4MSM1MSMkMSMkMCMkODkkMzgxMzUxIzExIyQyIyQzIyQwMCQ0NjEwMDIjNzEjJDEjJDgjJDgz,9,마취통증의학과,4,0,성애의료재단 성애병원,종합병원,영등포구
JDQ4MTg4MSM1MSMkMSMkMCMkODkkMzgxMzUxIzExIyQyIyQzIyQwMCQ0NjEwMDIjNzEjJDEjJDgjJDgz,10,산부인과,2,0,성애의료재단 성애병원,종합병원,영등포구
JDQ4MTg4MSM1MSMkMSMkMCMkODkkMzgxMzUxIzExIyQyIyQzIyQwMCQ0NjEwMDIjNzEjJDEjJDgjJDgz,11,소아청소년과,4,0,성애의료재단 성애병원,종합병원,영등포구
JDQ4MTg4MSM1MSMkMSMkMCMkODkkMzgxMzUxIzExIyQyIyQzIyQwMCQ0NjEwMDIjNzEjJDEjJDgjJDgz,12,안과,1,0,성애의료재단 성애병원,종합병원,영등포구
JDQ4MTg4MSM1MSMkMSMkMCMkODkkMzgxMzUxIzExIyQyIyQzIyQwMCQ0NjEwMDIjNzEjJDEjJDgjJDgz,13,이비인후과,1,0,성애의료재단 성애병원,종합병원,영등포구
JDQ4MTg4MSM1MSMkMSMkMCMkODkkMzgxMzUxIzExIyQyIyQzIyQwMCQ0NjEwMDIjNzEjJDEjJDgjJDgz,14,피부과,1,0,성애의료재단 성애병원,종합병원,영등포구
JDQ4MTg4MSM1MSMkMSMkMCMkODkkMzgxMzUxIzExIyQyIyQzIyQwMCQ0NjEwMDIjNzEjJDEjJDgjJDgz,15,비뇨의학과,1,0,성애의료재단 성애병원,종합병원,영등포구
JDQ4MTg4MSM1MSMkMSMkMCMkODkkMzgxMzUxIzExIyQyIyQzIyQwMCQ0NjEwMDIjNzEjJDEjJDgjJDgz,16,영상의학과,3,0,성애의료재단 성애병원,종합병원,영등포구
JDQ4MTg4MSM1MSMkMSMkMCMkODkkMzgxMzUxIzExIyQyIyQzIyQwMCQ0NjEwMDIjNzEjJDEjJDgjJDgz,18,병리과,1,0,성애의료재단 성애병원,종합병원,영등포구
JDQ4MTg4MSM1MSMkMSMkMCMkODkkMzgxMzUxIzExIyQyIyQzIyQwMCQ0NjEwMDIjNzEjJDEjJDgjJDgz,19,진단검사의학과,1,0,성애의료재단 성애병원,종합병원,영등포구
JDQ4MTg4MSM1MSMkMSMkMCMkODkkMzgxMzUxIzExIyQyIyQzIyQwMCQ0NjEwMDIjNzEjJDEjJDgjJDgz,21,재활의학과,1,0,성애의료재단 성애병원,종합병원,영등포구
JDQ4MTg4MSM1MSMkMSMkMCMkODkkMzgxMzUxIzExIyQyIyQzIyQwMCQ0NjEwMDIjNzEjJDEjJDgjJDgz,23,가정의학과,3,0,성애의료재단 성애병원,종합병원,영등포구
JDQ4MTg4MSM1MSMkMSMkMCMkODkkMzgxMzUxIzExIyQyIyQzIyQwMCQ0NjEwMDIjNzEjJDEjJDgjJDgz,24,응급의학과,7,0,성애의료재단 성애병원,종합병원,영등포구
JDQ4MTg4MSM1MSMkMSMkMCMkODkkMzgxMzUxIzExIyQyIyQzIyQwMCQ0NjEwMDIjNzEjJDEjJDgjJDgz,50,구강악안면외과,1,0,성애의료재단 성애병원,종합병원,영등포구
JDQ4MTg4MSM1MSMkMSMkMCMkODkkMzgxMzUxIzExIyQyIyQzIyQwMCQ0NjEwMDIjNzEjJDEjJDgjJDgz,51,치과보철과,0,0,성애의료재단 성애병원,종합병원,영등포구
JDQ4MTg4MSM1MSMkMSMkMCMkODkkMzgxMzUxIzExIyQyIyQzIyQwMCQ0NjEwMDIjNzEjJDEjJDgjJDgz,54,치주과,0,0,성애의료재단 성애병원,종합병원,영등포구
JDQ4MTg4MSM1MSMkMSMkMCMkODkkMzgxMzUxIzExIyQyIyQzIyQwMCQ0NjEwMDIjNzEjJDEjJDgjJDgz,55,치과보존과,0,0,성애의료재단 성애병원,종합병원,영등포구
JDQ4MTg4MSM1MSMkMSMkMCMkODkkMzgxMzUxIzExIyQxIyQ3IyQ3OSQzNjEwMDIjODEjJDEjJDYjJDgz,1,내과,4,0,세란병원,종합병원,종로구
JDQ4MTg4MSM1MSMkMSMkMCMkODkkMzgxMzUxIzExIyQxIyQ3IyQ3OSQzNjEwMDIjODEjJDEjJDYjJDgz,2,신경과,5,0,세란병원,종합병원,종로구
JDQ4MTg4MSM1MSMkMSMkMCMkODkkMzgxMzUxIzExIyQxIyQ3IyQ3OSQzNjEwMDIjODEjJDEjJDYjJDgz,4,외과,6,0,세란병원,종합병원,종로구
JDQ4MTg4MSM1MSMkMSMkMCMkODkkMzgxMzUxIzExIyQxIyQ3IyQ3OSQzNjEwMDIjODEjJDEjJDYjJDgz,5,정형외과,9,0,세란병원,종합병원,종로구
JDQ4MTg4MSM1MSMkMSMkMCMkODkkMzgxMzUxIzExIyQxIyQ3IyQ3OSQzNjEwMDIjODEjJDEjJDYjJDgz,6,신경외과,5,0,세란병원,종합병원,종로구
JDQ4MTg4MSM1MSMkMSMkMCMkODkkMzgxMzUxIzExIyQxIyQ3IyQ3OSQzNjEwMDIjODEjJDEjJDYjJDgz,8,성형외과,3,0,세란병원,종합병원,종로구
JDQ4MTg4MSM1MSMkMSMkMCMkODkkMzgxMzUxIzExIyQxIyQ3IyQ3OSQzNjEwMDIjODEjJDEjJDYjJDgz,9,마취통증의학과,3,0,세란병원,종합병원,종로구
JDQ4MTg4MSM1MSMkMSMkMCMkODkkMzgxMzUxIzExIyQxIyQ3IyQ3OSQzNjEwMDIjODEjJDEjJDYjJDgz,10,산부인과,1,0,세란병원,종합병원,종로구
JDQ4MTg4MSM1MSMkMSMkMCMkODkkMzgxMzUxIzExIyQxIyQ3IyQ3OSQzNjEwMDIjODEjJDEjJDYjJDgz,11,소아청소년과,0,0,세란병원,종합병원,종로구
JDQ4MTg4MSM1MSMkMSMkMCMkODkkMzgxMzUxIzExIyQxIyQ3IyQ3OSQzNjEwMDIjODEjJDEjJDYjJDgz,12,안과,2,0,세란병원,종합병원,종로구
JDQ4MTg4MSM1MSMkMSMkMCMkODkkMzgxMzUxIzExIyQxIyQ3IyQ3OSQzNjEwMDIjODEjJDEjJDYjJDgz,15,비뇨의학과,1,0,세란병원,종합병원,종로구
JDQ4MTg4MSM1MSMkMSMkMCMkODkkMzgxMzUxIzExIyQxIyQ3IyQ3OSQzNjEwMDIjODEjJDEjJDYjJDgz,16,영상의학과,7,0,세란병원,종합병원,종로구
JDQ4MTg4MSM1MSMkMSMkMCMkODkkMzgxMzUxIzExIyQxIyQ3IyQ3OSQzNjEwMDIjODEjJDEjJDYjJDgz,19,진단검사의학과,1,0,세란병원,종합병원,종로구
JDQ4MTg4MSM1MSMkMSMkMCMkODkkMzgxMzUxIzExIyQxIyQ3IyQ3OSQzNjEwMDIjODEjJDEjJDYjJDgz,23,가정의학과,3,0,세란병원,종합병원,종로구
JDQ4MTg4MSM1MSMkMSMkMCMkODkkMzgxMzUxIzExIyQxIyQ3IyQ3OSQzNjEwMDIjODEjJDEjJDYjJDgz,24,응급의학과,4,0,세란병원,종합병원,종로구
JDQ4MTg4MSM1MSMkMSMkMCMkODkkMzgxMzUxIzExIyQxIyQ3IyQ3OSQzNjEwMDIjODEjJDEjJDYjJDgz,50,구강악안면외과,1,0,세란병원,종합병원,종로구
JDQ4MTg4MSM1MSMkMSMkMCMkODkkMzgxMzUxIzExIyQxIyQ3IyQ3OSQzNjEwMDIjODEjJDEjJDYjJDgz,51,치과보철과,0,0,세란병원,종합병원,종로구
JDQ4MTg4MSM1MSMkMSMkMCMkODkkMzgxMzUxIzExIyQxIyQ3IyQ3OSQzNjEwMDIjODEjJDEjJDYjJDgz,52,치과교정과,0,0,세란병원,종합병원,종로구
JDQ4MTg4MSM1MSMkMSMkMCMkODkkMzgxMzUxIzExIyQxIyQ3IyQ3OSQzNjEwMDIjODEjJDEjJDYjJDgz,53,소아치과,0,0,세란병원,종합병원,종로구
JDQ4MTg4MSM1MSMkMSMkMCMkODkkMzgxMzUxIzExIyQxIyQ3IyQ3OSQzNjEwMDIjODEjJDEjJDYjJDgz,54,치주과,0,0,세란병원,종합병원,종로구
JDQ4MTg4MSM1MSMkMSMkMCMkODkkMzgxMzUxIzExIyQxIyQ3IyQ3OSQzNjEwMDIjODEjJDEjJDYjJDgz,55,치과보존과,0,0,세란병원,종합병원,종로구
JDQ4MTg4MSM1MSMkMSMkMCMkODkkMzgxMzUxIzExIyQxIyQ3IyQ3OSQzNjEwMDIjODEjJDEjJDYjJDgz,56,구강내과,0,0,세란병원,종합병원,종로구
JDQ4MTg4MSM1MSMkMSMkMCMkODkkMzgxMzUxIzExIyQxIyQ3IyQ3OSQzNjEwMDIjODEjJDEjJDYjJDgz,57,영상치의학과,0,0,세란병원,종합병원,종로구
JDQ4MTg4MSM1MSMkMSMkMCMkODkkMzgxMzUxIzExIyQxIyQ3IyQ3OSQzNjEwMDIjODEjJDEjJDYjJDgz,58,구강병리과,0,0,세란병원,종합병원,종로구
JDQ4MTg4MSM1MSMkMSMkMCMkODkkMzgxMzUxIzExIyQxIyQ3IyQ3OSQzNjEwMDIjODEjJDEjJDYjJDgz,59,예방치과,0,0,세란병원,종합병원,종로구
JDQ4MTg4MSM1MSMkMSMkMCMkODkkMzgxMzUxIzExIyQxIyQ3IyQ3OSQzNjEwMDIjODEjJDEjJDYjJDgz,61,통합치의학과,0,0,세란병원,종합병원,종로구
JDQ4MTg4MSM1MSMkMSMkMCMkODkkMzgxMzUxIzExIyQxIyQzIyQ5OSQyNjEyMjIjNTEjJDEjJDIjJDgz,1,내과,62,0,순천향대학교 부속 서울병원,종합병원,용산구
JDQ4MTg4MSM1MSMkMSMkMCMkODkkMzgxMzUxIzExIyQxIyQzIyQ5OSQyNjEyMjIjNTEjJDEjJDIjJDgz,2,신경과,8,0,순천향대학교 부속 서울병원,종합병원,용산구
JDQ4MTg4MSM1MSMkMSMkMCMkODkkMzgxMzUxIzExIyQxIyQzIyQ5OSQyNjEyMjIjNTEjJDEjJDIjJDgz,3,정신건강의학과,5,0,순천향대학교 부속 서울병원,종합병원,용산구
JDQ4MTg4MSM1MSMkMSMkMCMkODkkMzgxMzUxIzExIyQxIyQzIyQ5OSQyNjEyMjIjNTEjJDEjJDIjJDgz,4,외과,11,0,순천향대학교 부속 서울병원,종합병원,용산구
JDQ4MTg4MSM1MSMkMSMkMCMkODkkMzgxMzUxIzExIyQxIyQzIyQ5OSQyNjEyMjIjNTEjJDEjJDIjJDgz,5,정형외과,14,0,순천향대학교 부속 서울병원,종합병원,용산구
JDQ4MTg4MSM1MSMkMSMkMCMkODkkMzgxMzUxIzExIyQxIyQzIyQ5OSQyNjEyMjIjNTEjJDEjJDIjJDgz,6,신경외과,6,0,순천향대학교 부속 서울병원,종합병원,용산구
JDQ4MTg4MSM1MSMkMSMkMCMkODkkMzgxMzUxIzExIyQxIyQzIyQ5OSQyNjEyMjIjNTEjJDEjJDIjJDgz,7,심장혈관흉부외과,7,0,순천향대학교 부속 서울병원,종합병원,용산구
JDQ4MTg4MSM1MSMkMSMkMCMkODkkMzgxMzUxIzExIyQxIyQzIyQ5OSQyNjEyMjIjNTEjJDEjJDIjJDgz,8,성형외과,4,0,순천향대학교 부속 서울병원,종합병원,용산구
JDQ4MTg4MSM1MSMkMSMkMCMkODkkMzgxMzUxIzExIyQxIyQzIyQ5OSQyNjEyMjIjNTEjJDEjJDIjJDgz,9,마취통증의학과,11,0,순천향대학교 부속 서울병원,종합병원,용산구
JDQ4MTg4MSM1MSMkMSMkMCMkODkkMzgxMzUxIzExIyQxIyQzIyQ5OSQyNjEyMjIjNTEjJDEjJDIjJDgz,10,산부인과,7,0,순천향대학교 부속 서울병원,종합병원,용산구
JDQ4MTg4MSM1MSMkMSMkMCMkODkkMzgxMzUxIzExIyQxIyQzIyQ5OSQyNjEyMjIjNTEjJDEjJDIjJDgz,11,소아청소년과,12,0,순천향대학교 부속 서울병원,종합병원,용산구
JDQ4MTg4MSM1MSMkMSMkMCMkODkkMzgxMzUxIzExIyQxIyQzIyQ5OSQyNjEyMjIjNTEjJDEjJDIjJDgz,12,안과,9,0,순천향대학교 부속 서울병원,종합병원,용산구
JDQ4MTg4MSM1MSMkMSMkMCMkODkkMzgxMzUxIzExIyQxIyQzIyQ5OSQyNjEyMjIjNTEjJDEjJDIjJDgz,13,이비인후과,5,0,순천향대학교 부속 서울병원,종합병원,용산구
JDQ4MTg4MSM1MSMkMSMkMCMkODkkMzgxMzUxIzExIyQxIyQzIyQ5OSQyNjEyMjIjNTEjJDEjJDIjJDgz,14,피부과,3,0,순천향대학교 부속 서울병원,종합병원,용산구
JDQ4MTg4MSM1MSMkMSMkMCMkODkkMzgxMzUxIzExIyQxIyQzIyQ5OSQyNjEyMjIjNTEjJDEjJDIjJDgz,15,비뇨의학과,6,0,순천향대학교 부속 서울병원,종합병원,용산구
JDQ4MTg4MSM1MSMkMSMkMCMkODkkMzgxMzUxIzExIyQxIyQzIyQ5OSQyNjEyMjIjNTEjJDEjJDIjJDgz,16,영상의학과,13,0,순천향대학교 부속 서울병원,종합병원,용산구
JDQ4MTg4MSM1MSMkMSMkMCMkODkkMzgxMzUxIzExIyQxIyQzIyQ5OSQyNjEyMjIjNTEjJDEjJDIjJDgz,17,방사선종양학과,2,0,순천향대학교 부속 서울병원,종합병원,용산구
JDQ4MTg4MSM1MSMkMSMkMCMkODkkMzgxMzUxIzExIyQxIyQzIyQ5OSQyNjEyMjIjNTEjJDEjJDIjJDgz,18,병리과,7,0,순천향대학교 부속 서울병원,종합병원,용산구
JDQ4MTg4MSM1MSMkMSMkMCMkODkkMzgxMzUxIzExIyQxIyQzIyQ5OSQyNjEyMjIjNTEjJDEjJDIjJDgz,19,진단검사의학과,7,0,순천향대학교 부속 서울병원,종합병원,용산구
JDQ4MTg4MSM1MSMkMSMkMCMkODkkMzgxMzUxIzExIyQxIyQzIyQ5OSQyNjEyMjIjNTEjJDEjJDIjJDgz,21,재활의학과,4,0,순천향대학교 부속 서울병원,종합병원,용산구
JDQ4MTg4MSM1MSMkMSMkMCMkODkkMzgxMzUxIzExIyQxIyQzIyQ5OSQyNjEyMjIjNTEjJDEjJDIjJDgz,22,핵의학과,2,0,순천향대학교 부속 서울병원,종합병원,용산구
JDQ4MTg4MSM1MSMkMSMkMCMkODkkMzgxMzUxIzExIyQxIyQzIyQ5OSQyNjEyMjIjNTEjJDEjJDIjJDgz,23,가정의학과,5,0,순천향대학교 부속 서울병원,종합병원,용산구
JDQ4MTg4MSM1MSMkMSMkMCMkODkkMzgxMzUxIzExIyQxIyQzIyQ5OSQyNjEyMjIjNTEjJDEjJDIjJDgz,24,응급의학과,13,0,순천향대학교 부속 서울병원,종합병원,용산구
JDQ4MTg4MSM1MSMkMSMkMCMkODkkMzgxMzUxIzExIyQxIyQzIyQ5OSQyNjEyMjIjNTEjJDEjJDIjJDgz,25,직업환경의학과,2,0,순천향대학교 부속 서울병원,종합병원,용산구
JDQ4MTg4MSM1MSMkMSMkMCMkODkkMzgxMzUxIzExIyQxIyQzIyQ5OSQyNjEyMjIjNTEjJDEjJDIjJDgz,26,예방의학과,1,0,순천향대학교 부속 서울병원,종합병원,용산구
JDQ4MTg4MSM1MSMkMSMkMCMkODkkMzgxMzUxIzExIyQxIyQzIyQ5OSQyNjEyMjIjNTEjJDEjJDIjJDgz,50,구강악안면외과,1,0,순천향대학교 부속 서울병원,종합병원,용산구
JDQ4MTg4MSM1MSMkMSMkMCMkODkkMzgxMzUxIzExIyQxIyQzIyQ5OSQyNjEyMjIjNTEjJDEjJDIjJDgz,51,치과보철과,1,0,순천향대학교 부속 서울병원,종합병원,용산구
JDQ4MTg4MSM1MSMkMSMkMCMkODkkMzgxMzUxIzExIyQxIyQzIyQ5OSQyNjEyMjIjNTEjJDEjJDIjJDgz,52,치과교정과,1,0,순천향대학교 부속 서울병원,종합병원,용산구
JDQ4MTg4MSM1MSMkMSMkMCMkODkkMzgxMzUxIzExIyQxIyQzIyQ5OSQyNjEyMjIjNTEjJDEjJDIjJDgz,53,소아치과,0,0,순천향대학교 부속 서울병원,종합병원,용산구
JDQ4MTg4MSM1MSMkMSMkMCMkODkkMzgxMzUxIzExIyQxIyQzIyQ5OSQyNjEyMjIjNTEjJDEjJDIjJDgz,54,치주과,0,0,순천향대학교 부속 서울병원,종합병원,용산구
JDQ4MTg4MSM1MSMkMSMkMCMkODkkMzgxMzUxIzExIyQxIyQzIyQ5OSQyNjEyMjIjNTEjJDEjJDIjJDgz,55,치과보존과,1,0,순천향대학교 부속 서울병원,종합병원,용산구
JDQ4MTg4MSM1MSMkMSMkMCMkODkkMzgxMzUxIzExIyQxIyQzIyQ5OSQyNjEyMjIjNTEjJDEjJDIjJDgz,56,구강내과,0,0,순천향대학교 부속 서울병원,종합병원,용산구
JDQ4MTg4MSM1MSMkMSMkMCMkODkkMzgxMzUxIzExIyQxIyQzIyQ5OSQyNjEyMjIjNTEjJDEjJDIjJDgz,57,영상치의학과,0,0,순천향대학교 부속 서울병원,종합병원,용산구
JDQ4MTg4MSM1MSMkMSMkMCMkODkkMzgxMzUxIzExIyQxIyQzIyQ5OSQyNjEyMjIjNTEjJDEjJDIjJDgz,58,구강병리과,0,0,순천향대학교 부속 서울병원,종합병원,용산구
JDQ4MTg4MSM1MSMkMSMkMCMkODkkMzgxMzUxIzExIyQxIyQzIyQ5OSQyNjEyMjIjNTEjJDEjJDIjJDgz,59,예방치과,0,0,순천향대학교 부속 서울병원,종합병원,용산구
JDQ4MTg4MSM1MSMkMSMkMCMkODkkMzgxMzUxIzExIyQxIyQ3IyQ5OSQzNjE0ODEjNjEjJDEjJDQjJDgz,1,내과,5,0,씨엠병원,종합병원,영등포구
JDQ4MTg4MSM1MSMkMSMkMCMkODkkMzgxMzUxIzExIyQxIyQ3IyQ5OSQzNjE0ODEjNjEjJDEjJDQjJDgz,2,신경과,1,0,씨엠병원,종합병원,영등포구
JDQ4MTg4MSM1MSMkMSMkMCMkODkkMzgxMzUxIzExIyQxIyQ3IyQ5OSQzNjE0ODEjNjEjJDEjJDQjJDgz,4,외과,2,0,씨엠병원,종합병원,영등포구
JDQ4MTg4MSM1MSMkMSMkMCMkODkkMzgxMzUxIzExIyQxIyQ3IyQ5OSQzNjE0ODEjNjEjJDEjJDQjJDgz,5,정형외과,10,0,씨엠병원,종합병원,영등포구
JDQ4MTg4MSM1MSMkMSMkMCMkODkkMzgxMzUxIzExIyQxIyQ3IyQ5OSQzNjE0ODEjNjEjJDEjJDQjJDgz,6,신경외과,1,0,씨엠병원,종합병원,영등포구
JDQ4MTg4MSM1MSMkMSMkMCMkODkkMzgxMzUxIzExIyQxIyQ3IyQ5OSQzNjE0ODEjNjEjJDEjJDQjJDgz,8,성형외과,1,0,씨엠병원,종합병원,영등포구
JDQ4MTg4MSM1MSMkMSMkMCMkODkkMzgxMzUxIzExIyQxIyQ3IyQ5OSQzNjE0ODEjNjEjJDEjJDQjJDgz,9,마취통증의학과,1,0,씨엠병원,종합병원,영등포구
JDQ4MTg4MSM1MSMkMSMkMCMkODkkMzgxMzUxIzExIyQxIyQ3IyQ5OSQzNjE0ODEjNjEjJDEjJDQjJDgz,10,산부인과,1,0,씨엠병원,종합병원,영등포구
JDQ4MTg4MSM1MSMkMSMkMCMkODkkMzgxMzUxIzExIyQxIyQ3IyQ5OSQzNjE0ODEjNjEjJDEjJDQjJDgz,16,영상의학과,2,0,씨엠병원,종합병원,영등포구
JDQ4MTg4MSM1MSMkMSMkMCMkODkkMzgxMzUxIzExIyQxIyQ3IyQ5OSQzNjE0ODEjNjEjJDEjJDQjJDgz,19,진단검사의학과,1,0,씨엠병원,종합병원,영등포구
JDQ4MTg4MSM1MSMkMSMkMCMkODkkMzgxMzUxIzExIyQyIyQ3IyQwMCQzNjE0ODEjNTEjJDEjJDIjJDgz,1,내과,1,0,우리들병원,종합병원,강서구
JDQ4MTg4MSM1MSMkMSMkMCMkODkkMzgxMzUxIzExIyQyIyQ3IyQwMCQzNjE0ODEjNTEjJDEjJDIjJDgz,4,외과,1,0,우리들병원,종합병원,강서구
JDQ4MTg4MSM1MSMkMSMkMCMkODkkMzgxMzUxIzExIyQyIyQ3IyQwMCQzNjE0ODEjNTEjJDEjJDIjJDgz,5,정형외과,4,0,우리들병원,종합병원,강서구
JDQ4MTg4MSM1MSMkMSMkMCMkODkkMzgxMzUxIzExIyQyIyQ3IyQwMCQzNjE0ODEjNTEjJDEjJDIjJDgz,6,신경외과,6,0,우리들병원,종합병원,강서구
JDQ4MTg4MSM1MSMkMSMkMCMkODkkMzgxMzUxIzExIyQyIyQ3IyQwMCQzNjE0ODEjNTEjJDEjJDIjJDgz,9,마취통증의학과,3,0,우리들병원,종합병원,강서구
JDQ4MTg4MSM1MSMkMSMkMCMkODkkMzgxMzUxIzExIyQyIyQ3IyQwMCQzNjE0ODEjNTEjJDEjJDIjJDgz,10,산부인과,0,0,우리들병원,종합병원,강서구
JDQ4MTg4MSM1MSMkMSMkMCMkODkkMzgxMzUxIzExIyQyIyQ3IyQwMCQzNjE0ODEjNTEjJDEjJDIjJDgz,16,영상의학과,2,0,우리들병원,종합병원,강서구
JDQ4MTg4MSM1MSMkMSMkMCMkODkkMzgxMzUxIzExIyQyIyQ3IyQwMCQzNjE0ODEjNTEjJDEjJDIjJDgz,19,진단검사의학과,1,0,우리들병원,종합병원,강서구
JDQ4MTg4MSM1MSMkMSMkMCMkODkkMzgxMzUxIzExIyQyIyQ3IyQwMCQzNjE0ODEjNTEjJDEjJDIjJDgz,21,재활의학과,1,0,우리들병원,종합병원,강서구
JDQ4MTg4MSM1MSMkMSMkMCMkODkkMzgxMzUxIzExIyQxIyQzIyQ5MiQyNjEwMDIjNDEjJDEjJDgjJDgz,1,내과,7,0,의료법인 청구성심병원,종합병원,은평구
JDQ4MTg4MSM1MSMkMSMkMCMkODkkMzgxMzUxIzExIyQxIyQzIyQ5MiQyNjEwMDIjNDEjJDEjJDgjJDgz,2,신경과,1,0,의료법인 청구성심병원,종합병원,은평구
JDQ4MTg4MSM1MSMkMSMkMCMkODkkMzgxMzUxIzExIyQxIyQzIyQ5MiQyNjEwMDIjNDEjJDEjJDgjJDgz,4,외과,2,0,의료법인 청구성심병원,종합병원,은평구
JDQ4MTg4MSM1MSMkMSMkMCMkODkkMzgxMzUxIzExIyQxIyQzIyQ5MiQyNjEwMDIjNDEjJDEjJDgjJDgz,5,정형외과,4,0,의료법인 청구성심병원,종합병원,은평구
JDQ4MTg4MSM1MSMkMSMkMCMkODkkMzgxMzUxIzExIyQxIyQzIyQ5MiQyNjEwMDIjNDEjJDEjJDgjJDgz,9,마취통증의학과,2,0,의료법인 청구성심병원,종합병원,은평구
JDQ4MTg4MSM1MSMkMSMkMCMkODkkMzgxMzUxIzExIyQxIyQzIyQ5MiQyNjEwMDIjNDEjJDEjJDgjJDgz,11,소아청소년과,1,0,의료법인 청구성심병원,종합병원,은평구
JDQ4MTg4MSM1MSMkMSMkMCMkODkkMzgxMzUxIzExIyQxIyQzIyQ5MiQyNjEwMDIjNDEjJDEjJDgjJDgz,15,비뇨의학과,1,0,의료법인 청구성심병원,종합병원,은평구
JDQ4MTg4MSM1MSMkMSMkMCMkODkkMzgxMzUxIzExIyQxIyQzIyQ5MiQyNjEwMDIjNDEjJDEjJDgjJDgz,16,영상의학과,2,0,의료법인 청구성심병원,종합병원,은평구
JDQ4MTg4MSM1MSMkMSMkMCMkODkkMzgxMzUxIzExIyQxIyQzIyQ5MiQyNjEwMDIjNDEjJDEjJDgjJDgz,19,진단검사의학과,1,0,의료법인 청구성심병원,종합병원,은평구
JDQ4MTg4MSM1MSMkMSMkMCMkODkkMzgxMzUxIzExIyQxIyQzIyQ5MiQyNjEwMDIjNDEjJDEjJDgjJDgz,24,응급의학과,5,0,의료법인 청구성심병원,종합병원,은평구
JDQ4MTg4MSM1MSMkMSMkMCMkODkkMzgxMzUxIzExIyQxIyQzIyQxMyQ0NjE0ODEjNTEjJDEjJDIjJDgz,1,내과,5,0,의료법인동신의료재단 동신병원,종합병원,서대문구
JDQ4MTg4MSM1MSMkMSMkMCMkODkkMzgxMzUxIzExIyQxIyQzIyQxMyQ0NjE0ODEjNTEjJDEjJDIjJDgz,2,신경과,1,0,의료법인동신의료재단 동신병원,종합병원,서대문구
JDQ4MTg4MSM1MSMkMSMkMCMkODkkMzgxMzUxIzExIyQxIyQzIyQxMyQ0NjE0ODEjNTEjJDEjJDIjJDgz,4,외과,2,0,의료법인동신의료재단 동신병원,종합병원,서대문구
JDQ4MTg4MSM1MSMkMSMkMCMkODkkMzgxMzUxIzExIyQxIyQzIyQxMyQ0NjE0ODEjNTEjJDEjJDIjJDgz,5,정형외과,3,0,의료법인동신의료재단 동신병원,종합병원,서대문구
JDQ4MTg4MSM1MSMkMSMkMCMkODkkMzgxMzUxIzExIyQxIyQzIyQxMyQ0NjE0ODEjNTEjJDEjJDIjJDgz,6,신경외과,1,0,의료법인동신의료재단 동신병원,종합병원,서대문구
JDQ4MTg4MSM1MSMkMSMkMCMkODkkMzgxMzUxIzExIyQxIyQzIyQxMyQ0NjE0ODEjNTEjJDEjJDIjJDgz,9,마취통증의학과,1,0,의료법인동신의료재단 동신병원,종합병원,서대문구
JDQ4MTg4MSM1MSMkMSMkMCMkODkkMzgxMzUxIzExIyQxIyQzIyQxMyQ0NjE0ODEjNTEjJDEjJDIjJDgz,10,산부인과,1,0,의료법인동신의료재단 동신병원,종합병원,서대문구
JDQ4MTg4MSM1MSMkMSMkMCMkODkkMzgxMzUxIzExIyQxIyQzIyQxMyQ0NjE0ODEjNTEjJDEjJDIjJDgz,15,비뇨의학과,0,0,의료법인동신의료재단 동신병원,종합병원,서대문구
JDQ4MTg4MSM1MSMkMSMkMCMkODkkMzgxMzUxIzExIyQxIyQzIyQxMyQ0NjE0ODEjNTEjJDEjJDIjJDgz,16,영상의학과,1,0,의료법인동신의료재단 동신병원,종합병원,서대문구
JDQ4MTg4MSM1MSMkMSMkMCMkODkkMzgxMzUxIzExIyQxIyQzIyQxMyQ0NjE0ODEjNTEjJDEjJDIjJDgz,18,병리과,1,0,의료법인동신의료재단 동신병원,종합병원,서대문구
JDQ4MTg4MSM1MSMkMSMkMCMkODkkMzgxMzUxIzExIyQxIyQzIyQxMyQ0NjE0ODEjNTEjJDEjJDIjJDgz,23,가정의학과,2,0,의료법인동신의료재단 동신병원,종합병원,서대문구
JDQ4MTg4MSM1MSMkMSMkMCMkODkkMzgxMzUxIzExIyQxIyQzIyQxMyQ0NjE0ODEjNTEjJDEjJDIjJDgz,24,응급의학과,2,0,의료법인동신의료재단 동신병원,종합병원,서대문구
JDQ4MTg4MSM1MSMkMSMkMCMkODkkMzgxMzUxIzExIyQyIyQ3IyQwMCQ0NjEwMDIjNTEjJDEjJDYjJDgz,1,내과,22,0,의료법인서울효천의료재단 에이치플러스양지병원,종합병원,관악구
JDQ4MTg4MSM1MSMkMSMkMCMkODkkMzgxMzUxIzExIyQyIyQ3IyQwMCQ0NjEwMDIjNTEjJDEjJDYjJDgz,2,신경과,4,0,의료법인서울효천의료재단 에이치플러스양지병원,종합병원,관악구
JDQ4MTg4MSM1MSMkMSMkMCMkODkkMzgxMzUxIzExIyQyIyQ3IyQwMCQ0NjEwMDIjNTEjJDEjJDYjJDgz,3,정신건강의학과,1,0,의료법인서울효천의료재단 에이치플러스양지병원,종합병원,관악구
JDQ4MTg4MSM1MSMkMSMkMCMkODkkMzgxMzUxIzExIyQyIyQ3IyQwMCQ0NjEwMDIjNTEjJDEjJDYjJDgz,4,외과,11,0,의료법인서울효천의료재단 에이치플러스양지병원,종합병원,관악구
JDQ4MTg4MSM1MSMkMSMkMCMkODkkMzgxMzUxIzExIyQyIyQ3IyQwMCQ0NjEwMDIjNTEjJDEjJDYjJDgz,5,정형외과,4,0,의료법인서울효천의료재단 에이치플러스양지병원,종합병원,관악구
JDQ4MTg4MSM1MSMkMSMkMCMkODkkMzgxMzUxIzExIyQyIyQ3IyQwMCQ0NjEwMDIjNTEjJDEjJDYjJDgz,6,신경외과,3,0,의료법인서울효천의료재단 에이치플러스양지병원,종합병원,관악구
JDQ4MTg4MSM1MSMkMSMkMCMkODkkMzgxMzUxIzExIyQyIyQ3IyQwMCQ0NjEwMDIjNTEjJDEjJDYjJDgz,7,심장혈관흉부외과,0,0,의료법인서울효천의료재단 에이치플러스양지병원,종합병원,관악구
JDQ4MTg4MSM1MSMkMSMkMCMkODkkMzgxMzUxIzExIyQyIyQ3IyQwMCQ0NjEwMDIjNTEjJDEjJDYjJDgz,8,성형외과,1,0,의료법인서울효천의료재단 에이치플러스양지병원,종합병원,관악구
JDQ4MTg4MSM1MSMkMSMkMCMkODkkMzgxMzUxIzExIyQyIyQ3IyQwMCQ0NjEwMDIjNTEjJDEjJDYjJDgz,9,마취통증의학과,3,0,의료법인서울효천의료재단 에이치플러스양지병원,종합병원,관악구
JDQ4MTg4MSM1MSMkMSMkMCMkODkkMzgxMzUxIzExIyQyIyQ3IyQwMCQ0NjEwMDIjNTEjJDEjJDYjJDgz,10,산부인과,3,0,의료법인서울효천의료재단 에이치플러스양지병원,종합병원,관악구
JDQ4MTg4MSM1MSMkMSMkMCMkODkkMzgxMzUxIzExIyQyIyQ3IyQwMCQ0NjEwMDIjNTEjJDEjJDYjJDgz,11,소아청소년과,4,0,의료법인서울효천의료재단 에이치플러스양지병원,종합병원,관악구
JDQ4MTg4MSM1MSMkMSMkMCMkODkkMzgxMzUxIzExIyQyIyQ3IyQwMCQ0NjEwMDIjNTEjJDEjJDYjJDgz,13,이비인후과,1,0,의료법인서울효천의료재단 에이치플러스양지병원,종합병원,관악구
JDQ4MTg4MSM1MSMkMSMkMCMkODkkMzgxMzUxIzExIyQyIyQ3IyQwMCQ0NjEwMDIjNTEjJDEjJDYjJDgz,15,비뇨의학과,2,0,의료법인서울효천의료재단 에이치플러스양지병원,종합병원,관악구
JDQ4MTg4MSM1MSMkMSMkMCMkODkkMzgxMzUxIzExIyQyIyQ3IyQwMCQ0NjEwMDIjNTEjJDEjJDYjJDgz,16,영상의학과,8,0,의료법인서울효천의료재단 에이치플러스양지병원,종합병원,관악구
JDQ4MTg4MSM1MSMkMSMkMCMkODkkMzgxMzUxIzExIyQyIyQ3IyQwMCQ0NjEwMDIjNTEjJDEjJDYjJDgz,18,병리과,2,0,의료법인서울효천의료재단 에이치플러스양지병원,종합병원,관악구
JDQ4MTg4MSM1MSMkMSMkMCMkODkkMzgxMzUxIzExIyQyIyQ3IyQwMCQ0NjEwMDIjNTEjJDEjJDYjJDgz,19,진단검사의학과,1,0,의료법인서울효천의료재단 에이치플러스양지병원,종합병원,관악구
JDQ4MTg4MSM1MSMkMSMkMCMkODkkMzgxMzUxIzExIyQyIyQ3IyQwMCQ0NjEwMDIjNTEjJDEjJDYjJDgz,21,재활의학과,1,0,의료법인서울효천의료재단 에이치플러스양지병원,종합병원,관악구
JDQ4MTg4MSM1MSMkMSMkMCMkODkkMzgxMzUxIzExIyQyIyQ3IyQwMCQ0NjEwMDIjNTEjJDEjJDYjJDgz,23,가정의학과,3,0,의료법인서울효천의료재단 에이치플러스양지병원,종합병원,관악구
JDQ4MTg4MSM1MSMkMSMkMCMkODkkMzgxMzUxIzExIyQyIyQ3IyQwMCQ0NjEwMDIjNTEjJDEjJDYjJDgz,24,응급의학과,11,0,의료법인서울효천의료재단 에이치플러스양지병원,종합병원,관악구
JDQ4MTg4MSM1MSMkMSMkMCMkODkkMzgxMzUxIzExIyQyIyQ3IyQwMCQ0NjEwMDIjNTEjJDEjJDYjJDgz,25,직업환경의학과,1,0,의료법인서울효천의료재단 에이치플러스양지병원,종합병원,관악구
JDQ4MTg4MSM1MSMkMSMkMCMkODkkMzgxMzUxIzExIyQyIyQ3IyQwMCQ0NjEwMDIjNTEjJDEjJDYjJDgz,59,예방치과,0,0,의료법인서울효천의료재단 에이치플러스양지병원,종합병원,관악구
JDQ4MTg4MSM1MSMkMSMkMCMkODkkMzgxMzUxIzExIyQyIyQ3IyQwMCQ0NjEwMDIjNTEjJDEjJDYjJDgz,61,통합치의학과,0,0,의료법인서울효천의료재단 에이치플러스양지병원,종합병원,관악구
JDQ4MTg4MSM1MSMkMSMkMCMkODkkMzgxMzUxIzExIyQxIyQ3IyQ4OSQzNjEwMDIjNjEjJDEjJDgjJDgz,1,내과,3,0,의료법인성화의료재단  대한병원,종합병원,강북구
JDQ4MTg4MSM1MSMkMSMkMCMkODkkMzgxMzUxIzExIyQxIyQ3IyQ4OSQzNjEwMDIjNjEjJDEjJDgjJDgz,2,신경과,1,0,의료법인성화의료재단  대한병원,종합병원,강북구
JDQ4MTg4MSM1MSMkMSMkMCMkODkkMzgxMzUxIzExIyQxIyQ3IyQ4OSQzNjEwMDIjNjEjJDEjJDgjJDgz,4,외과,1,0,의료법인성화의료재단  대한병원,종합병원,강북구
JDQ4MTg4MSM1MSMkMSMkMCMkODkkMzgxMzUxIzExIyQxIyQ3IyQ4OSQzNjEwMDIjNjEjJDEjJDgjJDgz,5,정형외과,2,0,의료법인성화의료재단  대한병원,종합병원,강북구
JDQ4MTg4MSM1MSMkMSMkMCMkODkkMzgxMzUxIzExIyQxIyQ3IyQ4OSQzNjEwMDIjNjEjJDEjJDgjJDgz,6,신경외과,0,0,의료법인성화의료재단  대한병원,종합병원,강북구
JDQ4MTg4MSM1MSMkMSMkMCMkODkkMzgxMzUxIzExIyQxIyQ3IyQ4OSQzNjEwMDIjNjEjJDEjJDgjJDgz,9,마취통증의학과,1,0,의료법인성화의료재단  대한병원,종합병원,강북구
JDQ4MTg4MSM1MSMkMSMkMCMkODkkMzgxMzUxIzExIyQxIyQ3IyQ4OSQzNjEwMDIjNjEjJDEjJDgjJDgz,10,산부인과,1,0,의료법인성화의료재단  대한병원,종합병원,강북구
JDQ4MTg4MSM1MSMkMSMkMCMkODkkMzgxMzUxIzExIyQxIyQ3IyQ4OSQzNjEwMDIjNjEjJDEjJDgjJDgz,16,영상의학과,1,0,의료법인성화의료재단  대한병원,종합병원,강북구
JDQ4MTg4MSM1MSMkMSMkMCMkODkkMzgxMzUxIzExIyQxIyQ3IyQ4OSQzNjEwMDIjNjEjJDEjJDgjJDgz,19,진단검사의학과,1,0,의료법인성화의료재단  대한병원,종합병원,강북구
JDQ4MTg4MSM1MSMkMSMkMCMkODkkMzgxMzUxIzExIyQxIyQ3IyQ4OSQzNjEwMDIjNjEjJDEjJDgjJDgz,24,응급의학과,0,0,의료법인성화의료재단  대한병원,종합병원,강북구
JDQ4MTg4MSM1MSMkMSMkMCMkODkkMzgxMzUxIzExIyQxIyQzIyQxMyQyNjE4MzIjNDEjJDEjJDgjJDgz,1,내과,6,0,의료법인풍산의료재단동부제일병원,종합병원,중랑구
JDQ4MTg4MSM1MSMkMSMkMCMkODkkMzgxMzUxIzExIyQxIyQzIyQxMyQyNjE4MzIjNDEjJDEjJDgjJDgz,2,신경과,1,0,의료법인풍산의료재단동부제일병원,종합병원,중랑구
JDQ4MTg4MSM1MSMkMSMkMCMkODkkMzgxMzUxIzExIyQxIyQzIyQxMyQyNjE4MzIjNDEjJDEjJDgjJDgz,4,외과,3,0,의료법인풍산의료재단동부제일병원,종합병원,중랑구
JDQ4MTg4MSM1MSMkMSMkMCMkODkkMzgxMzUxIzExIyQxIyQzIyQxMyQyNjE4MzIjNDEjJDEjJDgjJDgz,5,정형외과,5,0,의료법인풍산의료재단동부제일병원,종합병원,중랑구
JDQ4MTg4MSM1MSMkMSMkMCMkODkkMzgxMzUxIzExIyQxIyQzIyQxMyQyNjE4MzIjNDEjJDEjJDgjJDgz,6,신경외과,1,0,의료법인풍산의료재단동부제일병원,종합병원,중랑구
JDQ4MTg4MSM1MSMkMSMkMCMkODkkMzgxMzUxIzExIyQxIyQzIyQxMyQyNjE4MzIjNDEjJDEjJDgjJDgz,9,마취통증의학과,1,0,의료법인풍산의료재단동부제일병원,종합병원,중랑구
JDQ4MTg4MSM1MSMkMSMkMCMkODkkMzgxMzUxIzExIyQxIyQzIyQxMyQyNjE4MzIjNDEjJDEjJDgjJDgz,10,산부인과,1,0,의료법인풍산의료재단동부제일병원,종합병원,중랑구
JDQ4MTg4MSM1MSMkMSMkMCMkODkkMzgxMzUxIzExIyQxIyQzIyQxMyQyNjE4MzIjNDEjJDEjJDgjJDgz,11,소아청소년과,0,0,의료법인풍산의료재단동부제일병원,종합병원,중랑구
JDQ4MTg4MSM1MSMkMSMkMCMkODkkMzgxMzUxIzExIyQxIyQzIyQxMyQyNjE4MzIjNDEjJDEjJDgjJDgz,16,영상의학과,3,0,의료법인풍산의료재단동부제일병원,종합병원,중랑구
JDQ4MTg4MSM1MSMkMSMkMCMkODkkMzgxMzUxIzExIyQxIyQzIyQxMyQyNjE4MzIjNDEjJDEjJDgjJDgz,19,진단검사의학과,1,0,의료법인풍산의료재단동부제일병원,종합병원,중랑구
JDQ4MTg4MSM1MSMkMSMkMCMkODkkMzgxMzUxIzExIyQxIyQzIyQxMyQyNjE4MzIjNDEjJDEjJDgjJDgz,23,가정의학과,0,0,의료법인풍산의료재단동부제일병원,종합병원,중랑구
JDQ4MTg4MSM1MSMkMSMkMCMkODkkMzgxMzUxIzExIyQxIyQ3IyQ4OSQ0NjEwMDIjODEjJDEjJDYjJDgz,1,내과,22,0,의료법인한전의료재단 한일병원,종합병원,도봉구
JDQ4MTg4MSM1MSMkMSMkMCMkODkkMzgxMzUxIzExIyQxIyQ3IyQ4OSQ0NjEwMDIjODEjJDEjJDYjJDgz,2,신경과,5,0,의료법인한전의료재단 한일병원,종합병원,도봉구
JDQ4MTg4MSM1MSMkMSMkMCMkODkkMzgxMzUxIzExIyQxIyQ3IyQ4OSQ0NjEwMDIjODEjJDEjJDYjJDgz,3,정신건강의학과,1,0,의료법인한전의료재단 한일병원,종합병원,도봉구
JDQ4MTg4MSM1MSMkMSMkMCMkODkkMzgxMzUxIzExIyQxIyQ3IyQ4OSQ0NjEwMDIjODEjJDEjJDYjJDgz,4,외과,6,0,의료법인한전의료재단 한일병원,종합병원,도봉구
JDQ4MTg4MSM1MSMkMSMkMCMkODkkMzgxMzUxIzExIyQxIyQ3IyQ4OSQ0NjEwMDIjODEjJDEjJDYjJDgz,5,정형외과,6,0,의료법인한전의료재단 한일병원,종합병원,도봉구
JDQ4MTg4MSM1MSMkMSMkMCMkODkkMzgxMzUxIzExIyQxIyQ3IyQ4OSQ0NjEwMDIjODEjJDEjJDYjJDgz,6,신경외과,2,0,의료법인한전의료재단 한일병원,종합병원,도봉구
JDQ4MTg4MSM1MSMkMSMkMCMkODkkMzgxMzUxIzExIyQxIyQ3IyQ4OSQ0NjEwMDIjODEjJDEjJDYjJDgz,7,심장혈관흉부외과,1,0,의료법인한전의료재단 한일병원,종합병원,도봉구
JDQ4MTg4MSM1MSMkMSMkMCMkODkkMzgxMzUxIzExIyQxIyQ3IyQ4OSQ0NjEwMDIjODEjJDEjJDYjJDgz,8,성형외과,3,0,의료법인한전의료재단 한일병원,종합병원,도봉구
JDQ4MTg4MSM1MSMkMSMkMCMkODkkMzgxMzUxIzExIyQxIyQ3IyQ4OSQ0NjEwMDIjODEjJDEjJDYjJDgz,9,마취통증의학과,5,0,의료법인한전의료재단 한일병원,종합병원,도봉구
JDQ4MTg4MSM1MSMkMSMkMCMkODkkMzgxMzUxIzExIyQxIyQ3IyQ4OSQ0NjEwMDIjODEjJDEjJDYjJDgz,10,산부인과,2,0,의료법인한전의료재단 한일병원,종합병원,도봉구
JDQ4MTg4MSM1MSMkMSMkMCMkODkkMzgxMzUxIzExIyQxIyQ3IyQ4OSQ0NjEwMDIjODEjJDEjJDYjJDgz,11,소아청소년과,3,0,의료법인한전의료재단 한일병원,종합병원,도봉구
JDQ4MTg4MSM1MSMkMSMkMCMkODkkMzgxMzUxIzExIyQxIyQ3IyQ4OSQ0NjEwMDIjODEjJDEjJDYjJDgz,12,안과,1,0,의료법인한전의료재단 한일병원,종합병원,도봉구
JDQ4MTg4MSM1MSMkMSMkMCMkODkkMzgxMzUxIzExIyQxIyQ3IyQ4OSQ0NjEwMDIjODEjJDEjJDYjJDgz,13,이비인후과,1,0,의료법인한전의료재단 한일병원,종합병원,도봉구
JDQ4MTg4MSM1MSMkMSMkMCMkODkkMzgxMzUxIzExIyQxIyQ3IyQ4OSQ0NjEwMDIjODEjJDEjJDYjJDgz,14,피부과,1,0,의료법인한전의료재단 한일병원,종합병원,도봉구
JDQ4MTg4MSM1MSMkMSMkMCMkODkkMzgxMzUxIzExIyQxIyQ3IyQ4OSQ0NjEwMDIjODEjJDEjJDYjJDgz,15,비뇨의학과,2,0,의료법인한전의료재단 한일병원,종합병원,도봉구
JDQ4MTg4MSM1MSMkMSMkMCMkODkkMzgxMzUxIzExIyQxIyQ3IyQ4OSQ0NjEwMDIjODEjJDEjJDYjJDgz,16,영상의학과,6,0,의료법인한전의료재단 한일병원,종합병원,도봉구
JDQ4MTg4MSM1MSMkMSMkMCMkODkkMzgxMzUxIzExIyQxIyQ3IyQ4OSQ0NjEwMDIjODEjJDEjJDYjJDgz,18,병리과,1,0,의료법인한전의료재단 한일병원,종합병원,도봉구
JDQ4MTg4MSM1MSMkMSMkMCMkODkkMzgxMzUxIzExIyQxIyQ3IyQ4OSQ0NjEwMDIjODEjJDEjJDYjJDgz,19,진단검사의학과,1,0,의료법인한전의료재단 한일병원,종합병원,도봉구
JDQ4MTg4MSM1MSMkMSMkMCMkODkkMzgxMzUxIzExIyQxIyQ3IyQ4OSQ0NjEwMDIjODEjJDEjJDYjJDgz,21,재활의학과,1,0,의료법인한전의료재단 한일병원,종합병원,도봉구
JDQ4MTg4MSM1MSMkMSMkMCMkODkkMzgxMzUxIzExIyQxIyQ3IyQ4OSQ0NjEwMDIjODEjJDEjJDYjJDgz,22,핵의학과,2,0,의료법인한전의료재단 한일병원,종합병원,도봉구
JDQ4MTg4MSM1MSMkMSMkMCMkODkkMzgxMzUxIzExIyQxIyQ3IyQ4OSQ0NjEwMDIjODEjJDEjJDYjJDgz,23,가정의학과,3,0,의료법인한전의료재단 한일병원,종합병원,도봉구
JDQ4MTg4MSM1MSMkMSMkMCMkODkkMzgxMzUxIzExIyQxIyQ3IyQ4OSQ0NjEwMDIjODEjJDEjJDYjJDgz,24,응급의학과,12,0,의료법인한전의료재단 한일병원,종합병원,도봉구
JDQ4MTg4MSM1MSMkMSMkMCMkODkkMzgxMzUxIzExIyQxIyQ3IyQ4OSQ0NjEwMDIjODEjJDEjJDYjJDgz,25,직업환경의학과,9,0,의료법인한전의료재단 한일병원,종합병원,도봉구
JDQ4MTg4MSM1MSMkMSMkMCMkODkkMzgxMzUxIzExIyQxIyQ3IyQ4OSQ0NjEwMDIjODEjJDEjJDYjJDgz,51,치과보철과,1,0,의료법인한전의료재단 한일병원,종합병원,도봉구
JDQ4MTg4MSM1MSMkMSMkMCMkODkkMzgxMzUxIzExIyQyIyQ3IyQwMCQzNjEyMjIjODEjJDEjJDYjJDgz,1,내과,65,0,이화여자대학교의과대학부속서울병원,종합병원,강서구
JDQ4MTg4MSM1MSMkMSMkMCMkODkkMzgxMzUxIzExIyQyIyQ3IyQwMCQzNjEyMjIjODEjJDEjJDYjJDgz,2,신경과,14,0,이화여자대학교의과대학부속서울병원,종합병원,강서구
JDQ4MTg4MSM1MSMkMSMkMCMkODkkMzgxMzUxIzExIyQyIyQ3IyQwMCQzNjEyMjIjODEjJDEjJDYjJDgz,3,정신건강의학과,4,0,이화여자대학교의과대학부속서울병원,종합병원,강서구
JDQ4MTg4MSM1MSMkMSMkMCMkODkkMzgxMzUxIzExIyQyIyQ3IyQwMCQzNjEyMjIjODEjJDEjJDYjJDgz,4,외과,19,0,이화여자대학교의과대학부속서울병원,종합병원,강서구
JDQ4MTg4MSM1MSMkMSMkMCMkODkkMzgxMzUxIzExIyQyIyQ3IyQwMCQzNjEyMjIjODEjJDEjJDYjJDgz,5,정형외과,9,0,이화여자대학교의과대학부속서울병원,종합병원,강서구
JDQ4MTg4MSM1MSMkMSMkMCMkODkkMzgxMzUxIzExIyQyIyQ3IyQwMCQzNjEyMjIjODEjJDEjJDYjJDgz,6,신경외과,9,0,이화여자대학교의과대학부속서울병원,종합병원,강서구
JDQ4MTg4MSM1MSMkMSMkMCMkODkkMzgxMzUxIzExIyQyIyQ3IyQwMCQzNjEyMjIjODEjJDEjJDYjJDgz,7,심장혈관흉부외과,11,0,이화여자대학교의과대학부속서울병원,종합병원,강서구
JDQ4MTg4MSM1MSMkMSMkMCMkODkkMzgxMzUxIzExIyQyIyQ3IyQwMCQzNjEyMjIjODEjJDEjJDYjJDgz,8,성형외과,3,0,이화여자대학교의과대학부속서울병원,종합병원,강서구
JDQ4MTg4MSM1MSMkMSMkMCMkODkkMzgxMzUxIzExIyQyIyQ3IyQwMCQzNjEyMjIjODEjJDEjJDYjJDgz,9,마취통증의학과,22,0,이화여자대학교의과대학부속서울병원,종합병원,강서구
JDQ4MTg4MSM1MSMkMSMkMCMkODkkMzgxMzUxIzExIyQyIyQ3IyQwMCQzNjEyMjIjODEjJDEjJDYjJDgz,10,산부인과,10,0,이화여자대학교의과대학부속서울병원,종합병원,강서구
JDQ4MTg4MSM1MSMkMSMkMCMkODkkMzgxMzUxIzExIyQyIyQ3IyQwMCQzNjEyMjIjODEjJDEjJDYjJDgz,11,소아청소년과,21,0,이화여자대학교의과대학부속서울병원,종합병원,강서구
JDQ4MTg4MSM1MSMkMSMkMCMkODkkMzgxMzUxIzExIyQyIyQ3IyQwMCQzNjEyMjIjODEjJDEjJDYjJDgz,12,안과,4,0,이화여자대학교의과대학부속서울병원,종합병원,강서구
JDQ4MTg4MSM1MSMkMSMkMCMkODkkMzgxMzUxIzExIyQyIyQ3IyQwMCQzNjEyMjIjODEjJDEjJDYjJDgz,13,이비인후과,3,0,이화여자대학교의과대학부속서울병원,종합병원,강서구
JDQ4MTg4MSM1MSMkMSMkMCMkODkkMzgxMzUxIzExIyQyIyQ3IyQwMCQzNjEyMjIjODEjJDEjJDYjJDgz,14,피부과,3,0,이화여자대학교의과대학부속서울병원,종합병원,강서구
JDQ4MTg4MSM1MSMkMSMkMCMkODkkMzgxMzUxIzExIyQyIyQ3IyQwMCQzNjEyMjIjODEjJDEjJDYjJDgz,15,비뇨의학과,4,0,이화여자대학교의과대학부속서울병원,종합병원,강서구
JDQ4MTg4MSM1MSMkMSMkMCMkODkkMzgxMzUxIzExIyQyIyQ3IyQwMCQzNjEyMjIjODEjJDEjJDYjJDgz,16,영상의학과,27,0,이화여자대학교의과대학부속서울병원,종합병원,강서구
JDQ4MTg4MSM1MSMkMSMkMCMkODkkMzgxMzUxIzExIyQyIyQ3IyQwMCQzNjEyMjIjODEjJDEjJDYjJDgz,17,방사선종양학과,2,0,이화여자대학교의과대학부속서울병원,종합병원,강서구
JDQ4MTg4MSM1MSMkMSMkMCMkODkkMzgxMzUxIzExIyQyIyQ3IyQwMCQzNjEyMjIjODEjJDEjJDYjJDgz,18,병리과,6,0,이화여자대학교의과대학부속서울병원,종합병원,강서구
JDQ4MTg4MSM1MSMkMSMkMCMkODkkMzgxMzUxIzExIyQyIyQ3IyQwMCQzNjEyMjIjODEjJDEjJDYjJDgz,19,진단검사의학과,3,0,이화여자대학교의과대학부속서울병원,종합병원,강서구
JDQ4MTg4MSM1MSMkMSMkMCMkODkkMzgxMzUxIzExIyQyIyQ3IyQwMCQzNjEyMjIjODEjJDEjJDYjJDgz,21,재활의학과,4,0,이화여자대학교의과대학부속서울병원,종합병원,강서구
JDQ4MTg4MSM1MSMkMSMkMCMkODkkMzgxMzUxIzExIyQyIyQ3IyQwMCQzNjEyMjIjODEjJDEjJDYjJDgz,22,핵의학과,3,0,이화여자대학교의과대학부속서울병원,종합병원,강서구
JDQ4MTg4MSM1MSMkMSMkMCMkODkkMzgxMzUxIzExIyQyIyQ3IyQwMCQzNjEyMjIjODEjJDEjJDYjJDgz,23,가정의학과,9,0,이화여자대학교의과대학부속서울병원,종합병원,강서구
JDQ4MTg4MSM1MSMkMSMkMCMkODkkMzgxMzUxIzExIyQyIyQ3IyQwMCQzNjEyMjIjODEjJDEjJDYjJDgz,24,응급의학과,18,0,이화여자대학교의과대학부속서울병원,종합병원,강서구
JDQ4MTg4MSM1MSMkMSMkMCMkODkkMzgxMzUxIzExIyQyIyQ3IyQwMCQzNjEyMjIjODEjJDEjJDYjJDgz,50,구강악안면외과,2,0,이화여자대학교의과대학부속서울병원,종합병원,강서구
JDQ4MTg4MSM1MSMkMSMkMCMkODkkMzgxMzUxIzExIyQyIyQ3IyQwMCQzNjEyMjIjODEjJDEjJDYjJDgz,52,치과교정과,1,0,이화여자대학교의과대학부속서울병원,종합병원,강서구
JDQ4MTg4MSM1MSMkMSMkMCMkODkkMzgxMzUxIzExIyQyIyQ3IyQwMCQzNjEyMjIjODEjJDEjJDYjJDgz,55,치과보존과,1,0,이화여자대학교의과대학부속서울병원,종합병원,강서구
JDQ4MTg4MSM1MSMkMSMkMCMkODkkMzgxMzUxIzExIyQyIyQ3IyQwMCQzNjEyMjIjODEjJDEjJDYjJDgz,61,통합치의학과,1,0,이화여자대학교의과대학부속서울병원,종합병원,강서구
JDQ4MTg4MSM1MSMkMSMkMCMkODkkMzgxMzUxIzExIyQxIyQzIyQwMyQyNjEwMDIjODEjJDEjJDIjJDgz,1,내과,33,0,인제대학교 상계백병원,종합병원,노원구
JDQ4MTg4MSM1MSMkMSMkMCMkODkkMzgxMzUxIzExIyQxIyQzIyQwMyQyNjEwMDIjODEjJDEjJDIjJDgz,2,신경과,7,0,인제대학교 상계백병원,종합병원,노원구
JDQ4MTg4MSM1MSMkMSMkMCMkODkkMzgxMzUxIzExIyQxIyQzIyQwMyQyNjEwMDIjODEjJDEjJDIjJDgz,3,정신건강의학과,5,0,인제대학교 상계백병원,종합병원,노원구
JDQ4MTg4MSM1MSMkMSMkMCMkODkkMzgxMzUxIzExIyQxIyQzIyQwMyQyNjEwMDIjODEjJDEjJDIjJDgz,4,외과,13,0,인제대학교 상계백병원,종합병원,노원구
JDQ4MTg4MSM1MSMkMSMkMCMkODkkMzgxMzUxIzExIyQxIyQzIyQwMyQyNjEwMDIjODEjJDEjJDIjJDgz,5,정형외과,11,0,인제대학교 상계백병원,종합병원,노원구
JDQ4MTg4MSM1MSMkMSMkMCMkODkkMzgxMzUxIzExIyQxIyQzIyQwMyQyNjEwMDIjODEjJDEjJDIjJDgz,6,신경외과,5,0,인제대학교 상계백병원,종합병원,노원구
JDQ4MTg4MSM1MSMkMSMkMCMkODkkMzgxMzUxIzExIyQxIyQzIyQwMyQyNjEwMDIjODEjJDEjJDIjJDgz,7,심장혈관흉부외과,2,0,인제대학교 상계백병원,종합병원,노원구
JDQ4MTg4MSM1MSMkMSMkMCMkODkkMzgxMzUxIzExIyQxIyQzIyQwMyQyNjEwMDIjODEjJDEjJDIjJDgz,8,성형외과,3,0,인제대학교 상계백병원,종합병원,노원구
JDQ4MTg4MSM1MSMkMSMkMCMkODkkMzgxMzUxIzExIyQxIyQzIyQwMyQyNjEwMDIjODEjJDEjJDIjJDgz,9,마취통증의학과,9,0,인제대학교 상계백병원,종합병원,노원구
JDQ4MTg4MSM1MSMkMSMkMCMkODkkMzgxMzUxIzExIyQxIyQzIyQwMyQyNjEwMDIjODEjJDEjJDIjJDgz,10,산부인과,4,0,인제대학교 상계백병원,종합병원,노원구
JDQ4MTg4MSM1MSMkMSMkMCMkODkkMzgxMzUxIzExIyQxIyQzIyQwMyQyNjEwMDIjODEjJDEjJDIjJDgz,11,소아청소년과,8,0,인제대학교 상계백병원,종합병원,노원구
JDQ4MTg4MSM1MSMkMSMkMCMkODkkMzgxMzUxIzExIyQxIyQzIyQwMyQyNjEwMDIjODEjJDEjJDIjJDgz,12,안과,6,0,인제대학교 상계백병원,종합병원,노원구
JDQ4MTg4MSM1MSMkMSMkMCMkODkkMzgxMzUxIzExIyQxIyQzIyQwMyQyNjEwMDIjODEjJDEjJDIjJDgz,13,이비인후과,4,0,인제대학교 상계백병원,종합병원,노원구
JDQ4MTg4MSM1MSMkMSMkMCMkODkkMzgxMzUxIzExIyQxIyQzIyQwMyQyNjEwMDIjODEjJDEjJDIjJDgz,14,피부과,3,0,인제대학교 상계백병원,종합병원,노원구
JDQ4MTg4MSM1MSMkMSMkMCMkODkkMzgxMzUxIzExIyQxIyQzIyQwMyQyNjEwMDIjODEjJDEjJDIjJDgz,15,비뇨의학과,3,0,인제대학교 상계백병원,종합병원,노원구
JDQ4MTg4MSM1MSMkMSMkMCMkODkkMzgxMzUxIzExIyQxIyQzIyQwMyQyNjEwMDIjODEjJDEjJDIjJDgz,16,영상의학과,9,0,인제대학교 상계백병원,종합병원,노원구
JDQ4MTg4MSM1MSMkMSMkMCMkODkkMzgxMzUxIzExIyQxIyQzIyQwMyQyNjEwMDIjODEjJDEjJDIjJDgz,17,방사선종양학과,1,0,인제대학교 상계백병원,종합병원,노원구
JDQ4MTg4MSM1MSMkMSMkMCMkODkkMzgxMzUxIzExIyQxIyQzIyQwMyQyNjEwMDIjODEjJDEjJDIjJDgz,18,병리과,3,0,인제대학교 상계백병원,종합병원,노원구
JDQ4MTg4MSM1MSMkMSMkMCMkODkkMzgxMzUxIzExIyQxIyQzIyQwMyQyNjEwMDIjODEjJDEjJDIjJDgz,19,진단검사의학과,2,0,인제대학교 상계백병원,종합병원,노원구
JDQ4MTg4MSM1MSMkMSMkMCMkODkkMzgxMzUxIzExIyQxIyQzIyQwMyQyNjEwMDIjODEjJDEjJDIjJDgz,21,재활의학과,4,0,인제대학교 상계백병원,종합병원,노원구
JDQ4MTg4MSM1MSMkMSMkMCMkODkkMzgxMzUxIzExIyQxIyQzIyQwMyQyNjEwMDIjODEjJDEjJDIjJDgz,22,핵의학과,1,0,인제대학교 상계백병원,종합병원,노원구
JDQ4MTg4MSM1MSMkMSMkMCMkODkkMzgxMzUxIzExIyQxIyQzIyQwMyQyNjEwMDIjODEjJDEjJDIjJDgz,23,가정의학과,4,0,인제대학교 상계백병원,종합병원,노원구
JDQ4MTg4MSM1MSMkMSMkMCMkODkkMzgxMzUxIzExIyQxIyQzIyQwMyQyNjEwMDIjODEjJDEjJDIjJDgz,24,응급의학과,11,0,인제대학교 상계백병원,종합병원,노원구
JDQ4MTg4MSM1MSMkMSMkMCMkODkkMzgxMzUxIzExIyQxIyQzIyQwMyQyNjEwMDIjODEjJDEjJDIjJDgz,25,직업환경의학과,0,0,인제대학교 상계백병원,종합병원,노원구
JDQ4MTg4MSM1MSMkMSMkMCMkODkkMzgxMzUxIzExIyQxIyQzIyQwMyQyNjEwMDIjODEjJDEjJDIjJDgz,50,구강악안면외과,2,0,인제대학교 상계백병원,종합병원,노원구
JDQ4MTg4MSM1MSMkMSMkMCMkODkkMzgxMzUxIzExIyQyIyQ3IyQwMCQzNjEwMDIjNDEjJDEjJDgjJDgz,1,내과,0,0,재단법인베스티안재단베스티안서울병원,종합병원,성동구
JDQ4MTg4MSM1MSMkMSMkMCMkODkkMzgxMzUxIzExIyQyIyQ3IyQwMCQzNjEwMDIjNDEjJDEjJDgjJDgz,4,외과,2,0,재단법인베스티안재단베스티안서울병원,종합병원,성동구
JDQ4MTg4MSM1MSMkMSMkMCMkODkkMzgxMzUxIzExIyQyIyQ3IyQwMCQzNjEwMDIjNDEjJDEjJDgjJDgz,9,마취통증의학과,1,0,재단법인베스티안재단베스티안서울병원,종합병원,성동구
JDQ4MTg4MSM1MSMkMSMkMCMkODkkMzgxMzUxIzExIyQyIyQ3IyQwMCQzNjEwMDIjNDEjJDEjJDgjJDgz,11,소아청소년과,1,0,재단법인베스티안재단베스티안서울병원,종합병원,성동구
JDQ4MTg4MSM1MSMkMSMkMCMkODkkMzgxMzUxIzExIyQyIyQ3IyQwMCQzNjEwMDIjNDEjJDEjJDgjJDgz,16,영상의학과,1,0,재단법인베스티안재단베스티안서울병원,종합병원,성동구
JDQ4MTg4MSM1MSMkMSMkMCMkODkkMzgxMzUxIzExIyQyIyQ3IyQwMCQzNjEwMDIjNDEjJDEjJDgjJDgz,19,진단검사의학과,1,0,재단법인베스티안재단베스티안서울병원,종합병원,성동구
JDQ4MTg4MSM1MSMkMSMkMCMkODkkMzgxMzUxIzExIyQyIyQ3IyQwMCQzNjEwMDIjNDEjJDEjJDgjJDgz,24,응급의학과,3,0,재단법인베스티안재단베스티안서울병원,종합병원,성동구
JDQ4MTg4MSM1MSMkMSMkMCMkODkkMzgxMzUxIzExIyQxIyQzIyQwMyQzNjE0ODEjNTEjJDEjJDIjJDgz,1,내과,8,0,차의과학대학교 강남차병원,종합병원,강남구
JDQ4MTg4MSM1MSMkMSMkMCMkODkkMzgxMzUxIzExIyQxIyQzIyQwMyQzNjE0ODEjNTEjJDEjJDIjJDgz,2,신경과,0,0,차의과학대학교 강남차병원,종합병원,강남구
JDQ4MTg4MSM1MSMkMSMkMCMkODkkMzgxMzUxIzExIyQxIyQzIyQwMyQzNjE0ODEjNTEjJDEjJDIjJDgz,3,정신건강의학과,1,0,차의과학대학교 강남차병원,종합병원,강남구
JDQ4MTg4MSM1MSMkMSMkMCMkODkkMzgxMzUxIzExIyQxIyQzIyQwMyQzNjE0ODEjNTEjJDEjJDIjJDgz,4,외과,6,0,차의과학대학교 강남차병원,종합병원,강남구
JDQ4MTg4MSM1MSMkMSMkMCMkODkkMzgxMzUxIzExIyQxIyQzIyQwMyQzNjE0ODEjNTEjJDEjJDIjJDgz,6,신경외과,0,0,차의과학대학교 강남차병원,종합병원,강남구
JDQ4MTg4MSM1MSMkMSMkMCMkODkkMzgxMzUxIzExIyQxIyQzIyQwMyQzNjE0ODEjNTEjJDEjJDIjJDgz,7,심장혈관흉부외과,0,0,차의과학대학교 강남차병원,종합병원,강남구
JDQ4MTg4MSM1MSMkMSMkMCMkODkkMzgxMzUxIzExIyQxIyQzIyQwMyQzNjE0ODEjNTEjJDEjJDIjJDgz,8,성형외과,1,0,차의과학대학교 강남차병원,종합병원,강남구
JDQ4MTg4MSM1MSMkMSMkMCMkODkkMzgxMzUxIzExIyQxIyQzIyQwMyQzNjE0ODEjNTEjJDEjJDIjJDgz,9,마취통증의학과,14,0,차의과학대학교 강남차병원,종합병원,강남구
JDQ4MTg4MSM1MSMkMSMkMCMkODkkMzgxMzUxIzExIyQxIyQzIyQwMyQzNjE0ODEjNTEjJDEjJDIjJDgz,10,산부인과,39,0,차의과학대학교 강남차병원,종합병원,강남구
JDQ4MTg4MSM1MSMkMSMkMCMkODkkMzgxMzUxIzExIyQxIyQzIyQwMyQzNjE0ODEjNTEjJDEjJDIjJDgz,11,소아청소년과,10,0,차의과학대학교 강남차병원,종합병원,강남구
JDQ4MTg4MSM1MSMkMSMkMCMkODkkMzgxMzUxIzExIyQxIyQzIyQwMyQzNjE0ODEjNTEjJDEjJDIjJDgz,15,비뇨의학과,4,0,차의과학대학교 강남차병원,종합병원,강남구
JDQ4MTg4MSM1MSMkMSMkMCMkODkkMzgxMzUxIzExIyQxIyQzIyQwMyQzNjE0ODEjNTEjJDEjJDIjJDgz,16,영상의학과,3,0,차의과학대학교 강남차병원,종합병원,강남구
JDQ4MTg4MSM1MSMkMSMkMCMkODkkMzgxMzUxIzExIyQxIyQzIyQwMyQzNjE0ODEjNTEjJDEjJDIjJDgz,18,병리과,6,0,차의과학대학교 강남차병원,종합병원,강남구
JDQ4MTg4MSM1MSMkMSMkMCMkODkkMzgxMzUxIzExIyQxIyQzIyQwMyQzNjE0ODEjNTEjJDEjJDIjJDgz,19,진단검사의학과,3,0,차의과학대학교 강남차병원,종합병원,강남구
JDQ4MTg4MSM1MSMkMSMkMCMkODkkMzgxMzUxIzExIyQxIyQzIyQwMyQzNjE0ODEjNTEjJDEjJDIjJDgz,50,구강악안면외과,1,0,차의과학대학교 강남차병원,종합병원,강남구
JDQ4MTg4MSM1MSMkMSMkMCMkODkkMzgxMzUxIzExIyQxIyQzIyQwMyQzNjE0ODEjNTEjJDEjJDIjJDgz,51,치과보철과,0,0,차의과학대학교 강남차병원,종합병원,강남구
JDQ4MTg4MSM1MSMkMSMkMCMkODkkMzgxMzUxIzExIyQxIyQzIyQwMyQzNjE0ODEjNTEjJDEjJDIjJDgz,52,치과교정과,1,0,차의과학대학교 강남차병원,종합병원,강남구
JDQ4MTg4MSM1MSMkMSMkMCMkODkkMzgxMzUxIzExIyQxIyQzIyQwMyQzNjE0ODEjNTEjJDEjJDIjJDgz,61,통합치의학과,1,0,차의과학대학교 강남차병원,종합병원,강남구
JDQ4MTg4MSM1MSMkMSMkMCMkODkkMzgxMzUxIzExIyQxIyQzIyQwMyQzNjE0ODEjNTEjJDEjJDIjJDgz,80,한방내과,0,0,차의과학대학교 강남차병원,종합병원,강남구
JDQ4MTg4MSM1MSMkMSMkMCMkODkkMzgxMzUxIzExIyQxIyQzIyQwMyQzNjE0ODEjNTEjJDEjJDIjJDgz,81,한방부인과,0,0,차의과학대학교 강남차병원,종합병원,강남구
JDQ4MTg4MSM1MSMkMSMkMCMkODkkMzgxMzUxIzExIyQxIyQzIyQwMyQzNjE0ODEjNTEjJDEjJDIjJDgz,82,한방소아과,0,0,차의과학대학교 강남차병원,종합병원,강남구
JDQ4MTg4MSM1MSMkMSMkMCMkODkkMzgxMzUxIzExIyQxIyQzIyQwMyQzNjE0ODEjNTEjJDEjJDIjJDgz,83,한방안·이비인후·피부과,0,0,차의과학대학교 강남차병원,종합병원,강남구
JDQ4MTg4MSM1MSMkMSMkMCMkODkkMzgxMzUxIzExIyQxIyQzIyQwMyQzNjE0ODEjNTEjJDEjJDIjJDgz,84,한방신경정신과,0,0,차의과학대학교 강남차병원,종합병원,강남구
JDQ4MTg4MSM1MSMkMSMkMCMkODkkMzgxMzUxIzExIyQxIyQzIyQwMyQzNjE0ODEjNTEjJDEjJDIjJDgz,85,침구과,0,0,차의과학대학교 강남차병원,종합병원,강남구
JDQ4MTg4MSM1MSMkMSMkMCMkODkkMzgxMzUxIzExIyQxIyQzIyQwMyQzNjE0ODEjNTEjJDEjJDIjJDgz,86,한방재활의학과,0,0,차의과학대학교 강남차병원,종합병원,강남구
JDQ4MTg4MSM1MSMkMSMkMCMkODkkMzgxMzUxIzExIyQxIyQzIyQwMyQzNjE0ODEjNTEjJDEjJDIjJDgz,87,사상체질과,0,0,차의과학대학교 강남차병원,종합병원,강남구
JDQ4MTg4MSM1MSMkMSMkMCMkODkkMzgxMzUxIzExIyQxIyQzIyQ5OSQyNjE4MzIjNDEjJDEjJDgjJDgz,1,내과,43,0,한국보훈복지의료공단 중앙보훈병원,종합병원,강동구
JDQ4MTg4MSM1MSMkMSMkMCMkODkkMzgxMzUxIzExIyQxIyQzIyQ5OSQyNjE4MzIjNDEjJDEjJDgjJDgz,2,신경과,6,0,한국보훈복지의료공단 중앙보훈병원,종합병원,강동구
JDQ4MTg4MSM1MSMkMSMkMCMkODkkMzgxMzUxIzExIyQxIyQzIyQ5OSQyNjE4MzIjNDEjJDEjJDgjJDgz,3,정신건강의학과,4,0,한국보훈복지의료공단 중앙보훈병원,종합병원,강동구
JDQ4MTg4MSM1MSMkMSMkMCMkODkkMzgxMzUxIzExIyQxIyQzIyQ5OSQyNjE4MzIjNDEjJDEjJDgjJDgz,4,외과,7,0,한국보훈복지의료공단 중앙보훈병원,종합병원,강동구
JDQ4MTg4MSM1MSMkMSMkMCMkODkkMzgxMzUxIzExIyQxIyQzIyQ5OSQyNjE4MzIjNDEjJDEjJDgjJDgz,5,정형외과,7,0,한국보훈복지의료공단 중앙보훈병원,종합병원,강동구
JDQ4MTg4MSM1MSMkMSMkMCMkODkkMzgxMzUxIzExIyQxIyQzIyQ5OSQyNjE4MzIjNDEjJDEjJDgjJDgz,6,신경외과,5,0,한국보훈복지의료공단 중앙보훈병원,종합병원,강동구
JDQ4MTg4MSM1MSMkMSMkMCMkODkkMzgxMzUxIzExIyQxIyQzIyQ5OSQyNjE4MzIjNDEjJDEjJDgjJDgz,7,심장혈관흉부외과,4,0,한국보훈복지의료공단 중앙보훈병원,종합병원,강동구
JDQ4MTg4MSM1MSMkMSMkMCMkODkkMzgxMzUxIzExIyQxIyQzIyQ5OSQyNjE4MzIjNDEjJDEjJDgjJDgz,8,성형외과,2,0,한국보훈복지의료공단 중앙보훈병원,종합병원,강동구
JDQ4MTg4MSM1MSMkMSMkMCMkODkkMzgxMzUxIzExIyQxIyQzIyQ5OSQyNjE4MzIjNDEjJDEjJDgjJDgz,9,마취통증의학과,5,0,한국보훈복지의료공단 중앙보훈병원,종합병원,강동구
JDQ4MTg4MSM1MSMkMSMkMCMkODkkMzgxMzUxIzExIyQxIyQzIyQ5OSQyNjE4MzIjNDEjJDEjJDgjJDgz,10,산부인과,3,0,한국보훈복지의료공단 중앙보훈병원,종합병원,강동구
JDQ4MTg4MSM1MSMkMSMkMCMkODkkMzgxMzUxIzExIyQxIyQzIyQ5OSQyNjE4MzIjNDEjJDEjJDgjJDgz,11,소아청소년과,2,0,한국보훈복지의료공단 중앙보훈병원,종합병원,강동구
JDQ4MTg4MSM1MSMkMSMkMCMkODkkMzgxMzUxIzExIyQxIyQzIyQ5OSQyNjE4MzIjNDEjJDEjJDgjJDgz,12,안과,7,0,한국보훈복지의료공단 중앙보훈병원,종합병원,강동구
JDQ4MTg4MSM1MSMkMSMkMCMkODkkMzgxMzUxIzExIyQxIyQzIyQ5OSQyNjE4MzIjNDEjJDEjJDgjJDgz,13,이비인후과,5,0,한국보훈복지의료공단 중앙보훈병원,종합병원,강동구
JDQ4MTg4MSM1MSMkMSMkMCMkODkkMzgxMzUxIzExIyQxIyQzIyQ5OSQyNjE4MzIjNDEjJDEjJDgjJDgz,14,피부과,2,0,한국보훈복지의료공단 중앙보훈병원,종합병원,강동구
JDQ4MTg4MSM1MSMkMSMkMCMkODkkMzgxMzUxIzExIyQxIyQzIyQ5OSQyNjE4MzIjNDEjJDEjJDgjJDgz,15,비뇨의학과,7,0,한국보훈복지의료공단 중앙보훈병원,종합병원,강동구
JDQ4MTg4MSM1MSMkMSMkMCMkODkkMzgxMzUxIzExIyQxIyQzIyQ5OSQyNjE4MzIjNDEjJDEjJDgjJDgz,16,영상의학과,8,0,한국보훈복지의료공단 중앙보훈병원,종합병원,강동구
JDQ4MTg4MSM1MSMkMSMkMCMkODkkMzgxMzUxIzExIyQxIyQzIyQ5OSQyNjE4MzIjNDEjJDEjJDgjJDgz,17,방사선종양학과,2,0,한국보훈복지의료공단 중앙보훈병원,종합병원,강동구
JDQ4MTg4MSM1MSMkMSMkMCMkODkkMzgxMzUxIzExIyQxIyQzIyQ5OSQyNjE4MzIjNDEjJDEjJDgjJDgz,18,병리과,2,0,한국보훈복지의료공단 중앙보훈병원,종합병원,강동구
JDQ4MTg4MSM1MSMkMSMkMCMkODkkMzgxMzUxIzExIyQxIyQzIyQ5OSQyNjE4MzIjNDEjJDEjJDgjJDgz,19,진단검사의학과,3,0,한국보훈복지의료공단 중앙보훈병원,종합병원,강동구
JDQ4MTg4MSM1MSMkMSMkMCMkODkkMzgxMzUxIzExIyQxIyQzIyQ5OSQyNjE4MzIjNDEjJDEjJDgjJDgz,21,재활의학과,7,0,한국보훈복지의료공단 중앙보훈병원,종합병원,강동구
JDQ4MTg4MSM1MSMkMSMkMCMkODkkMzgxMzUxIzExIyQxIyQzIyQ5OSQyNjE4MzIjNDEjJDEjJDgjJDgz,22,핵의학과,2,0,한국보훈복지의료공단 중앙보훈병원,종합병원,강동구
JDQ4MTg4MSM1MSMkMSMkMCMkODkkMzgxMzUxIzExIyQxIyQzIyQ5OSQyNjE4MzIjNDEjJDEjJDgjJDgz,23,가정의학과,5,0,한국보훈복지의료공단 중앙보훈병원,종합병원,강동구
JDQ4MTg4MSM1MSMkMSMkMCMkODkkMzgxMzUxIzExIyQxIyQzIyQ5OSQyNjE4MzIjNDEjJDEjJDgjJDgz,24,응급의학과,10,0,한국보훈복지의료공단 중앙보훈병원,종합병원,강동구
JDQ4MTg4MSM1MSMkMSMkMCMkODkkMzgxMzUxIzExIyQxIyQzIyQ5OSQyNjE4MzIjNDEjJDEjJDgjJDgz,50,구강악안면외과,3,0,한국보훈복지의료공단 중앙보훈병원,종합병원,강동구
JDQ4MTg4MSM1MSMkMSMkMCMkODkkMzgxMzUxIzExIyQxIyQzIyQ5OSQyNjE4MzIjNDEjJDEjJDgjJDgz,51,치과보철과,9,0,한국보훈복지의료공단 중앙보훈병원,종합병원,강동구
JDQ4MTg4MSM1MSMkMSMkMCMkODkkMzgxMzUxIzExIyQxIyQzIyQ5OSQyNjE4MzIjNDEjJDEjJDgjJDgz,54,치주과,5,0,한국보훈복지의료공단 중앙보훈병원,종합병원,강동구
JDQ4MTg4MSM1MSMkMSMkMCMkODkkMzgxMzUxIzExIyQxIyQzIyQ5OSQyNjE4MzIjNDEjJDEjJDgjJDgz,55,치과보존과,5,0,한국보훈복지의료공단 중앙보훈병원,종합병원,강동구
JDQ4MTg4MSM1MSMkMSMkMCMkODkkMzgxMzUxIzExIyQxIyQzIyQ5OSQyNjE4MzIjNDEjJDEjJDgjJDgz,56,구강내과,1,0,한국보훈복지의료공단 중앙보훈병원,종합병원,강동구
JDQ4MTg4MSM1MSMkMSMkMCMkODkkMzgxMzUxIzExIyQxIyQzIyQ5OSQyNjE4MzIjNDEjJDEjJDgjJDgz,61,통합치의학과,1,0,한국보훈복지의료공단 중앙보훈병원,종합병원,강동구
JDQ4MTg4MSM1MSMkMSMkMCMkODkkMzgxMzUxIzExIyQxIyQzIyQ5OSQyNjE4MzIjNDEjJDEjJDgjJDgz,86,한방재활의학과,1,0,한국보훈복지의료공단 중앙보훈병원,종합병원,강동구
JDQ4MTg4MSM1MSMkMSMkMCMkODkkMzgxMzUxIzExIyQxIyQ3IyQ5OSQ0NjEwMDIjNjEjJDEjJDgjJDgz,1,내과,21,0,한국원자력의학원원자력병원,종합병원,노원구
JDQ4MTg4MSM1MSMkMSMkMCMkODkkMzgxMzUxIzExIyQxIyQ3IyQ5OSQ0NjEwMDIjNjEjJDEjJDgjJDgz,2,신경과,3,0,한국원자력의학원원자력병원,종합병원,노원구
JDQ4MTg4MSM1MSMkMSMkMCMkODkkMzgxMzUxIzExIyQxIyQ3IyQ5OSQ0NjEwMDIjNjEjJDEjJDgjJDgz,3,정신건강의학과,2,0,한국원자력의학원원자력병원,종합병원,노원구
JDQ4MTg4MSM1MSMkMSMkMCMkODkkMzgxMzUxIzExIyQxIyQ3IyQ5OSQ0NjEwMDIjNjEjJDEjJDgjJDgz,4,외과,17,0,한국원자력의학원원자력병원,종합병원,노원구
JDQ4MTg4MSM1MSMkMSMkMCMkODkkMzgxMzUxIzExIyQxIyQ3IyQ5OSQ0NjEwMDIjNjEjJDEjJDgjJDgz,5,정형외과,4,0,한국원자력의학원원자력병원,종합병원,노원구
JDQ4MTg4MSM1MSMkMSMkMCMkODkkMzgxMzUxIzExIyQxIyQ3IyQ5OSQ0NjEwMDIjNjEjJDEjJDgjJDgz,6,신경외과,3,0,한국원자력의학원원자력병원,종합병원,노원구
JDQ4MTg4MSM1MSMkMSMkMCMkODkkMzgxMzUxIzExIyQxIyQ3IyQ5OSQ0NjEwMDIjNjEjJDEjJDgjJDgz,7,심장혈관흉부외과,3,0,한국원자력의학원원자력병원,종합병원,노원구
JDQ4MTg4MSM1MSMkMSMkMCMkODkkMzgxMzUxIzExIyQxIyQ3IyQ5OSQ0NjEwMDIjNjEjJDEjJDgjJDgz,8,성형외과,0,0,한국원자력의학원원자력병원,종합병원,노원구
JDQ4MTg4MSM1MSMkMSMkMCMkODkkMzgxMzUxIzExIyQxIyQ3IyQ5OSQ0NjEwMDIjNjEjJDEjJDgjJDgz,9,마취통증의학과,8,0,한국원자력의학원원자력병원,종합병원,노원구
JDQ4MTg4MSM1MSMkMSMkMCMkODkkMzgxMzUxIzExIyQxIyQ3IyQ5OSQ0NjEwMDIjNjEjJDEjJDgjJDgz,10,산부인과,4,0,한국원자력의학원원자력병원,종합병원,노원구
JDQ4MTg4MSM1MSMkMSMkMCMkODkkMzgxMzUxIzExIyQxIyQ3IyQ5OSQ0NjEwMDIjNjEjJDEjJDgjJDgz,11,소아청소년과,3,0,한국원자력의학원원자력병원,종합병원,노원구
JDQ4MTg4MSM1MSMkMSMkMCMkODkkMzgxMzUxIzExIyQxIyQ3IyQ5OSQ0NjEwMDIjNjEjJDEjJDgjJDgz,12,안과,1,0,한국원자력의학원원자력병원,종합병원,노원구
JDQ4MTg4MSM1MSMkMSMkMCMkODkkMzgxMzUxIzExIyQxIyQ3IyQ5OSQ0NjEwMDIjNjEjJDEjJDgjJDgz,13,이비인후과,4,0,한국원자력의학원원자력병원,종합병원,노원구
JDQ4MTg4MSM1MSMkMSMkMCMkODkkMzgxMzUxIzExIyQxIyQ3IyQ5OSQ0NjEwMDIjNjEjJDEjJDgjJDgz,14,피부과,1,0,한국원자력의학원원자력병원,종합병원,노원구
JDQ4MTg4MSM1MSMkMSMkMCMkODkkMzgxMzUxIzExIyQxIyQ3IyQ5OSQ0NjEwMDIjNjEjJDEjJDgjJDgz,15,비뇨의학과,3,0,한국원자력의학원원자력병원,종합병원,노원구
JDQ4MTg4MSM1MSMkMSMkMCMkODkkMzgxMzUxIzExIyQxIyQ3IyQ5OSQ0NjEwMDIjNjEjJDEjJDgjJDgz,16,영상의학과,11,0,한국원자력의학원원자력병원,종합병원,노원구
JDQ4MTg4MSM1MSMkMSMkMCMkODkkMzgxMzUxIzExIyQxIyQ3IyQ5OSQ0NjEwMDIjNjEjJDEjJDgjJDgz,17,방사선종양학과,6,0,한국원자력의학원원자력병원,종합병원,노원구
JDQ4MTg4MSM1MSMkMSMkMCMkODkkMzgxMzUxIzExIyQxIyQ3IyQ5OSQ0NjEwMDIjNjEjJDEjJDgjJDgz,18,병리과,5,0,한국원자력의학원원자력병원,종합병원,노원구
JDQ4MTg4MSM1MSMkMSMkMCMkODkkMzgxMzUxIzExIyQxIyQ3IyQ5OSQ0NjEwMDIjNjEjJDEjJDgjJDgz,19,진단검사의학과,4,0,한국원자력의학원원자력병원,종합병원,노원구
JDQ4MTg4MSM1MSMkMSMkMCMkODkkMzgxMzUxIzExIyQxIyQ3IyQ5OSQ0NjEwMDIjNjEjJDEjJDgjJDgz,22,핵의학과,4,0,한국원자력의학원원자력병원,종합병원,노원구
JDQ4MTg4MSM1MSMkMSMkMCMkODkkMzgxMzUxIzExIyQxIyQ3IyQ5OSQ0NjEwMDIjNjEjJDEjJDgjJDgz,23,가정의학과,2,0,한국원자력의학원원자력병원,종합병원,노원구
JDQ4MTg4MSM1MSMkMSMkMCMkODkkMzgxMzUxIzExIyQxIyQ3IyQ5OSQ0NjEwMDIjNjEjJDEjJDgjJDgz,24,응급의학과,0,0,한국원자력의학원원자력병원,종합병원,노원구
JDQ4MTg4MSM1MSMkMSMkMCMkODkkMzgxMzUxIzExIyQxIyQ3IyQ5OSQ0NjEwMDIjNjEjJDEjJDgjJDgz,50,구강악안면외과,0,0,한국원자력의학원원자력병원,종합병원,노원구
JDQ4MTg4MSM1MSMkMSMkMCMkODkkMzgxMzUxIzExIyQxIyQ3IyQ5OSQ0NjEwMDIjNjEjJDEjJDgjJDgz,51,치과보철과,0,0,한국원자력의학원원자력병원,종합병원,노원구
JDQ4MTg4MSM1MSMkMSMkMCMkODkkMzgxMzUxIzExIyQxIyQ3IyQ5OSQ0NjEwMDIjNjEjJDEjJDgjJDgz,52,치과교정과,0,0,한국원자력의학원원자력병원,종합병원,노원구
JDQ4MTg4MSM1MSMkMSMkMCMkODkkMzgxMzUxIzExIyQxIyQ3IyQ5OSQ0NjEwMDIjNjEjJDEjJDgjJDgz,53,소아치과,0,0,한국원자력의학원원자력병원,종합병원,노원구
JDQ4MTg4MSM1MSMkMSMkMCMkODkkMzgxMzUxIzExIyQxIyQ3IyQ5OSQ0NjEwMDIjNjEjJDEjJDgjJDgz,54,치주과,0,0,한국원자력의학원원자력병원,종합병원,노원구
JDQ4MTg4MSM1MSMkMSMkMCMkODkkMzgxMzUxIzExIyQxIyQ3IyQ5OSQ0NjEwMDIjNjEjJDEjJDgjJDgz,55,치과보존과,0,0,한국원자력의학원원자력병원,종합병원,노원구
JDQ4MTg4MSM1MSMkMSMkMCMkODkkMzgxMzUxIzExIyQxIyQ3IyQ5OSQ0NjEwMDIjNjEjJDEjJDgjJDgz,56,구강내과,0,0,한국원자력의학원원자력병원,종합병원,노원구
JDQ4MTg4MSM1MSMkMSMkMCMkODkkMzgxMzUxIzExIyQxIyQ3IyQ5OSQ0NjEwMDIjNjEjJDEjJDgjJDgz,57,영상치의학과,0,0,한국원자력의학원원자력병원,종합병원,노원구
JDQ4MTg4MSM1MSMkMSMkMCMkODkkMzgxMzUxIzExIyQxIyQ3IyQ5OSQ0NjEwMDIjNjEjJDEjJDgjJDgz,59,예방치과,0,0,한국원자력의학원원자력병원,종합병원,노원구
JDQ4MTg4MSM1MSMkMSMkMCMkODkkMzgxMzUxIzExIyQyIyQzIyQwMCQyNjE0ODEjNTEjJDEjJDYjJDgz,1,내과,39,0,한림대학교 강남성심병원,종합병원,영등포구
JDQ4MTg4MSM1MSMkMSMkMCMkODkkMzgxMzUxIzExIyQyIyQzIyQwMCQyNjE0ODEjNTEjJDEjJDYjJDgz,2,신경과,4,0,한림대학교 강남성심병원,종합병원,영등포구
JDQ4MTg4MSM1MSMkMSMkMCMkODkkMzgxMzUxIzExIyQyIyQzIyQwMCQyNjE0ODEjNTEjJDEjJDYjJDgz,3,정신건강의학과,2,0,한림대학교 강남성심병원,종합병원,영등포구
JDQ4MTg4MSM1MSMkMSMkMCMkODkkMzgxMzUxIzExIyQyIyQzIyQwMCQyNjE0ODEjNTEjJDEjJDYjJDgz,4,외과,9,0,한림대학교 강남성심병원,종합병원,영등포구
JDQ4MTg4MSM1MSMkMSMkMCMkODkkMzgxMzUxIzExIyQyIyQzIyQwMCQyNjE0ODEjNTEjJDEjJDYjJDgz,5,정형외과,9,0,한림대학교 강남성심병원,종합병원,영등포구
JDQ4MTg4MSM1MSMkMSMkMCMkODkkMzgxMzUxIzExIyQyIyQzIyQwMCQyNjE0ODEjNTEjJDEjJDYjJDgz,6,신경외과,4,0,한림대학교 강남성심병원,종합병원,영등포구
JDQ4MTg4MSM1MSMkMSMkMCMkODkkMzgxMzUxIzExIyQyIyQzIyQwMCQyNjE0ODEjNTEjJDEjJDYjJDgz,7,심장혈관흉부외과,2,0,한림대학교 강남성심병원,종합병원,영등포구
JDQ4MTg4MSM1MSMkMSMkMCMkODkkMzgxMzUxIzExIyQyIyQzIyQwMCQyNjE0ODEjNTEjJDEjJDYjJDgz,8,성형외과,3,0,한림대학교 강남성심병원,종합병원,영등포구
JDQ4MTg4MSM1MSMkMSMkMCMkODkkMzgxMzUxIzExIyQyIyQzIyQwMCQyNjE0ODEjNTEjJDEjJDYjJDgz,9,마취통증의학과,10,0,한림대학교 강남성심병원,종합병원,영등포구
JDQ4MTg4MSM1MSMkMSMkMCMkODkkMzgxMzUxIzExIyQyIyQzIyQwMCQyNjE0ODEjNTEjJDEjJDYjJDgz,10,산부인과,6,0,한림대학교 강남성심병원,종합병원,영등포구
JDQ4MTg4MSM1MSMkMSMkMCMkODkkMzgxMzUxIzExIyQyIyQzIyQwMCQyNjE0ODEjNTEjJDEjJDYjJDgz,11,소아청소년과,8,0,한림대학교 강남성심병원,종합병원,영등포구
JDQ4MTg4MSM1MSMkMSMkMCMkODkkMzgxMzUxIzExIyQyIyQzIyQwMCQyNjE0ODEjNTEjJDEjJDYjJDgz,12,안과,7,0,한림대학교 강남성심병원,종합병원,영등포구
JDQ4MTg4MSM1MSMkMSMkMCMkODkkMzgxMzUxIzExIyQyIyQzIyQwMCQyNjE0ODEjNTEjJDEjJDYjJDgz,13,이비인후과,5,0,한림대학교 강남성심병원,종합병원,영등포구
JDQ4MTg4MSM1MSMkMSMkMCMkODkkMzgxMzUxIzExIyQyIyQzIyQwMCQyNjE0ODEjNTEjJDEjJDYjJDgz,14,피부과,3,0,한림대학교 강남성심병원,종합병원,영등포구
JDQ4MTg4MSM1MSMkMSMkMCMkODkkMzgxMzUxIzExIyQyIyQzIyQwMCQyNjE0ODEjNTEjJDEjJDYjJDgz,15,비뇨의학과,5,0,한림대학교 강남성심병원,종합병원,영등포구
JDQ4MTg4MSM1MSMkMSMkMCMkODkkMzgxMzUxIzExIyQyIyQzIyQwMCQyNjE0ODEjNTEjJDEjJDYjJDgz,16,영상의학과,12,0,한림대학교 강남성심병원,종합병원,영등포구
JDQ4MTg4MSM1MSMkMSMkMCMkODkkMzgxMzUxIzExIyQyIyQzIyQwMCQyNjE0ODEjNTEjJDEjJDYjJDgz,17,방사선종양학과,1,0,한림대학교 강남성심병원,종합병원,영등포구
JDQ4MTg4MSM1MSMkMSMkMCMkODkkMzgxMzUxIzExIyQyIyQzIyQwMCQyNjE0ODEjNTEjJDEjJDYjJDgz,18,병리과,1,0,한림대학교 강남성심병원,종합병원,영등포구
JDQ4MTg4MSM1MSMkMSMkMCMkODkkMzgxMzUxIzExIyQyIyQzIyQwMCQyNjE0ODEjNTEjJDEjJDYjJDgz,19,진단검사의학과,3,0,한림대학교 강남성심병원,종합병원,영등포구
JDQ4MTg4MSM1MSMkMSMkMCMkODkkMzgxMzUxIzExIyQyIyQzIyQwMCQyNjE0ODEjNTEjJDEjJDYjJDgz,21,재활의학과,1,0,한림대학교 강남성심병원,종합병원,영등포구
JDQ4MTg4MSM1MSMkMSMkMCMkODkkMzgxMzUxIzExIyQyIyQzIyQwMCQyNjE0ODEjNTEjJDEjJDYjJDgz,23,가정의학과,5,0,한림대학교 강남성심병원,종합병원,영등포구
JDQ4MTg4MSM1MSMkMSMkMCMkODkkMzgxMzUxIzExIyQyIyQzIyQwMCQyNjE0ODEjNTEjJDEjJDYjJDgz,24,응급의학과,6,0,한림대학교 강남성심병원,종합병원,영등포구
JDQ4MTg4MSM1MSMkMSMkMCMkODkkMzgxMzUxIzExIyQyIyQzIyQwMCQyNjE0ODEjNTEjJDEjJDYjJDgz,50,구강악안면외과,3,0,한림대학교 강남성심병원,종합병원,영등포구
JDQ4MTg4MSM1MSMkMSMkMCMkODkkMzgxMzUxIzExIyQyIyQzIyQwMCQyNjE0ODEjNTEjJDEjJDYjJDgz,51,치과보철과,1,0,한림대학교 강남성심병원,종합병원,영등포구
JDQ4MTg4MSM1MSMkMSMkMCMkODkkMzgxMzUxIzExIyQyIyQzIyQwMCQyNjE0ODEjNTEjJDEjJDYjJDgz,52,치과교정과,1,0,한림대학교 강남성심병원,종합병원,영등포구
JDQ4MTg4MSM1MSMkMSMkMCMkODkkMzgxMzUxIzExIyQyIyQzIyQwMCQyNjE0ODEjNTEjJDEjJDYjJDgz,55,치과보존과,1,0,한림대학교 강남성심병원,종합병원,영등포구
JDQ4MTg4MSM1MSMkMSMkMCMkODkkMzgxMzUxIzExIyQxIyQzIyQ5OSQzNjEwMDIjNzEjJDEjJDgjJDgz,1,내과,2,0,한림대학교 한강성심병원,종합병원,영등포구
JDQ4MTg4MSM1MSMkMSMkMCMkODkkMzgxMzUxIzExIyQxIyQzIyQ5OSQzNjEwMDIjNzEjJDEjJDgjJDgz,2,신경과,0,0,한림대학교 한강성심병원,종합병원,영등포구
JDQ4MTg4MSM1MSMkMSMkMCMkODkkMzgxMzUxIzExIyQxIyQzIyQ5OSQzNjEwMDIjNzEjJDEjJDgjJDgz,3,정신건강의학과,1,0,한림대학교 한강성심병원,종합병원,영등포구
JDQ4MTg4MSM1MSMkMSMkMCMkODkkMzgxMzUxIzExIyQxIyQzIyQ5OSQzNjEwMDIjNzEjJDEjJDgjJDgz,4,외과,8,0,한림대학교 한강성심병원,종합병원,영등포구
JDQ4MTg4MSM1MSMkMSMkMCMkODkkMzgxMzUxIzExIyQxIyQzIyQ5OSQzNjEwMDIjNzEjJDEjJDgjJDgz,5,정형외과,0,0,한림대학교 한강성심병원,종합병원,영등포구
JDQ4MTg4MSM1MSMkMSMkMCMkODkkMzgxMzUxIzExIyQxIyQzIyQ5OSQzNjEwMDIjNzEjJDEjJDgjJDgz,6,신경외과,0,0,한림대학교 한강성심병원,종합병원,영등포구
JDQ4MTg4MSM1MSMkMSMkMCMkODkkMzgxMzUxIzExIyQxIyQzIyQ5OSQzNjEwMDIjNzEjJDEjJDgjJDgz,7,심장혈관흉부외과,0,0,한림대학교 한강성심병원,종합병원,영등포구
JDQ4MTg4MSM1MSMkMSMkMCMkODkkMzgxMzUxIzExIyQxIyQzIyQ5OSQzNjEwMDIjNzEjJDEjJDgjJDgz,8,성형외과,3,0,한림대학교 한강성심병원,종합병원,영등포구
JDQ4MTg4MSM1MSMkMSMkMCMkODkkMzgxMzUxIzExIyQxIyQzIyQ5OSQzNjEwMDIjNzEjJDEjJDgjJDgz,9,마취통증의학과,2,0,한림대학교 한강성심병원,종합병원,영등포구
JDQ4MTg4MSM1MSMkMSMkMCMkODkkMzgxMzUxIzExIyQxIyQzIyQ5OSQzNjEwMDIjNzEjJDEjJDgjJDgz,10,산부인과,0,0,한림대학교 한강성심병원,종합병원,영등포구
JDQ4MTg4MSM1MSMkMSMkMCMkODkkMzgxMzUxIzExIyQxIyQzIyQ5OSQzNjEwMDIjNzEjJDEjJDgjJDgz,11,소아청소년과,1,0,한림대학교 한강성심병원,종합병원,영등포구
JDQ4MTg4MSM1MSMkMSMkMCMkODkkMzgxMzUxIzExIyQxIyQzIyQ5OSQzNjEwMDIjNzEjJDEjJDgjJDgz,12,안과,0,0,한림대학교 한강성심병원,종합병원,영등포구
JDQ4MTg4MSM1MSMkMSMkMCMkODkkMzgxMzUxIzExIyQxIyQzIyQ5OSQzNjEwMDIjNzEjJDEjJDgjJDgz,13,이비인후과,0,0,한림대학교 한강성심병원,종합병원,영등포구
JDQ4MTg4MSM1MSMkMSMkMCMkODkkMzgxMzUxIzExIyQxIyQzIyQ5OSQzNjEwMDIjNzEjJDEjJDgjJDgz,14,피부과,0,0,한림대학교 한강성심병원,종합병원,영등포구
JDQ4MTg4MSM1MSMkMSMkMCMkODkkMzgxMzUxIzExIyQxIyQzIyQ5OSQzNjEwMDIjNzEjJDEjJDgjJDgz,15,비뇨의학과,0,0,한림대학교 한강성심병원,종합병원,영등포구
JDQ4MTg4MSM1MSMkMSMkMCMkODkkMzgxMzUxIzExIyQxIyQzIyQ5OSQzNjEwMDIjNzEjJDEjJDgjJDgz,16,영상의학과,1,0,한림대학교 한강성심병원,종합병원,영등포구
JDQ4MTg4MSM1MSMkMSMkMCMkODkkMzgxMzUxIzExIyQxIyQzIyQ5OSQzNjEwMDIjNzEjJDEjJDgjJDgz,18,병리과,0,0,한림대학교 한강성심병원,종합병원,영등포구
JDQ4MTg4MSM1MSMkMSMkMCMkODkkMzgxMzUxIzExIyQxIyQzIyQ5OSQzNjEwMDIjNzEjJDEjJDgjJDgz,19,진단검사의학과,1,0,한림대학교 한강성심병원,종합병원,영등포구
JDQ4MTg4MSM1MSMkMSMkMCMkODkkMzgxMzUxIzExIyQxIyQzIyQ5OSQzNjEwMDIjNzEjJDEjJDgjJDgz,21,재활의학과,3,0,한림대학교 한강성심병원,종합병원,영등포구
JDQ4MTg4MSM1MSMkMSMkMCMkODkkMzgxMzUxIzExIyQxIyQzIyQ5OSQzNjEwMDIjNzEjJDEjJDgjJDgz,23,가정의학과,0,0,한림대학교 한강성심병원,종합병원,영등포구
JDQ4MTg4MSM1MSMkMSMkMCMkODkkMzgxMzUxIzExIyQxIyQzIyQ5OSQzNjEwMDIjNzEjJDEjJDgjJDgz,24,응급의학과,0,0,한림대학교 한강성심병원,종합병원,영등포구
JDQ4MTg4MSM1MSMkMSMkMCMkODkkMzgxMzUxIzExIyQxIyQzIyQ5OSQzNjEwMDIjNzEjJDEjJDgjJDgz,25,직업환경의학과,0,0,한림대학교 한강성심병원,종합병원,영등포구
JDQ4MTg4MSM1MSMkMSMkMCMkODkkMzgxMzUxIzExIyQxIyQzIyQ5OSQzNjEwMDIjNzEjJDEjJDgjJDgz,50,구강악안면외과,0,0,한림대학교 한강성심병원,종합병원,영등포구
JDQ4MTg4MSM1MSMkMSMkMCMkODkkMzgxMzUxIzExIyQxIyQ3IyQ2MiQyNjEwMDIjNjEjJDEjJDQjJDgz,1,내과,13,0,혜민병원,종합병원,광진구
JDQ4MTg4MSM1MSMkMSMkMCMkODkkMzgxMzUxIzExIyQxIyQ3IyQ2MiQyNjEwMDIjNjEjJDEjJDQjJDgz,2,신경과,2,0,혜민병원,종합병원,광진구
JDQ4MTg4MSM1MSMkMSMkMCMkODkkMzgxMzUxIzExIyQxIyQ3IyQ2MiQyNjEwMDIjNjEjJDEjJDQjJDgz,4,외과,2,0,혜민병원,종합병원,광진구
JDQ4MTg4MSM1MSMkMSMkMCMkODkkMzgxMzUxIzExIyQxIyQ3IyQ2MiQyNjEwMDIjNjEjJDEjJDQjJDgz,5,정형외과,4,0,혜민병원,종합병원,광진구
JDQ4MTg4MSM1MSMkMSMkMCMkODkkMzgxMzUxIzExIyQxIyQ3IyQ2MiQyNjEwMDIjNjEjJDEjJDQjJDgz,6,신경외과,2,0,혜민병원,종합병원,광진구
JDQ4MTg4MSM1MSMkMSMkMCMkODkkMzgxMzUxIzExIyQxIyQ3IyQ2MiQyNjEwMDIjNjEjJDEjJDQjJDgz,7,심장혈관흉부외과,1,0,혜민병원,종합병원,광진구
JDQ4MTg4MSM1MSMkMSMkMCMkODkkMzgxMzUxIzExIyQxIyQ3IyQ2MiQyNjEwMDIjNjEjJDEjJDQjJDgz,9,마취통증의학과,1,0,혜민병원,종합병원,광진구
JDQ4MTg4MSM1MSMkMSMkMCMkODkkMzgxMzUxIzExIyQxIyQ3IyQ2MiQyNjEwMDIjNjEjJDEjJDQjJDgz,10,산부인과,3,0,혜민병원,종합병원,광진구
JDQ4MTg4MSM1MSMkMSMkMCMkODkkMzgxMzUxIzExIyQxIyQ3IyQ2MiQyNjEwMDIjNjEjJDEjJDQjJDgz,13,이비인후과,1,0,혜민병원,종합병원,광진구
JDQ4MTg4MSM1MSMkMSMkMCMkODkkMzgxMzUxIzExIyQxIyQ3IyQ2MiQyNjEwMDIjNjEjJDEjJDQjJDgz,16,영상의학과,2,0,혜민병원,종합병원,광진구
JDQ4MTg4MSM1MSMkMSMkMCMkODkkMzgxMzUxIzExIyQxIyQ3IyQ2MiQyNjEwMDIjNjEjJDEjJDQjJDgz,19,진단검사의학과,1,0,혜민병원,종합병원,광진구
JDQ4MTg4MSM1MSMkMSMkMCMkODkkMzgxMzUxIzExIyQxIyQ3IyQ2MiQyNjEwMDIjNjEjJDEjJDQjJDgz,23,가정의학과,1,0,혜민병원,종합병원,광진구
JDQ4MTg4MSM1MSMkMSMkMCMkODkkMzgxMzUxIzExIyQxIyQ3IyQ2MiQyNjEwMDIjNjEjJDEjJDQjJDgz,24,응급의학과,4,0,혜민병원,종합병원,광진구
JDQ4MTg4MSM1MSMkMSMkMCMkODkkMzgxMzUxIzExIyQxIyQzIyQxMyQyNjEyMjIjNTEjJDEjJDYjJDgz,1,내과,11,0,홍익병원,종합병원,양천구
JDQ4MTg4MSM1MSMkMSMkMCMkODkkMzgxMzUxIzExIyQxIyQzIyQxMyQyNjEyMjIjNTEjJDEjJDYjJDgz,2,신경과,2,0,홍익병원,종합병원,양천구
JDQ4MTg4MSM1MSMkMSMkMCMkODkkMzgxMzUxIzExIyQxIyQzIyQxMyQyNjEyMjIjNTEjJDEjJDYjJDgz,3,정신건강의학과,0,0,홍익병원,종합병원,양천구
JDQ4MTg4MSM1MSMkMSMkMCMkODkkMzgxMzUxIzExIyQxIyQzIyQxMyQyNjEyMjIjNTEjJDEjJDYjJDgz,4,외과,3,0,홍익병원,종합병원,양천구
JDQ4MTg4MSM1MSMkMSMkMCMkODkkMzgxMzUxIzExIyQxIyQzIyQxMyQyNjEyMjIjNTEjJDEjJDYjJDgz,5,정형외과,5,0,홍익병원,종합병원,양천구
JDQ4MTg4MSM1MSMkMSMkMCMkODkkMzgxMzUxIzExIyQxIyQzIyQxMyQyNjEyMjIjNTEjJDEjJDYjJDgz,6,신경외과,3,0,홍익병원,종합병원,양천구
JDQ4MTg4MSM1MSMkMSMkMCMkODkkMzgxMzUxIzExIyQxIyQzIyQxMyQyNjEyMjIjNTEjJDEjJDYjJDgz,8,성형외과,0,0,홍익병원,종합병원,양천구
JDQ4MTg4MSM1MSMkMSMkMCMkODkkMzgxMzUxIzExIyQxIyQzIyQxMyQyNjEyMjIjNTEjJDEjJDYjJDgz,9,마취통증의학과,2,0,홍익병원,종합병원,양천구
JDQ4MTg4MSM1MSMkMSMkMCMkODkkMzgxMzUxIzExIyQxIyQzIyQxMyQyNjEyMjIjNTEjJDEjJDYjJDgz,10,산부인과,1,0,홍익병원,종합병원,양천구
JDQ4MTg4MSM1MSMkMSMkMCMkODkkMzgxMzUxIzExIyQxIyQzIyQxMyQyNjEyMjIjNTEjJDEjJDYjJDgz,11,소아청소년과,1,0,홍익병원,종합병원,양천구
JDQ4MTg4MSM1MSMkMSMkMCMkODkkMzgxMzUxIzExIyQxIyQzIyQxMyQyNjEyMjIjNTEjJDEjJDYjJDgz,12,안과,0,0,홍익병원,종합병원,양천구
JDQ4MTg4MSM1MSMkMSMkMCMkODkkMzgxMzUxIzExIyQxIyQzIyQxMyQyNjEyMjIjNTEjJDEjJDYjJDgz,13,이비인후과,1,0,홍익병원,종합병원,양천구
JDQ4MTg4MSM1MSMkMSMkMCMkODkkMzgxMzUxIzExIyQxIyQzIyQxMyQyNjEyMjIjNTEjJDEjJDYjJDgz,15,비뇨의학과,1,0,홍익병원,종합병원,양천구
JDQ4MTg4MSM1MSMkMSMkMCMkODkkMzgxMzUxIzExIyQxIyQzIyQxMyQyNjEyMjIjNTEjJDEjJDYjJDgz,16,영상의학과,6,0,홍익병원,종합병원,양천구
JDQ4MTg4MSM1MSMkMSMkMCMkODkkMzgxMzUxIzExIyQxIyQzIyQxMyQyNjEyMjIjNTEjJDEjJDYjJDgz,19,진단검사의학과,1,0,홍익병원,종합병원,양천구
JDQ4MTg4MSM1MSMkMSMkMCMkODkkMzgxMzUxIzExIyQxIyQzIyQxMyQyNjEyMjIjNTEjJDEjJDYjJDgz,23,가정의학과,3,0,홍익병원,종합병원,양천구
JDQ4MTg4MSM1MSMkMSMkMCMkODkkMzgxMzUxIzExIyQxIyQzIyQxMyQyNjEyMjIjNTEjJDEjJDYjJDgz,24,응급의학과,7,0,홍익병원,종합병원,양천구
JDQ4MTg4MSM1MSMkMSMkMCMkODkkMzgxMzUxIzExIyQxIyQzIyQxMyQyNjEyMjIjNTEjJDEjJDYjJDgz,50,구강악안면외과,0,0,홍익병원,종합병원,양천구
JDQ4MTg4MSM1MSMkMSMkMCMkODkkMzgxMzUxIzExIyQxIyQzIyQxMyQyNjEyMjIjNTEjJDEjJDYjJDgz,51,치과보철과,0,0,홍익병원,종합병원,양천구
JDQ4MTg4MSM1MSMkMSMkMCMkODkkMzgxMzUxIzExIyQxIyQzIyQxMyQyNjEyMjIjNTEjJDEjJDYjJDgz,52,치과교정과,0,0,홍익병원,종합병원,양천구
JDQ4MTg4MSM1MSMkMSMkMCMkODkkMzgxMzUxIzExIyQxIyQzIyQxMyQ0NjEwMDIjNDEjJDEjJDgjJDgz,1,내과,4,0,희명병원,종합병원,금천구
JDQ4MTg4MSM1MSMkMSMkMCMkODkkMzgxMzUxIzExIyQxIyQzIyQxMyQ0NjEwMDIjNDEjJDEjJDgjJDgz,4,외과,3,0,희명병원,종합병원,금천구
JDQ4MTg4MSM1MSMkMSMkMCMkODkkMzgxMzUxIzExIyQxIyQzIyQxMyQ0NjEwMDIjNDEjJDEjJDgjJDgz,5,정형외과,2,0,희명병원,종합병원,금천구
JDQ4MTg4MSM1MSMkMSMkMCMkODkkMzgxMzUxIzExIyQxIyQzIyQxMyQ0NjEwMDIjNDEjJDEjJDgjJDgz,6,신경외과,2,0,희명병원,종합병원,금천구
JDQ4MTg4MSM1MSMkMSMkMCMkODkkMzgxMzUxIzExIyQxIyQzIyQxMyQ0NjEwMDIjNDEjJDEjJDgjJDgz,7,심장혈관흉부외과,0,0,희명병원,종합병원,금천구
JDQ4MTg4MSM1MSMkMSMkMCMkODkkMzgxMzUxIzExIyQxIyQzIyQxMyQ0NjEwMDIjNDEjJDEjJDgjJDgz,9,마취통증의학과,2,0,희명병원,종합병원,금천구
JDQ4MTg4MSM1MSMkMSMkMCMkODkkMzgxMzUxIzExIyQxIyQzIyQxMyQ0NjEwMDIjNDEjJDEjJDgjJDgz,10,산부인과,1,0,희명병원,종합병원,금천구
JDQ4MTg4MSM1MSMkMSMkMCMkODkkMzgxMzUxIzExIyQxIyQzIyQxMyQ0NjEwMDIjNDEjJDEjJDgjJDgz,16,영상의학과,2,0,희명병원,종합병원,금천구
JDQ4MTg4MSM1MSMkMSMkMCMkODkkMzgxMzUxIzExIyQxIyQzIyQxMyQ0NjEwMDIjNDEjJDEjJDgjJDgz,19,진단검사의학과,1,0,희명병원,종합병원,금천구
JDQ4MTg4MSM1MSMkMSMkMCMkODkkMzgxMzUxIzExIyQxIyQzIyQxMyQ0NjEwMDIjNDEjJDEjJDgjJDgz,23,가정의학과,2,0,희명병원,종합병원,금천구
JDQ4MTg4MSM1MSMkMSMkMCMkODkkMzgxMzUxIzExIyQxIyQzIyQxMyQ0NjEwMDIjNDEjJDEjJDgjJDgz,24,응급의학과,5,0,희명병원,종합병원,금천구
JDQ4MTg4MSM1MSMkMiMkOCMkMDAkMzgxOTYxIzUxIyQxIyQxIyQxMyQzNjE4MzIjNzEjJDEjJDgjJDgz,5,정형외과,0,0,(사)경찰공제회 강서적성의원,의원,강서구
JDQ4MTg4MSM1MSMkMiMkOCMkMDAkMzgxOTYxIzUxIyQxIyQxIyQxMyQzNjE4MzIjNzEjJDEjJDgjJDgz,12,안과,0,0,(사)경찰공제회 강서적성의원,의원,강서구
JDQ4MTg4MSM1MSMkMiMkOCMkMDAkMzgxOTYxIzUxIyQxIyQxIyQxMyQzNjE4MzIjNzEjJDEjJDgjJDgz,23,가정의학과,0,0,(사)경찰공제회 강서적성의원,의원,강서구
JDQ4MTg4MSM1MSMkMiMkMCMkMDAkMzgxNzAyIzIxIyQxIyQxIyQ2MiQzNjEyMjIjODEjJDEjJDIjJDgz,1,내과,1,0,(사)인구보건복지협회 서울지회 가족보건의원,의원,광진구
JDQ4MTg4MSM1MSMkMiMkMCMkMDAkMzgxNzAyIzIxIyQxIyQxIyQ2MiQzNjEyMjIjODEjJDEjJDIjJDgz,10,산부인과,1,0,(사)인구보건복지협회 서울지회 가족보건의원,의원,광진구
JDQ4MTg4MSM1MSMkMiMkMCMkMDAkMzgxNzAyIzIxIyQxIyQxIyQ2MiQzNjEyMjIjODEjJDEjJDIjJDgz,11,소아청소년과,0,0,(사)인구보건복지협회 서울지회 가족보건의원,의원,광진구
JDQ4MTg4MSM1MSMkMiMkMCMkMDAkMzgxNzAyIzIxIyQxIyQxIyQ2MiQzNjEyMjIjODEjJDEjJDIjJDgz,15,비뇨의학과,0,0,(사)인구보건복지협회 서울지회 가족보건의원,의원,광진구
JDQ4MTg4MSM1MSMkMiMkMCMkMDAkMzgxNzAyIzIxIyQxIyQxIyQ2MiQzNjEyMjIjODEjJDEjJDIjJDgz,16,영상의학과,0,0,(사)인구보건복지협회 서울지회 가족보건의원,의원,광진구
JDQ4MTg4MSM1MSMkMiMkMCMkMDAkMzgxNzAyIzIxIyQxIyQxIyQ2MiQzNjEyMjIjODEjJDEjJDIjJDgz,19,진단검사의학과,0,0,(사)인구보건복지협회 서울지회 가족보건의원,의원,광진구
JDQ4MTg4MSM1MSMkMiMkMCMkMDAkMzgxNzAyIzIxIyQxIyQxIyQ2MiQzNjEyMjIjODEjJDEjJDIjJDgz,23,가정의학과,0,0,(사)인구보건복지협회 서울지회 가족보건의원,의원,광진구
JDQ4MTg4MSM1MSMkMiMkNCMkMDAkNTgxOTYxIzMxIyQxIyQ3IyQ3OSQ0NjEwMDIjNjEjJDEjJDQjJDgz,16,영상의학과,1,0,(사)한국건강관리협회 중앙검사본부 중앙검사의원,의원,강서구
JDQ4MTg4MSM1MSMkMiMkNCMkMDAkNTgxOTYxIzMxIyQxIyQ3IyQ3OSQ0NjEwMDIjNjEjJDEjJDQjJDgz,18,병리과,9,0,(사)한국건강관리협회 중앙검사본부 중앙검사의원,의원,강서구
JDQ4MTg4MSM1MSMkMiMkNCMkMDAkNTgxOTYxIzMxIyQxIyQ3IyQ3OSQ0NjEwMDIjNjEjJDEjJDQjJDgz,19,진단검사의학과,3,0,(사)한국건강관리협회 중앙검사본부 중앙검사의원,의원,강서구
JDQ4MTg4MSM1MSMkMiMkNCMkMDAkNDgxNzAyIzMxIyQxIyQ3IyQ4OSQ0NjE0ODEjNTEjJDEjJDYjJDgz,2,신경과,0,0,(사)한국뇌전증협회로빈슨기념의원,의원,중구
JDQ4MTg4MSM1MSMkMiMkNCMkMDAkNDgxNzAyIzMxIyQxIyQ3IyQ4OSQ0NjE0ODEjNTEjJDEjJDYjJDgz,11,소아청소년과,1,0,(사)한국뇌전증협회로빈슨기념의원,의원,중구
JDQ4MTg4MSM1MSMkMiMkMCMkMDAkNDgxMzUxIzIxIyQxIyQxIyQ5MiQzNjEwMDIjNzEjJDEjJDgjJDgz,1,내과,0,0,(사)한국한센복지협회서울특별시지부부설의원,의원,동작구
JDQ4MTg4MSM1MSMkMiMkMCMkMDAkNDgxMzUxIzIxIyQxIyQxIyQ5MiQzNjEwMDIjNzEjJDEjJDgjJDgz,11,소아청소년과,0,0,(사)한국한센복지협회서울특별시지부부설의원,의원,동작구
JDQ4MTg4MSM1MSMkMiMkMCMkMDAkNDgxMzUxIzIxIyQxIyQxIyQ5MiQzNjEwMDIjNzEjJDEjJDgjJDgz,14,피부과,0,0,(사)한국한센복지협회서울특별시지부부설의원,의원,동작구
JDQ4MTg4MSM1MSMkMiMkMCMkMDAkNDgxMzUxIzIxIyQxIyQxIyQ5MiQzNjEwMDIjNzEjJDEjJDgjJDgz,15,비뇨의학과,0,0,(사)한국한센복지협회서울특별시지부부설의원,의원,동작구
JDQ4MTg4MSM1MSMkMiMkMCMkMDAkNDgxMzUxIzIxIyQxIyQxIyQ5MiQzNjEwMDIjNzEjJDEjJDgjJDgz,23,가정의학과,1,0,(사)한국한센복지협회서울특별시지부부설의원,의원,동작구
JDQ4MTg4MSM1MSMkMiMkNCMkMDAkNDgxMTkxIzIxIyQxIyQ1IyQ5MiQzNjE4MzIjNjEjJDEjJDAjJDgz,1,내과,1,0,(스카이메디)연세건강증진내과의원,의원,송파구
JDQ4MTg4MSM1MSMkMiMkNCMkMDAkNDgxMTkxIzIxIyQxIyQ1IyQ5MiQzNjE4MzIjNjEjJDEjJDAjJDgz,11,소아청소년과,0,0,(스카이메디)연세건강증진내과의원,의원,송파구
JDQ4MTg4MSM1MSMkMiMkNCMkMDAkNDgxMTkxIzIxIyQxIyQ1IyQ5MiQzNjE4MzIjNjEjJDEjJDAjJDgz,13,이비인후과,0,0,(스카이메디)연세건강증진내과의원,의원,송파구
JDQ4MTg4MSM1MSMkMiMkNCMkMDAkNDgxMTkxIzIxIyQxIyQ1IyQ5MiQzNjE4MzIjNjEjJDEjJDAjJDgz,14,피부과,0,0,(스카이메디)연세건강증진내과의원,의원,송파구
JDQ4MTg4MSM1MSMkMiMkMCMkMDAkNTgxOTYxIzMxIyQxIyQzIyQ5OSQyNjEyMjIjNTEjJDEjJDIjJDgz,1,내과,1,0,(의) 열린의료재단 강동열린의원,의원,강동구
JDQ4MTg4MSM1MSMkMiMkMCMkMDAkNTgxOTYxIzMxIyQxIyQzIyQ5OSQyNjEyMjIjNTEjJDEjJDIjJDgz,11,소아청소년과,0,0,(의) 열린의료재단 강동열린의원,의원,강동구
JDQ4MTg4MSM1MSMkMiMkNCMkMDAkMzgxNzAyIzUxIyQxIyQxIyQ4MiQzNjE0ODEjODEjJDEjJDIjJDgz,1,내과,1,0,(의) 열린의료재단 동대문열린의원,의원,종로구
JDQ4MTg4MSM1MSMkMiMkNCMkMDAkMzgxNzAyIzUxIyQxIyQxIyQ4MiQzNjE0ODEjODEjJDEjJDIjJDgz,4,외과,0,0,(의) 열린의료재단 동대문열린의원,의원,종로구
JDQ4MTg4MSM1MSMkMiMkNCMkMDAkMzgxNzAyIzUxIyQxIyQxIyQ4MiQzNjE0ODEjODEjJDEjJDIjJDgz,11,소아청소년과,0,0,(의) 열린의료재단 동대문열린의원,의원,종로구
JDQ4MTg4MSM1MSMkMiMkNCMkMDAkMzgxNzAyIzUxIyQxIyQxIyQ4MiQzNjE0ODEjODEjJDEjJDIjJDgz,14,피부과,0,0,(의) 열린의료재단 동대문열린의원,의원,종로구
JDQ4MTg4MSM1MSMkMiMkNCMkMDAkMzgxNzAyIzUxIyQxIyQxIyQ4MiQzNjE0ODEjODEjJDEjJDIjJDgz,15,비뇨의학과,0,0,(의) 열린의료재단 동대문열린의원,의원,종로구
JDQ4MTg4MSM1MSMkMiMkNCMkMDAkNDgxMTkxIzExIyQxIyQzIyQ2MiQzNjEwMDIjNzEjJDEjJDgjJDgz,1,내과,1,0,(의) 열린의료재단 상봉열린의원,의원,중랑구
JDQ4MTg4MSM1MSMkMiMkNCMkMDAkNDgxMTkxIzExIyQxIyQzIyQ2MiQzNjEwMDIjNzEjJDEjJDgjJDgz,4,외과,0,0,(의) 열린의료재단 상봉열린의원,의원,중랑구
JDQ4MTg4MSM1MSMkMiMkNCMkMDAkNDgxMTkxIzExIyQxIyQzIyQ2MiQzNjEwMDIjNzEjJDEjJDgjJDgz,11,소아청소년과,0,0,(의) 열린의료재단 상봉열린의원,의원,중랑구
JDQ4MTg4MSM1MSMkMiMkNCMkMDAkNDgxMTkxIzExIyQxIyQzIyQ2MiQzNjEwMDIjNzEjJDEjJDgjJDgz,14,피부과,0,0,(의) 열린의료재단 상봉열린의원,의원,중랑구
JDQ4MTg4MSM1MSMkMiMkNCMkMDAkNDgxMTkxIzExIyQxIyQzIyQ2MiQzNjEwMDIjNzEjJDEjJDgjJDgz,15,비뇨의학과,0,0,(의) 열린의료재단 상봉열린의원,의원,중랑구
JDQ4MTg4MSM1MSMkMiMkNCMkMDAkNDgxOTYxIzExIyQxIyQzIyQ2MiQ0NjEwMDIjNjEjJDEjJDAjJDgz,1,내과,1,0,(의) 열린의료재단 서초열린의원,의원,서초구
JDQ4MTg4MSM1MSMkMiMkNCMkMDAkNDgxOTYxIzIxIyQxIyQxIyQxMyQzNjE0ODEjNTEjJDEjJDIjJDgz,1,내과,1,0,(의) 열린의료재단 연신내열린의원,의원,은평구
JDQ4MTg4MSM1MSMkMiMkNCMkMDAkNDgxMTkxIzExIyQxIyQ3IyQ2MiQyNjE4MzIjNzEjJDEjJDgjJDgz,1,내과,1,0,(의) 열린의료재단 영등포열린의원,의원,영등포구
JDQ4MTg4MSM1MSMkMiMkNCMkMDAkNDgxMTkxIzExIyQxIyQ3IyQ2MiQyNjE4MzIjNzEjJDEjJDgjJDgz,11,소아청소년과,0,0,(의) 열린의료재단 영등포열린의원,의원,영등포구
JDQ4MTg4MSM1MSMkMiMkNCMkMDAkNDgxMTkxIzExIyQxIyQ3IyQ2MiQyNjE4MzIjNzEjJDEjJDgjJDgz,14,피부과,0,0,(의) 열린의료재단 영등포열린의원,의원,영등포구
JDQ4MTg4MSM1MSMkMiMkNCMkMDAkNDgxMTkxIzExIyQxIyQ3IyQ2MiQyNjE4MzIjNzEjJDEjJDgjJDgz,15,비뇨의학과,0,0,(의) 열린의료재단 영등포열린의원,의원,영등포구
JDQ4MTg4MSM1MSMkMiMkNCMkMDAkNDgxMTkxIzExIyQyIyQ3IyQwMCQyNjEyMjIjNDEjJDEjJDgjJDgz,1,내과,1,0,(의) 열린의료재단 은평열린의원,의원,은평구
JDQ4MTg4MSM1MSMkMiMkMCMkMDAkNTgxOTYxIzMxIyQxIyQzIyQ4OSQyNjEyMjIjNjEjJDEjJDQjJDgz,1,내과,1,0,(의) 열린의료재단 혜화열린의원,의원,성북구
JDQ4MTg4MSM1MSMkMiMkMCMkMDAkNTgxOTYxIzExIyQxIyQzIyQ5OSQ0NjEwMDIjODEjJDEjJDIjJDgz,1,내과,5,0,(의)미래의료재단리드림의원,의원,강남구
JDQ4MTg4MSM1MSMkMiMkMCMkMDAkNTgxOTYxIzExIyQxIyQzIyQ5OSQ0NjEwMDIjODEjJDEjJDIjJDgz,4,외과,1,0,(의)미래의료재단리드림의원,의원,강남구
JDQ4MTg4MSM1MSMkMiMkMCMkMDAkNTgxOTYxIzExIyQxIyQzIyQ5OSQ0NjEwMDIjODEjJDEjJDIjJDgz,5,정형외과,0,0,(의)미래의료재단리드림의원,의원,강남구
JDQ4MTg4MSM1MSMkMiMkMCMkMDAkNTgxOTYxIzExIyQxIyQzIyQ5OSQ0NjEwMDIjODEjJDEjJDIjJDgz,8,성형외과,0,0,(의)미래의료재단리드림의원,의원,강남구
JDQ4MTg4MSM1MSMkMiMkMCMkMDAkNTgxOTYxIzExIyQxIyQzIyQ5OSQ0NjEwMDIjODEjJDEjJDIjJDgz,9,마취통증의학과,0,0,(의)미래의료재단리드림의원,의원,강남구
JDQ4MTg4MSM1MSMkMiMkMCMkMDAkNTgxOTYxIzExIyQxIyQzIyQ5OSQ0NjEwMDIjODEjJDEjJDIjJDgz,10,산부인과,0,0,(의)미래의료재단리드림의원,의원,강남구
JDQ4MTg4MSM1MSMkMiMkMCMkMDAkNTgxOTYxIzExIyQxIyQzIyQ5OSQ0NjEwMDIjODEjJDEjJDIjJDgz,11,소아청소년과,0,0,(의)미래의료재단리드림의원,의원,강남구
JDQ4MTg4MSM1MSMkMiMkMCMkMDAkNTgxOTYxIzExIyQxIyQzIyQ5OSQ0NjEwMDIjODEjJDEjJDIjJDgz,14,피부과,0,0,(의)미래의료재단리드림의원,의원,강남구
JDQ4MTg4MSM1MSMkMiMkMCMkMDAkNTgxOTYxIzExIyQxIyQzIyQ5OSQ0NjEwMDIjODEjJDEjJDIjJDgz,16,영상의학과,1,0,(의)미래의료재단리드림의원,의원,강남구
JDQ4MTg4MSM1MSMkMiMkMCMkMDAkNTgxOTYxIzExIyQxIyQzIyQ5OSQ0NjEwMDIjODEjJDEjJDIjJDgz,23,가정의학과,2,0,(의)미래의료재단리드림의원,의원,강남구
JDQ4MTg4MSM1MSMkMiMkNCMkMDAkNDgxNzAyIzIxIyQxIyQxIyQwMyQyNjE0ODEjNTEjJDEjJDYjJDgz,1,내과,1,0,(의)성광의료재단 차여성의원,의원,중구
JDQ4MTg4MSM1MSMkMiMkNCMkMDAkNDgxNzAyIzIxIyQxIyQxIyQwMyQyNjE0ODEjNTEjJDEjJDYjJDgz,9,마취통증의학과,4,0,(의)성광의료재단 차여성의원,의원,중구
JDQ4MTg4MSM1MSMkMiMkNCMkMDAkNDgxNzAyIzIxIyQxIyQxIyQwMyQyNjE0ODEjNTEjJDEjJDYjJDgz,10,산부인과,12,0,(의)성광의료재단 차여성의원,의원,중구
JDQ4MTg4MSM1MSMkMiMkNCMkMDAkNDgxNzAyIzIxIyQxIyQxIyQwMyQyNjE0ODEjNTEjJDEjJDYjJDgz,15,비뇨의학과,1,0,(의)성광의료재단 차여성의원,의원,중구
JDQ4MTg4MSM1MSMkMiMkNCMkMDAkNDgxNzAyIzIxIyQxIyQxIyQwMyQyNjE0ODEjNTEjJDEjJDYjJDgz,16,영상의학과,0,0,(의)성광의료재단 차여성의원,의원,중구
JDQ4MTg4MSM1MSMkMiMkNCMkMDAkNDgxNzAyIzIxIyQxIyQxIyQwMyQyNjE0ODEjNTEjJDEjJDYjJDgz,19,진단검사의학과,0,0,(의)성광의료재단 차여성의원,의원,중구
JDQ4MTg4MSM1MSMkMiMkNCMkMDAkNDgxMzUxIzUxIyQxIyQxIyQ5OSQ0NjE0ODEjNzEjJDEjJDgjJDgz,1,내과,8,0,(의)성광의료재단 차움의원,의원,강남구
JDQ4MTg4MSM1MSMkMiMkNCMkMDAkNDgxMzUxIzUxIyQxIyQxIyQ5OSQ0NjE0ODEjNzEjJDEjJDgjJDgz,2,신경과,0,0,(의)성광의료재단 차움의원,의원,강남구
JDQ4MTg4MSM1MSMkMiMkNCMkMDAkNDgxMzUxIzUxIyQxIyQxIyQ5OSQ0NjE0ODEjNzEjJDEjJDgjJDgz,3,정신건강의학과,1,0,(의)성광의료재단 차움의원,의원,강남구
JDQ4MTg4MSM1MSMkMiMkNCMkMDAkNDgxMzUxIzUxIyQxIyQxIyQ5OSQ0NjE0ODEjNzEjJDEjJDgjJDgz,4,외과,0,0,(의)성광의료재단 차움의원,의원,강남구
JDQ4MTg4MSM1MSMkMiMkNCMkMDAkNDgxMzUxIzUxIyQxIyQxIyQ5OSQ0NjE0ODEjNzEjJDEjJDgjJDgz,5,정형외과,0,0,(의)성광의료재단 차움의원,의원,강남구
JDQ4MTg4MSM1MSMkMiMkNCMkMDAkNDgxMzUxIzUxIyQxIyQxIyQ5OSQ0NjE0ODEjNzEjJDEjJDgjJDgz,6,신경외과,0,0,(의)성광의료재단 차움의원,의원,강남구
JDQ4MTg4MSM1MSMkMiMkNCMkMDAkNDgxMzUxIzUxIyQxIyQxIyQ5OSQ0NjE0ODEjNzEjJDEjJDgjJDgz,8,성형외과,1,0,(의)성광의료재단 차움의원,의원,강남구
JDQ4MTg4MSM1MSMkMiMkNCMkMDAkNDgxMzUxIzUxIyQxIyQxIyQ5OSQ0NjE0ODEjNzEjJDEjJDgjJDgz,10,산부인과,1,0,(의)성광의료재단 차움의원,의원,강남구
JDQ4MTg4MSM1MSMkMiMkNCMkMDAkNDgxMzUxIzUxIyQxIyQxIyQ5OSQ0NjE0ODEjNzEjJDEjJDgjJDgz,14,피부과,0,0,(의)성광의료재단 차움의원,의원,강남구
JDQ4MTg4MSM1MSMkMiMkNCMkMDAkNDgxMzUxIzUxIyQxIyQxIyQ5OSQ0NjE0ODEjNzEjJDEjJDgjJDgz,15,비뇨의학과,0,0,(의)성광의료재단 차움의원,의원,강남구
JDQ4MTg4MSM1MSMkMiMkNCMkMDAkNDgxMzUxIzUxIyQxIyQxIyQ5OSQ0NjE0ODEjNzEjJDEjJDgjJDgz,16,영상의학과,5,0,(의)성광의료재단 차움의원,의원,강남구
JDQ4MTg4MSM1MSMkMiMkNCMkMDAkNDgxMzUxIzUxIyQxIyQxIyQ5OSQ0NjE0ODEjNzEjJDEjJDgjJDgz,19,진단검사의학과,0,0,(의)성광의료재단 차움의원,의원,강남구
JDQ4MTg4MSM1MSMkMiMkNCMkMDAkNDgxMzUxIzUxIyQxIyQxIyQ5OSQ0NjE0ODEjNzEjJDEjJDgjJDgz,21,재활의학과,1,0,(의)성광의료재단 차움의원,의원,강남구
JDQ4MTg4MSM1MSMkMiMkNCMkMDAkNDgxMzUxIzUxIyQxIyQxIyQ5OSQ0NjE0ODEjNzEjJDEjJDgjJDgz,23,가정의학과,7,0,(의)성광의료재단 차움의원,의원,강남구
JDQ4MTg4MSM1MSMkMiMkNCMkMDAkMzgxOTYxIzMxIyQxIyQzIyQ4MiQyNjEwMDIjNTEjJDEjJDYjJDgz,1,내과,4,0,(의)성광의료재단차움건진의원,의원,강남구
JDQ4MTg4MSM1MSMkMiMkNCMkMDAkMzgxOTYxIzMxIyQxIyQzIyQ4MiQyNjEwMDIjNTEjJDEjJDYjJDgz,10,산부인과,2,0,(의)성광의료재단차움건진의원,의원,강남구
JDQ4MTg4MSM1MSMkMiMkNCMkMDAkMzgxOTYxIzMxIyQxIyQzIyQ4MiQyNjEwMDIjNTEjJDEjJDYjJDgz,16,영상의학과,3,0,(의)성광의료재단차움건진의원,의원,강남구
JDQ4MTg4MSM1MSMkMiMkNCMkMDAkMzgxOTYxIzMxIyQxIyQzIyQ4MiQyNjEwMDIjNTEjJDEjJDYjJDgz,23,가정의학과,7,0,(의)성광의료재단차움건진의원,의원,강남구
JDQ4MTg4MSM1MSMkMiMkNCMkMDAkMzgxMzUxIzIxIyQxIyQ1IyQ3MiQzNjE0ODEjNTEjJDEjJDIjJDgz,1,내과,1,0,(의)열린의료재단 강남열린의원,의원,강남구
JDQ4MTg4MSM1MSMkMiMkNCMkMDAkNDgxOTYxIzMxIyQyIyQzIyQwMCQyNjE4MzIjNDEjJDEjJDQjJDgz,1,내과,1,0,(의)열린의료재단 구로열린의원,의원,구로구
JDQ4MTg4MSM1MSMkMiMkNCMkMDAkNDgxOTYxIzMxIyQxIyQ3IyQ5MiQyNjEyMjIjNzEjJDEjJDgjJDgz,1,내과,1,0,(의)열린의료재단 미아열린의원,의원,강북구
JDQ4MTg4MSM1MSMkMiMkNCMkMDAkNDgxOTYxIzMxIyQxIyQ3IyQ5MiQyNjEyMjIjNzEjJDEjJDgjJDgz,11,소아청소년과,0,0,(의)열린의료재단 미아열린의원,의원,강북구
JDQ4MTg4MSM1MSMkMiMkNCMkMDAkMzgxNzAyIzMxIyQxIyQ3IyQ2MiQ0NjEwMDIjNDEjJDEjJDgjJDgz,1,내과,2,0,(의)열린의료재단 예인의원,의원,강서구
JDQ4MTg4MSM1MSMkMiMkMCMkMDAkNDgxNzAyIzIxIyQxIyQxIyQ4OSQzNjE4MzIjNjEjJDEjJDgjJDgz,1,내과,0,0,(의)일맥의료재단 강동더서울의원,의원,강동구
JDQ4MTg4MSM1MSMkMiMkMCMkMDAkNDgxNzAyIzIxIyQxIyQxIyQ4OSQzNjE4MzIjNjEjJDEjJDgjJDgz,4,외과,0,0,(의)일맥의료재단 강동더서울의원,의원,강동구
JDQ4MTg4MSM1MSMkMiMkMCMkMDAkNDgxNzAyIzIxIyQxIyQxIyQ4OSQzNjE4MzIjNjEjJDEjJDgjJDgz,5,정형외과,0,0,(의)일맥의료재단 강동더서울의원,의원,강동구
JDQ4MTg4MSM1MSMkMiMkMCMkMDAkNDgxNzAyIzIxIyQxIyQxIyQ4OSQzNjE4MzIjNjEjJDEjJDgjJDgz,6,신경외과,1,0,(의)일맥의료재단 강동더서울의원,의원,강동구
JDQ4MTg4MSM1MSMkMiMkMCMkMDAkNDgxNzAyIzIxIyQxIyQxIyQ4OSQzNjE4MzIjNjEjJDEjJDgjJDgz,11,소아청소년과,0,0,(의)일맥의료재단 강동더서울의원,의원,강동구
JDQ4MTg4MSM1MSMkMiMkMCMkMDAkNDgxNzAyIzIxIyQxIyQxIyQ4OSQzNjE4MzIjNjEjJDEjJDgjJDgz,13,이비인후과,1,0,(의)일맥의료재단 강동더서울의원,의원,강동구
JDQ4MTg4MSM1MSMkMiMkMCMkMDAkNDgxNzAyIzIxIyQxIyQxIyQ4OSQzNjE4MzIjNjEjJDEjJDgjJDgz,21,재활의학과,0,0,(의)일맥의료재단 강동더서울의원,의원,강동구
JDQ4MTg4MSM1MSMkMiMkNCMkMDAkNDgxMzUxIzExIyQxIyQzIyQ3MiQzNjE4MzIjNDEjJDEjJDQjJDgz,18,병리과,8,0,(의)케이씨엘의료재단 한국의원,의원,강동구
JDQ4MTg4MSM1MSMkMiMkNCMkMDAkNDgxMzUxIzExIyQxIyQzIyQ3MiQzNjE4MzIjNDEjJDEjJDQjJDgz,19,진단검사의학과,11,0,(의)케이씨엘의료재단 한국의원,의원,강동구
JDQ4MTg4MSM1MSMkMiMkMCMkMDAkNDgxNzAyIzExIyQxIyQzIyQ4OSQyNjEyMjIjNTEjJDEjJDIjJDgz,1,내과,1,0,(재)이랜드재단 이랜드의원,의원,금천구
JDQ4MTg4MSM1MSMkMiMkMCMkMDAkNDgxNzAyIzExIyQxIyQzIyQ4OSQyNjEyMjIjNTEjJDEjJDIjJDgz,4,외과,0,0,(재)이랜드재단 이랜드의원,의원,금천구
JDQ4MTg4MSM1MSMkMiMkMCMkMDAkNDgxNzAyIzExIyQxIyQzIyQ4OSQyNjEyMjIjNTEjJDEjJDIjJDgz,5,정형외과,0,0,(재)이랜드재단 이랜드의원,의원,금천구
JDQ4MTg4MSM1MSMkMiMkMCMkMDAkNDgxNzAyIzExIyQxIyQzIyQ4OSQyNjEyMjIjNTEjJDEjJDIjJDgz,6,신경외과,0,0,(재)이랜드재단 이랜드의원,의원,금천구
JDQ4MTg4MSM1MSMkMiMkMCMkMDAkNDgxNzAyIzExIyQxIyQzIyQ4OSQyNjEyMjIjNTEjJDEjJDIjJDgz,7,심장혈관흉부외과,0,0,(재)이랜드재단 이랜드의원,의원,금천구
JDQ4MTg4MSM1MSMkMiMkMCMkMDAkNDgxNzAyIzExIyQxIyQzIyQ4OSQyNjEyMjIjNTEjJDEjJDIjJDgz,10,산부인과,1,0,(재)이랜드재단 이랜드의원,의원,금천구
JDQ4MTg4MSM1MSMkMiMkMCMkMDAkNDgxNzAyIzExIyQxIyQzIyQ4OSQyNjEyMjIjNTEjJDEjJDIjJDgz,13,이비인후과,0,0,(재)이랜드재단 이랜드의원,의원,금천구
JDQ4MTg4MSM1MSMkMiMkMCMkMDAkNDgxNzAyIzExIyQxIyQzIyQ4OSQyNjEyMjIjNTEjJDEjJDIjJDgz,14,피부과,0,0,(재)이랜드재단 이랜드의원,의원,금천구
JDQ4MTg4MSM1MSMkMiMkMCMkMDAkNDgxNzAyIzExIyQxIyQzIyQ4OSQyNjEyMjIjNTEjJDEjJDIjJDgz,21,재활의학과,0,0,(재)이랜드재단 이랜드의원,의원,금천구
JDQ4MTg4MSM1MSMkMiMkMCMkMDAkNDgxNzAyIzExIyQxIyQzIyQ4OSQyNjEyMjIjNTEjJDEjJDIjJDgz,23,가정의학과,4,0,(재)이랜드재단 이랜드의원,의원,금천구
JDQ4MTg4MSM1MSMkMiMkMCMkMDAkNDgxOTYxIzUxIyQxIyQxIyQxMyQzNjE0ODEjNzEjJDEjJDgjJDgz,1,내과,1,0,(재)천주교서울대교구유지재단 전진상의원,의원,금천구
JDQ4MTg4MSM1MSMkMiMkMCMkMDAkNDgxOTYxIzUxIyQxIyQxIyQxMyQzNjE0ODEjNzEjJDEjJDgjJDgz,2,신경과,0,0,(재)천주교서울대교구유지재단 전진상의원,의원,금천구
JDQ4MTg4MSM1MSMkMiMkMCMkMDAkNDgxOTYxIzUxIyQxIyQxIyQxMyQzNjE0ODEjNzEjJDEjJDgjJDgz,3,정신건강의학과,0,0,(재)천주교서울대교구유지재단 전진상의원,의원,금천구
JDQ4MTg4MSM1MSMkMiMkMCMkMDAkNDgxOTYxIzUxIyQxIyQxIyQxMyQzNjE0ODEjNzEjJDEjJDgjJDgz,4,외과,0,0,(재)천주교서울대교구유지재단 전진상의원,의원,금천구
JDQ4MTg4MSM1MSMkMiMkMCMkMDAkNDgxOTYxIzUxIyQxIyQxIyQxMyQzNjE0ODEjNzEjJDEjJDgjJDgz,5,정형외과,0,0,(재)천주교서울대교구유지재단 전진상의원,의원,금천구
JDQ4MTg4MSM1MSMkMiMkMCMkMDAkNDgxOTYxIzUxIyQxIyQxIyQxMyQzNjE0ODEjNzEjJDEjJDgjJDgz,6,신경외과,0,0,(재)천주교서울대교구유지재단 전진상의원,의원,금천구
JDQ4MTg4MSM1MSMkMiMkMCMkMDAkNDgxOTYxIzUxIyQxIyQxIyQxMyQzNjE0ODEjNzEjJDEjJDgjJDgz,9,마취통증의학과,0,0,(재)천주교서울대교구유지재단 전진상의원,의원,금천구
JDQ4MTg4MSM1MSMkMiMkMCMkMDAkNDgxOTYxIzUxIyQxIyQxIyQxMyQzNjE0ODEjNzEjJDEjJDgjJDgz,10,산부인과,0,0,(재)천주교서울대교구유지재단 전진상의원,의원,금천구
JDQ4MTg4MSM1MSMkMiMkMCMkMDAkNDgxOTYxIzUxIyQxIyQxIyQxMyQzNjE0ODEjNzEjJDEjJDgjJDgz,11,소아청소년과,0,0,(재)천주교서울대교구유지재단 전진상의원,의원,금천구
JDQ4MTg4MSM1MSMkMiMkMCMkMDAkNDgxOTYxIzUxIyQxIyQxIyQxMyQzNjE0ODEjNzEjJDEjJDgjJDgz,12,안과,0,0,(재)천주교서울대교구유지재단 전진상의원,의원,금천구
JDQ4MTg4MSM1MSMkMiMkMCMkMDAkNDgxOTYxIzUxIyQxIyQxIyQxMyQzNjE0ODEjNzEjJDEjJDgjJDgz,13,이비인후과,0,0,(재)천주교서울대교구유지재단 전진상의원,의원,금천구
JDQ4MTg4MSM1MSMkMiMkMCMkMDAkNDgxOTYxIzUxIyQxIyQxIyQxMyQzNjE0ODEjNzEjJDEjJDgjJDgz,14,피부과,0,0,(재)천주교서울대교구유지재단 전진상의원,의원,금천구
JDQ4MTg4MSM1MSMkMiMkMCMkMDAkNDgxOTYxIzUxIyQxIyQxIyQxMyQzNjE0ODEjNzEjJDEjJDgjJDgz,15,비뇨의학과,0,0,(재)천주교서울대교구유지재단 전진상의원,의원,금천구
JDQ4MTg4MSM1MSMkMiMkMCMkMDAkNDgxOTYxIzUxIyQxIyQxIyQxMyQzNjE0ODEjNzEjJDEjJDgjJDgz,18,병리과,0,0,(재)천주교서울대교구유지재단 전진상의원,의원,금천구
JDQ4MTg4MSM1MSMkMiMkMCMkMDAkNDgxOTYxIzUxIyQxIyQxIyQxMyQzNjE0ODEjNzEjJDEjJDgjJDgz,23,가정의학과,1,0,(재)천주교서울대교구유지재단 전진상의원,의원,금천구
JDQ4MTg4MSM1MSMkMiMkNCMkMDAkNDgxOTYxIzExIyQxIyQzIyQ4OSQyNjE4MzIjNTEjJDEjJDYjJDgz,1,내과,2,0,(재)한국산업의학연구소 래피젠헬스케어의원,의원,금천구
JDQ4MTg4MSM1MSMkMiMkNCMkMDAkNDgxOTYxIzExIyQxIyQzIyQ4OSQyNjE4MzIjNTEjJDEjJDYjJDgz,11,소아청소년과,0,0,(재)한국산업의학연구소 래피젠헬스케어의원,의원,금천구
JDQ4MTg4MSM1MSMkMiMkNCMkMDAkNDgxOTYxIzExIyQxIyQzIyQ4OSQyNjE4MzIjNTEjJDEjJDYjJDgz,16,영상의학과,1,0,(재)한국산업의학연구소 래피젠헬스케어의원,의원,금천구
JDQ4MTg4MSM1MSMkMiMkNCMkMDAkNDgxOTYxIzExIyQxIyQzIyQ4OSQyNjE4MzIjNTEjJDEjJDYjJDgz,23,가정의학과,2,0,(재)한국산업의학연구소 래피젠헬스케어의원,의원,금천구
JDQ4MTg4MSM1MSMkMiMkNCMkMDAkNDgxOTYxIzExIyQxIyQzIyQ4OSQyNjE4MzIjNTEjJDEjJDYjJDgz,25,직업환경의학과,1,0,(재)한국산업의학연구소 래피젠헬스케어의원,의원,금천구
JDQ4MTg4MSM1MSMkMiMkNCMkMDAkNDgxOTYxIzExIyQxIyQzIyQ4OSQyNjE4MzIjNTEjJDEjJDYjJDgz,26,예방의학과,0,0,(재)한국산업의학연구소 래피젠헬스케어의원,의원,금천구
JDQ4MTg4MSM1MSMkMiMkMCMkMDAkNDgxNzAyIzIxIyQxIyQxIyQxMyQzNjEwMDIjODEjJDEjJDIjJDgz,1,내과,6,0,(재)한국의학연구소한국중부의원,의원,종로구
JDQ4MTg4MSM1MSMkMiMkMCMkMDAkNDgxNzAyIzIxIyQxIyQxIyQxMyQzNjEwMDIjODEjJDEjJDIjJDgz,11,소아청소년과,1,0,(재)한국의학연구소한국중부의원,의원,종로구
JDQ4MTg4MSM1MSMkMiMkMCMkMDAkNDgxNzAyIzIxIyQxIyQxIyQxMyQzNjEwMDIjODEjJDEjJDIjJDgz,16,영상의학과,4,0,(재)한국의학연구소한국중부의원,의원,종로구
JDQ4MTg4MSM1MSMkMiMkMCMkMDAkNDgxNzAyIzIxIyQxIyQxIyQxMyQzNjEwMDIjODEjJDEjJDIjJDgz,18,병리과,6,0,(재)한국의학연구소한국중부의원,의원,종로구
JDQ4MTg4MSM1MSMkMiMkMCMkMDAkNDgxNzAyIzIxIyQxIyQxIyQxMyQzNjEwMDIjODEjJDEjJDIjJDgz,19,진단검사의학과,4,0,(재)한국의학연구소한국중부의원,의원,종로구
JDQ4MTg4MSM1MSMkMiMkMCMkMDAkNDgxNzAyIzIxIyQxIyQxIyQxMyQzNjEwMDIjODEjJDEjJDIjJDgz,23,가정의학과,13,0,(재)한국의학연구소한국중부의원,의원,종로구
JDQ4MTg4MSM1MSMkMiMkOCMkMDAkMzgxOTYxIzExIyQyIyQzIyQwMCQyNjE4MzIjNDEjJDEjJDQjJDgz,14,피부과,0,0,(주)제이시스메디칼부속의원,의원,강남구
JDQ4MTg4MSM1MSMkMiMkOCMkMDAkMzgxOTYxIzExIyQyIyQzIyQwMCQyNjE4MzIjNDEjJDEjJDQjJDgz,23,가정의학과,0,0,(주)제이시스메디칼부속의원,의원,강남구
JDQ4MTg4MSM1MSMkMiMkMCMkMDAkNDgxOTYxIzExIyQxIyQ3IyQ5OSQzNjEwMDIjNDEjJDEjJDQjJDgz,1,내과,0,0,(주)하나은행부속의원,의원,중구
JDQ4MTg4MSM1MSMkMiMkMCMkMDAkNDgxOTYxIzExIyQxIyQ3IyQ5OSQzNjEwMDIjNDEjJDEjJDQjJDgz,23,가정의학과,1,0,(주)하나은행부속의원,의원,중구
JDQ4MTg4MSM1MSMkMiMkNCMkMDAkMzgxNzAyIzIxIyQxIyQ5IyQ3MiQyNjE4MzIjNzEjJDEjJDgjJDgz,8,성형외과,0,0,10년전당신의오늘의원,의원,강남구
JDQ4MTg4MSM1MSMkMiMkNCMkMDAkMzgxNzAyIzIxIyQxIyQ5IyQ3MiQyNjE4MzIjNzEjJDEjJDgjJDgz,14,피부과,0,0,10년전당신의오늘의원,의원,강남구
JDQ4MTg4MSM1MSMkMiMkNCMkMDAkNDgxNzAyIzIxIyQxIyQxIyQ3MiQ0NjEwMDIjNjEjJDEjJDQjJDgz,8,성형외과,0,0,111의원,의원,강남구
JDQ4MTg4MSM1MSMkMiMkNCMkMDAkNDgxNzAyIzIxIyQxIyQxIyQ3MiQ0NjEwMDIjNjEjJDEjJDQjJDgz,14,피부과,0,0,111의원,의원,강남구
JDQ4MTg4MSM1MSMkMiMkNCMkMDAkNDgxMzUxIzExIyQxIyQzIyQ4OSQyNjEyMjIjNDEjJDEjJDQjJDgz,8,성형외과,0,0,123의원,의원,강남구
JDQ4MTg4MSM1MSMkMiMkNCMkMDAkNDgxMzUxIzExIyQxIyQzIyQ4OSQyNjEyMjIjNDEjJDEjJDQjJDgz,14,피부과,0,0,123의원,의원,강남구
JDQ4MTg4MSM1MSMkMiMkOCMkMDAkMzgxMTkxIzUxIyQxIyQxIyQ5MiQ0NjE0ODEjNjEjJDEjJDgjJDgz,8,성형외과,0,0,1323의원,의원,강남구
JDQ4MTg4MSM1MSMkMiMkOCMkMDAkMzgxMTkxIzUxIyQxIyQxIyQ5MiQ0NjE0ODEjNjEjJDEjJDgjJDgz,14,피부과,0,0,1323의원,의원,강남구
JDQ4MTg4MSM1MSMkMiMkNCMkMDAkNDgxOTYxIzMxIyQyIyQzIyQwMCQyNjEyMjIjNDEjJDEjJDgjJDgz,1,내과,0,0,1삼성탑의원,의원,성동구
JDQ4MTg4MSM1MSMkMiMkNCMkMDAkNDgxOTYxIzMxIyQyIyQzIyQwMCQyNjEyMjIjNDEjJDEjJDgjJDgz,11,소아청소년과,0,0,1삼성탑의원,의원,성동구
JDQ4MTg4MSM1MSMkMiMkNCMkMDAkNDgxOTYxIzMxIyQyIyQzIyQwMCQyNjEyMjIjNDEjJDEjJDgjJDgz,13,이비인후과,0,0,1삼성탑의원,의원,성동구
JDQ4MTg4MSM1MSMkMiMkNCMkMDAkNDgxOTYxIzMxIyQyIyQzIyQwMCQyNjEyMjIjNDEjJDEjJDgjJDgz,14,피부과,0,0,1삼성탑의원,의원,성동구
JDQ4MTg4MSM1MSMkMiMkMCMkMDAkNDgxNzAyIzQxIyQxIyQ3IyQ3MiQ0NjEwMDIjNTEjJDEjJDYjJDgz,1,내과,0,0,1신건우 이비인후과의원,의원,중랑구
JDQ4MTg4MSM1MSMkMiMkMCMkMDAkNDgxNzAyIzQxIyQxIyQ3IyQ3MiQ0NjEwMDIjNTEjJDEjJDYjJDgz,11,소아청소년과,0,0,1신건우 이비인후과의원,의원,중랑구
JDQ4MTg4MSM1MSMkMiMkMCMkMDAkNDgxNzAyIzQxIyQxIyQ3IyQ3MiQ0NjEwMDIjNTEjJDEjJDYjJDgz,13,이비인후과,1,0,1신건우 이비인후과의원,의원,중랑구
JDQ4MTg4MSM1MSMkMiMkOCMkMDAkMzgxMTkxIzMxIyQxIyQ3IyQ4OSQzNjEyMjIjNTEjJDEjJDYjJDgz,5,정형외과,0,0,1층본튼튼의원,의원,금천구
JDQ4MTg4MSM1MSMkMiMkOCMkMDAkMzgxMTkxIzMxIyQxIyQ3IyQ4OSQzNjEyMjIjNTEjJDEjJDYjJDgz,9,마취통증의학과,0,0,1층본튼튼의원,의원,금천구
JDQ4MTg4MSM1MSMkMiMkNCMkMDAkNDgxNzAyIzUxIyQyIyQ1IyQwMCQyNjEwMDIjNDEjJDEjJDQjJDgz,8,성형외과,1,0,2060오스킨성형외과의원,의원,강남구
JDQ4MTg4MSM1MSMkMiMkNCMkMDAkNDgxNzAyIzUxIyQyIyQ1IyQwMCQyNjEwMDIjNDEjJDEjJDQjJDgz,14,피부과,0,0,2060오스킨성형외과의원,의원,강남구
JDQ4MTg4MSM1MSMkMiMkNCMkMDAkNTgxOTYxIzQxIyQxIyQ3IyQ4MiQzNjEyMjIjNDEjJDEjJDgjJDgz,5,정형외과,1,0,210정형외과의원,의원,양천구
JDQ4MTg4MSM1MSMkMiMkNCMkMDAkNTgxOTYxIzQxIyQxIyQ3IyQ4MiQzNjEyMjIjNDEjJDEjJDgjJDgz,6,신경외과,0,0,210정형외과의원,의원,양천구
JDQ4MTg4MSM1MSMkMiMkNCMkMDAkNTgxOTYxIzQxIyQxIyQ3IyQ4MiQzNjEyMjIjNDEjJDEjJDgjJDgz,9,마취통증의학과,1,0,210정형외과의원,의원,양천구
JDQ4MTg4MSM1MSMkMiMkNCMkMDAkNTgxOTYxIzQxIyQxIyQ3IyQ4MiQzNjEyMjIjNDEjJDEjJDgjJDgz,14,피부과,0,0,210정형외과의원,의원,양천구
JDQ4MTg4MSM1MSMkMiMkNCMkMDAkNTgxOTYxIzQxIyQxIyQ3IyQ4MiQzNjEyMjIjNDEjJDEjJDgjJDgz,16,영상의학과,1,0,210정형외과의원,의원,양천구
JDQ4MTg4MSM1MSMkMiMkNCMkMDAkNTgxOTYxIzQxIyQxIyQ3IyQ4MiQzNjEyMjIjNDEjJDEjJDgjJDgz,21,재활의학과,0,0,210정형외과의원,의원,양천구
JDQ4MTg4MSM1MSMkMiMkOCMkMDAkMzgxMzUxIzUxIyQxIyQxIyQ3OSQ0NjE0ODEjNjEjJDEjJDAjJDgz,8,성형외과,2,0,21성형외과의원,의원,서초구
JDQ4MTg4MSM1MSMkMiMkOCMkMDAkMzgxMzUxIzUxIyQxIyQxIyQ3OSQ0NjE0ODEjNjEjJDEjJDAjJDgz,14,피부과,0,0,21성형외과의원,의원,서초구
JDQ4MTg4MSM1MSMkMiMkNCMkMDAkMzgxMzUxIzExIyQxIyQzIyQwMyQzNjE0ODEjNjEjJDEjJDQjJDgz,16,영상의학과,3,0,21세기영상의학과의원,의원,서초구
JDQ4MTg4MSM1MSMkMiMkNCMkMDAkNDgxNzAyIzQxIyQxIyQ3IyQ5MiQyNjE4MzIjNTEjJDEjJDIjJDgz,4,외과,1,0,247외과의원,의원,강남구
JDQ4MTg4MSM1MSMkMiMkNCMkMDAkNDgxNzAyIzQxIyQxIyQ3IyQ5MiQyNjE4MzIjNTEjJDEjJDIjJDgz,8,성형외과,0,0,247외과의원,의원,강남구
JDQ4MTg4MSM1MSMkMiMkNCMkMDAkNDgxNzAyIzQxIyQxIyQ3IyQ5MiQyNjE4MzIjNTEjJDEjJDIjJDgz,14,피부과,0,0,247외과의원,의원,강남구
JDQ4MTg4MSM1MSMkMiMkNCMkMDAkNDgxMTkxIzIxIyQxIyQ1IyQ2MiQyNjEwMDIjNTEjJDEjJDYjJDgz,1,내과,0,0,24시열린의원,의원,광진구
JDQ4MTg4MSM1MSMkMiMkNCMkMDAkNDgxMTkxIzIxIyQxIyQ1IyQ2MiQyNjEwMDIjNTEjJDEjJDYjJDgz,11,소아청소년과,0,0,24시열린의원,의원,광진구
JDQ4MTg4MSM1MSMkMiMkNCMkMDAkNDgxMTkxIzIxIyQxIyQ1IyQ2MiQyNjEwMDIjNTEjJDEjJDYjJDgz,13,이비인후과,0,0,24시열린의원,의원,광진구
JDQ4MTg4MSM1MSMkMiMkNCMkMDAkNDgxMTkxIzIxIyQxIyQ1IyQ2MiQyNjEwMDIjNTEjJDEjJDYjJDgz,14,피부과,0,0,24시열린의원,의원,광진구
JDQ4MTg4MSM1MSMkMiMkNCMkMDAkNDgxMTkxIzIxIyQxIyQ1IyQ2MiQyNjEwMDIjNTEjJDEjJDYjJDgz,23,가정의학과,1,0,24시열린의원,의원,광진구
JDQ4MTg4MSM1MSMkMiMkNCMkMDAkNDgxMTkxIzQxIyQxIyQ3IyQ5OSQyNjE0ODEjNjEjJDEjJDgjJDgz,1,내과,0,0,24시열린의원,의원,양천구
JDQ4MTg4MSM1MSMkMiMkNCMkMDAkNDgxMTkxIzQxIyQxIyQ3IyQ5OSQyNjE0ODEjNjEjJDEjJDgjJDgz,11,소아청소년과,0,0,24시열린의원,의원,양천구
JDQ4MTg4MSM1MSMkMiMkNCMkMDAkNDgxMTkxIzQxIyQxIyQ3IyQ5OSQyNjE0ODEjNjEjJDEjJDgjJDgz,18,병리과,1,0,24시열린의원,의원,양천구
JDQ4MTg4MSM1MSMkMiMkNCMkMDAkNDgxMTkxIzQxIyQxIyQ3IyQ5OSQyNjE0ODEjNjEjJDEjJDgjJDgz,23,가정의학과,0,0,24시열린의원,의원,양천구
JDQ4MTg4MSM1MSMkMiMkNCMkMDAkNDgxMTkxIzQxIyQxIyQ3IyQ5OSQyNjE0ODEjNjEjJDEjJDgjJDgz,24,응급의학과,1,0,24시열린의원,의원,양천구
JDQ4MTg4MSM1MSMkMiMkOCMkMDAkMzgxMzUxIzIxIyQxIyQxIyQ4MiQzNjE4MzIjNDEjJDEjJDgjJDgz,1,내과,0,0,24시열린의원,의원,마포구
JDQ4MTg4MSM1MSMkMiMkOCMkMDAkMzgxMzUxIzIxIyQxIyQxIyQ4MiQzNjE4MzIjNDEjJDEjJDgjJDgz,11,소아청소년과,0,0,24시열린의원,의원,마포구
JDQ4MTg4MSM1MSMkMiMkOCMkMDAkMzgxMzUxIzIxIyQxIyQxIyQ4MiQzNjE4MzIjNDEjJDEjJDgjJDgz,13,이비인후과,0,0,24시열린의원,의원,마포구
JDQ4MTg4MSM1MSMkMiMkOCMkMDAkMzgxMzUxIzIxIyQxIyQxIyQ4MiQzNjE4MzIjNDEjJDEjJDgjJDgz,14,피부과,0,0,24시열린의원,의원,마포구
JDQ4MTg4MSM1MSMkMiMkOCMkMDAkMzgxMzUxIzIxIyQxIyQxIyQ4MiQzNjE4MzIjNDEjJDEjJDgjJDgz,23,가정의학과,0,0,24시열린의원,의원,마포구
JDQ4MTg4MSM1MSMkMiMkOCMkMDAkMzgxMzUxIzMxIyQxIyQ3IyQwMyQyNjEwMDIjNTEjJDEjJDIjJDgz,1,내과,1,0,24시열린의원,의원,송파구
JDQ4MTg4MSM1MSMkMiMkOCMkMDAkMzgxMzUxIzMxIyQxIyQ3IyQwMyQyNjEwMDIjNTEjJDEjJDIjJDgz,11,소아청소년과,0,0,24시열린의원,의원,송파구
JDQ4MTg4MSM1MSMkMiMkOCMkMDAkMzgxMzUxIzMxIyQxIyQ3IyQwMyQyNjEwMDIjNTEjJDEjJDIjJDgz,13,이비인후과,0,0,24시열린의원,의원,송파구
JDQ4MTg4MSM1MSMkMiMkOCMkMDAkMzgxMzUxIzMxIyQxIyQ3IyQwMyQyNjEwMDIjNTEjJDEjJDIjJDgz,14,피부과,0,0,24시열린의원,의원,송파구
JDQ4MTg4MSM1MSMkMiMkOCMkMDAkMzgxMzUxIzMxIyQxIyQ3IyQwMyQyNjEwMDIjNTEjJDEjJDIjJDgz,23,가정의학과,0,0,24시열린의원,의원,송파구
JDQ4MTg4MSM1MSMkMiMkNCMkMDAkMzgxMTkxIzUxIyQxIyQxIyQ5OSQzNjE0ODEjNTEjJDEjJDYjJDgz,23,가정의학과,2,0,365MC의원,의원,노원구
JDQ4MTg4MSM1MSMkMiMkNCMkMDAkMzgxOTYxIzMxIyQxIyQzIyQ5OSQyNjEwMDIjNjEjJDEjJDAjJDgz,13,이비인후과,1,0,365mc모인이비인후과의원,의원,중랑구
JDQ4MTg4MSM1MSMkMiMkNCMkMDAkNTgxMzUxIzIxIyQxIyQxIyQxMyQzNjE4MzIjNTEjJDEjJDYjJDgz,1,내과,0,0,365다움의원,의원,성동구
JDQ4MTg4MSM1MSMkMiMkNCMkMDAkNTgxMzUxIzIxIyQxIyQxIyQxMyQzNjE4MzIjNTEjJDEjJDYjJDgz,3,정신건강의학과,0,0,365다움의원,의원,성동구
JDQ4MTg4MSM1MSMkMiMkNCMkMDAkNTgxMzUxIzIxIyQxIyQxIyQxMyQzNjE4MzIjNTEjJDEjJDYjJDgz,11,소아청소년과,0,0,365다움의원,의원,성동구
JDQ4MTg4MSM1MSMkMiMkNCMkMDAkNTgxMzUxIzIxIyQxIyQxIyQxMyQzNjE4MzIjNTEjJDEjJDYjJDgz,14,피부과,0,0,365다움의원,의원,성동구
JDQ4MTg4MSM1MSMkMiMkNCMkMDAkNTgxMzUxIzIxIyQxIyQxIyQxMyQzNjE4MzIjNTEjJDEjJDYjJDgz,23,가정의학과,1,0,365다움의원,의원,성동구
JDQ4MTg4MSM1MSMkMiMkOCMkMDAkMzgxMTkxIzMxIyQxIyQzIyQxMyQyNjE0ODEjNjEjJDEjJDgjJDgz,1,내과,0,0,365답십리탑정형외과의원,의원,성동구
JDQ4MTg4MSM1MSMkMiMkOCMkMDAkMzgxMTkxIzMxIyQxIyQzIyQxMyQyNjE0ODEjNjEjJDEjJDgjJDgz,2,신경과,0,0,365답십리탑정형외과의원,의원,성동구
JDQ4MTg4MSM1MSMkMiMkOCMkMDAkMzgxMTkxIzMxIyQxIyQzIyQxMyQyNjE0ODEjNjEjJDEjJDgjJDgz,5,정형외과,2,0,365답십리탑정형외과의원,의원,성동구
JDQ4MTg4MSM1MSMkMiMkOCMkMDAkMzgxMTkxIzMxIyQxIyQzIyQxMyQyNjE0ODEjNjEjJDEjJDgjJDgz,6,신경외과,1,0,365답십리탑정형외과의원,의원,성동구
JDQ4MTg4MSM1MSMkMiMkOCMkMDAkMzgxMTkxIzMxIyQxIyQzIyQxMyQyNjE0ODEjNjEjJDEjJDgjJDgz,9,마취통증의학과,0,0,365답십리탑정형외과의원,의원,성동구
JDQ4MTg4MSM1MSMkMiMkOCMkMDAkMzgxMTkxIzMxIyQxIyQzIyQxMyQyNjE0ODEjNjEjJDEjJDgjJDgz,21,재활의학과,0,0,365답십리탑정형외과의원,의원,성동구
JDQ4MTg4MSM1MSMkMiMkNCMkMDAkMzgxMTkxIzMxIyQxIyQ3IyQwMyQ0NjE0ODEjNzEjJDEjJDgjJDgz,4,외과,0,0,365대림정형외과의원,의원,영등포구
JDQ4MTg4MSM1MSMkMiMkNCMkMDAkMzgxMTkxIzMxIyQxIyQ3IyQwMyQ0NjE0ODEjNzEjJDEjJDgjJDgz,5,정형외과,1,0,365대림정형외과의원,의원,영등포구
JDQ4MTg4MSM1MSMkMiMkNCMkMDAkMzgxMTkxIzMxIyQxIyQ3IyQwMyQ0NjE0ODEjNzEjJDEjJDgjJDgz,6,신경외과,0,0,365대림정형외과의원,의원,영등포구
JDQ4MTg4MSM1MSMkMiMkNCMkMDAkMzgxMTkxIzMxIyQxIyQ3IyQwMyQ0NjE0ODEjNzEjJDEjJDgjJDgz,9,마취통증의학과,0,0,365대림정형외과의원,의원,영등포구
JDQ4MTg4MSM1MSMkMiMkNCMkMDAkMzgxMTkxIzMxIyQxIyQ3IyQwMyQ0NjE0ODEjNzEjJDEjJDgjJDgz,14,피부과,0,0,365대림정형외과의원,의원,영등포구
JDQ4MTg4MSM1MSMkMiMkOCMkMDAkMzgxMTkxIzIxIyQxIyQ5IyQ4OSQ0NjE0ODEjNzEjJDEjJDgjJDgz,5,정형외과,0,0,365더바른마취통증의학과의원,의원,은평구
JDQ4MTg4MSM1MSMkMiMkOCMkMDAkMzgxMTkxIzIxIyQxIyQ5IyQ4OSQ0NjE0ODEjNzEjJDEjJDgjJDgz,6,신경외과,0,0,365더바른마취통증의학과의원,의원,은평구
JDQ4MTg4MSM1MSMkMiMkOCMkMDAkMzgxMTkxIzIxIyQxIyQ5IyQ4OSQ0NjE0ODEjNzEjJDEjJDgjJDgz,9,마취통증의학과,2,0,365더바른마취통증의학과의원,의원,은평구
JDQ4MTg4MSM1MSMkMiMkOCMkMDAkMzgxMTkxIzIxIyQxIyQ5IyQ4OSQ0NjE0ODEjNzEjJDEjJDgjJDgz,21,재활의학과,0,0,365더바른마취통증의학과의원,의원,은평구
JDQ4MTg4MSM1MSMkMiMkOCMkMDAkMzgxMTkxIzIxIyQxIyQ5IyQ4OSQ0NjE0ODEjNzEjJDEjJDgjJDgz,23,가정의학과,0,0,365더바른마취통증의학과의원,의원,은평구
JDQ4MTg4MSM1MSMkMiMkOCMkMDAkMzgxMTkxIzMxIyQyIyQzIyQwMCQyNjE0ODEjNTEjJDEjJDIjJDgz,5,정형외과,0,0,365더바른신경외과의원,의원,성동구
JDQ4MTg4MSM1MSMkMiMkOCMkMDAkMzgxMTkxIzMxIyQyIyQzIyQwMCQyNjE0ODEjNTEjJDEjJDIjJDgz,6,신경외과,1,0,365더바른신경외과의원,의원,성동구
JDQ4MTg4MSM1MSMkMiMkOCMkMDAkMzgxMTkxIzMxIyQyIyQzIyQwMCQyNjE0ODEjNTEjJDEjJDIjJDgz,9,마취통증의학과,1,0,365더바른신경외과의원,의원,성동구
JDQ4MTg4MSM1MSMkMiMkOCMkMDAkMzgxMTkxIzMxIyQyIyQzIyQwMCQyNjE0ODEjNTEjJDEjJDIjJDgz,23,가정의학과,1,0,365더바른신경외과의원,의원,성동구
JDQ4MTg4MSM1MSMkMiMkOCMkMDAkMzgxOTYxIzUxIyQxIyQxIyQxMyQzNjEwMDIjNDEjJDEjJDgjJDgz,1,내과,0,0,365더잘봄정형외과의원,의원,마포구
JDQ4MTg4MSM1MSMkMiMkOCMkMDAkMzgxOTYxIzUxIyQxIyQxIyQxMyQzNjEwMDIjNDEjJDEjJDgjJDgz,5,정형외과,1,0,365더잘봄정형외과의원,의원,마포구
JDQ4MTg4MSM1MSMkMiMkOCMkMDAkMzgxOTYxIzUxIyQxIyQxIyQxMyQzNjEwMDIjNDEjJDEjJDgjJDgz,6,신경외과,0,0,365더잘봄정형외과의원,의원,마포구
JDQ4MTg4MSM1MSMkMiMkOCMkMDAkMzgxOTYxIzUxIyQxIyQxIyQxMyQzNjEwMDIjNDEjJDEjJDgjJDgz,9,마취통증의학과,0,0,365더잘봄정형외과의원,의원,마포구
JDQ4MTg4MSM1MSMkMiMkOCMkMDAkMzgxOTYxIzUxIyQxIyQxIyQxMyQzNjEwMDIjNDEjJDEjJDgjJDgz,21,재활의학과,0,0,365더잘봄정형외과의원,의원,마포구
JDQ4MTg4MSM1MSMkMiMkOCMkMDAkMzgxOTYxIzUxIyQxIyQxIyQxMyQzNjEwMDIjNDEjJDEjJDgjJDgz,23,가정의학과,0,0,365더잘봄정형외과의원,의원,마포구
JDQ4MTg4MSM1MSMkMiMkNCMkMDAkMzgxNzAyIzMxIyQxIyQ3IyQ2MiQyNjE4MzIjNTEjJDEjJDIjJDgz,1,내과,0,0,365더튼튼의원,의원,구로구
JDQ4MTg4MSM1MSMkMiMkNCMkMDAkMzgxNzAyIzMxIyQxIyQ3IyQ2MiQyNjE4MzIjNTEjJDEjJDIjJDgz,5,정형외과,0,0,365더튼튼의원,의원,구로구
JDQ4MTg4MSM1MSMkMiMkNCMkMDAkMzgxNzAyIzMxIyQxIyQ3IyQ2MiQyNjE4MzIjNTEjJDEjJDIjJDgz,8,성형외과,0,0,365더튼튼의원,의원,구로구
JDQ4MTg4MSM1MSMkMiMkNCMkMDAkMzgxNzAyIzMxIyQxIyQ3IyQ2MiQyNjE4MzIjNTEjJDEjJDIjJDgz,11,소아청소년과,0,0,365더튼튼의원,의원,구로구
JDQ4MTg4MSM1MSMkMiMkNCMkMDAkMzgxNzAyIzMxIyQxIyQ3IyQ2MiQyNjE4MzIjNTEjJDEjJDIjJDgz,13,이비인후과,0,0,365더튼튼의원,의원,구로구
JDQ4MTg4MSM1MSMkMiMkNCMkMDAkMzgxNzAyIzMxIyQxIyQ3IyQ2MiQyNjE4MzIjNTEjJDEjJDIjJDgz,14,피부과,0,0,365더튼튼의원,의원,구로구
JDQ4MTg4MSM1MSMkMiMkNCMkMDAkMzgxNzAyIzMxIyQxIyQ3IyQ2MiQyNjE4MzIjNTEjJDEjJDIjJDgz,15,비뇨의학과,0,0,365더튼튼의원,의원,구로구
JDQ4MTg4MSM1MSMkMiMkOCMkMDAkMzgxMTkxIzExIyQxIyQzIyQ2MiQyNjE4MzIjNTEjJDEjJDIjJDgz,1,내과,0,0,365도담의원,의원,강북구
JDQ4MTg4MSM1MSMkMiMkOCMkMDAkMzgxMTkxIzExIyQxIyQzIyQ2MiQyNjE4MzIjNTEjJDEjJDIjJDgz,5,정형외과,0,0,365도담의원,의원,강북구
JDQ4MTg4MSM1MSMkMiMkOCMkMDAkMzgxMTkxIzExIyQxIyQzIyQ2MiQyNjE4MzIjNTEjJDEjJDIjJDgz,11,소아청소년과,0,0,365도담의원,의원,강북구
JDQ4MTg4MSM1MSMkMiMkOCMkMDAkMzgxMTkxIzExIyQxIyQzIyQ2MiQyNjE4MzIjNTEjJDEjJDIjJDgz,13,이비인후과,0,0,365도담의원,의원,강북구
JDQ4MTg4MSM1MSMkMiMkOCMkMDAkMzgxMTkxIzExIyQxIyQzIyQ2MiQyNjE4MzIjNTEjJDEjJDIjJDgz,24,응급의학과,1,0,365도담의원,의원,강북구
JDQ4MTg4MSM1MSMkMiMkOCMkMDAkMzgxMzUxIzMxIyQxIyQzIyQxMyQ0NjE0ODEjNDEjJDEjJDgjJDgz,1,내과,0,0,365동작아산위풍당당재활의학과의원,의원,동작구
JDQ4MTg4MSM1MSMkMiMkOCMkMDAkMzgxMzUxIzMxIyQxIyQzIyQxMyQ0NjE0ODEjNDEjJDEjJDgjJDgz,5,정형외과,0,0,365동작아산위풍당당재활의학과의원,의원,동작구
JDQ4MTg4MSM1MSMkMiMkOCMkMDAkMzgxMzUxIzMxIyQxIyQzIyQxMyQ0NjE0ODEjNDEjJDEjJDgjJDgz,6,신경외과,0,0,365동작아산위풍당당재활의학과의원,의원,동작구
JDQ4MTg4MSM1MSMkMiMkOCMkMDAkMzgxMzUxIzMxIyQxIyQzIyQxMyQ0NjE0ODEjNDEjJDEjJDgjJDgz,9,마취통증의학과,1,0,365동작아산위풍당당재활의학과의원,의원,동작구
JDQ4MTg4MSM1MSMkMiMkOCMkMDAkMzgxMzUxIzMxIyQxIyQzIyQxMyQ0NjE0ODEjNDEjJDEjJDgjJDgz,21,재활의학과,1,0,365동작아산위풍당당재활의학과의원,의원,동작구
JDQ4MTg4MSM1MSMkMiMkNCMkMDAkNDgxMzUxIzMxIyQxIyQ3IyQ4MiQzNjE4MzIjNjEjJDEjJDQjJDgz,1,내과,3,0,365류마고내과의원,의원,광진구
JDQ4MTg4MSM1MSMkMiMkNCMkMDAkNDgxMzUxIzMxIyQxIyQ3IyQ4MiQzNjE4MzIjNjEjJDEjJDQjJDgz,5,정형외과,0,0,365류마고내과의원,의원,광진구
JDQ4MTg4MSM1MSMkMiMkNCMkMDAkNDgxMzUxIzMxIyQxIyQ3IyQ4MiQzNjE4MzIjNjEjJDEjJDQjJDgz,9,마취통증의학과,0,0,365류마고내과의원,의원,광진구
JDQ4MTg4MSM1MSMkMiMkNCMkMDAkNDgxMzUxIzMxIyQxIyQ3IyQ4MiQzNjE4MzIjNjEjJDEjJDQjJDgz,11,소아청소년과,0,0,365류마고내과의원,의원,광진구
JDQ4MTg4MSM1MSMkMiMkNCMkMDAkNDgxMzUxIzMxIyQxIyQ3IyQ4MiQzNjE4MzIjNjEjJDEjJDQjJDgz,13,이비인후과,0,0,365류마고내과의원,의원,광진구
JDQ4MTg4MSM1MSMkMiMkOCMkMDAkMzgxMTkxIzQxIyQxIyQ3IyQ3MiQyNjE0ODEjNDEjJDEjJDQjJDgz,5,정형외과,1,0,365먹골탑정형외과의원,의원,중랑구
JDQ4MTg4MSM1MSMkMiMkOCMkMDAkMzgxMTkxIzQxIyQxIyQ3IyQ3MiQyNjE0ODEjNDEjJDEjJDQjJDgz,6,신경외과,0,0,365먹골탑정형외과의원,의원,중랑구
JDQ4MTg4MSM1MSMkMiMkOCMkMDAkMzgxMTkxIzQxIyQxIyQ3IyQ3MiQyNjE0ODEjNDEjJDEjJDQjJDgz,9,마취통증의학과,0,0,365먹골탑정형외과의원,의원,중랑구
JDQ4MTg4MSM1MSMkMiMkOCMkMDAkMzgxMTkxIzQxIyQxIyQ3IyQ3MiQyNjE0ODEjNDEjJDEjJDQjJDgz,21,재활의학과,0,0,365먹골탑정형외과의원,의원,중랑구
JDQ4MTg4MSM1MSMkMiMkNCMkMDAkNDgxMTkxIzMxIyQxIyQzIyQ5OSQ0NjE0ODEjODEjJDEjJDYjJDgz,1,내과,0,0,365메디의원,의원,강북구
JDQ4MTg4MSM1MSMkMiMkNCMkMDAkNDgxMTkxIzMxIyQxIyQzIyQ5OSQ0NjE0ODEjODEjJDEjJDYjJDgz,11,소아청소년과,0,0,365메디의원,의원,강북구
JDQ4MTg4MSM1MSMkMiMkNCMkMDAkNDgxMTkxIzMxIyQxIyQzIyQ5OSQ0NjE0ODEjODEjJDEjJDYjJDgz,13,이비인후과,0,0,365메디의원,의원,강북구
JDQ4MTg4MSM1MSMkMiMkNCMkMDAkNDgxMTkxIzMxIyQxIyQzIyQ5OSQ0NjE0ODEjODEjJDEjJDYjJDgz,23,가정의학과,1,0,365메디의원,의원,강북구
JDQ4MTg4MSM1MSMkMiMkOCMkMDAkMzgxMzUxIzIxIyQxIyQ1IyQwMyQzNjE4MzIjNTEjJDEjJDIjJDgz,1,내과,0,0,365메트로의원,의원,강남구
JDQ4MTg4MSM1MSMkMiMkOCMkMDAkMzgxMzUxIzIxIyQxIyQ1IyQwMyQzNjE4MzIjNTEjJDEjJDIjJDgz,23,가정의학과,1,0,365메트로의원,의원,강남구
JDQ4MTg4MSM1MSMkMiMkNCMkMDAkNTgxMzUxIzQxIyQxIyQ3IyQ4MiQ0NjEwMDIjNDEjJDEjJDQjJDgz,1,내과,0,0,365문정사랑의원,의원,송파구
JDQ4MTg4MSM1MSMkMiMkNCMkMDAkNTgxMzUxIzQxIyQxIyQ3IyQ4MiQ0NjEwMDIjNDEjJDEjJDQjJDgz,4,외과,0,0,365문정사랑의원,의원,송파구
JDQ4MTg4MSM1MSMkMiMkNCMkMDAkNTgxMzUxIzQxIyQxIyQ3IyQ4MiQ0NjEwMDIjNDEjJDEjJDQjJDgz,5,정형외과,0,0,365문정사랑의원,의원,송파구
JDQ4MTg4MSM1MSMkMiMkNCMkMDAkNTgxMzUxIzQxIyQxIyQ3IyQ4MiQ0NjEwMDIjNDEjJDEjJDQjJDgz,6,신경외과,0,0,365문정사랑의원,의원,송파구
JDQ4MTg4MSM1MSMkMiMkNCMkMDAkNTgxMzUxIzQxIyQxIyQ3IyQ4MiQ0NjEwMDIjNDEjJDEjJDQjJDgz,9,마취통증의학과,0,0,365문정사랑의원,의원,송파구
JDQ4MTg4MSM1MSMkMiMkNCMkMDAkNTgxMzUxIzQxIyQxIyQ3IyQ4MiQ0NjEwMDIjNDEjJDEjJDQjJDgz,11,소아청소년과,0,0,365문정사랑의원,의원,송파구
JDQ4MTg4MSM1MSMkMiMkNCMkMDAkNTgxMzUxIzQxIyQxIyQ3IyQ4MiQ0NjEwMDIjNDEjJDEjJDQjJDgz,12,안과,0,0,365문정사랑의원,의원,송파구
JDQ4MTg4MSM1MSMkMiMkNCMkMDAkNTgxMzUxIzQxIyQxIyQ3IyQ4MiQ0NjEwMDIjNDEjJDEjJDQjJDgz,13,이비인후과,0,0,365문정사랑의원,의원,송파구
JDQ4MTg4MSM1MSMkMiMkNCMkMDAkNTgxMzUxIzQxIyQxIyQ3IyQ4MiQ0NjEwMDIjNDEjJDEjJDQjJDgz,14,피부과,0,0,365문정사랑의원,의원,송파구
JDQ4MTg4MSM1MSMkMiMkNCMkMDAkNTgxMzUxIzQxIyQxIyQ3IyQ4MiQ0NjEwMDIjNDEjJDEjJDQjJDgz,15,비뇨의학과,0,0,365문정사랑의원,의원,송파구
JDQ4MTg4MSM1MSMkMiMkNCMkMDAkNTgxMzUxIzQxIyQxIyQ3IyQ4MiQ0NjEwMDIjNDEjJDEjJDQjJDgz,23,가정의학과,0,0,365문정사랑의원,의원,송파구
JDQ4MTg4MSM1MSMkMiMkNCMkMDAkNTgxMzUxIzQxIyQxIyQ3IyQ4MiQ0NjEwMDIjNDEjJDEjJDQjJDgz,24,응급의학과,1,0,365문정사랑의원,의원,송파구
JDQ4MTg4MSM1MSMkMiMkNCMkMDAkNDgxOTYxIzQxIyQxIyQ3IyQ5OSQzNjEwMDIjNDEjJDEjJDgjJDgz,1,내과,1,0,365미소내과의원,의원,동작구
JDQ4MTg4MSM1MSMkMiMkNCMkMDAkNDgxOTYxIzQxIyQxIyQ3IyQ5OSQzNjEwMDIjNDEjJDEjJDgjJDgz,4,외과,0,0,365미소내과의원,의원,동작구
JDQ4MTg4MSM1MSMkMiMkNCMkMDAkNDgxOTYxIzQxIyQxIyQ3IyQ5OSQzNjEwMDIjNDEjJDEjJDgjJDgz,5,정형외과,0,0,365미소내과의원,의원,동작구
JDQ4MTg4MSM1MSMkMiMkNCMkMDAkNDgxOTYxIzQxIyQxIyQ3IyQ5OSQzNjEwMDIjNDEjJDEjJDgjJDgz,9,마취통증의학과,0,0,365미소내과의원,의원,동작구
JDQ4MTg4MSM1MSMkMiMkNCMkMDAkNDgxOTYxIzQxIyQxIyQ3IyQ5OSQzNjEwMDIjNDEjJDEjJDgjJDgz,10,산부인과,0,0,365미소내과의원,의원,동작구
JDQ4MTg4MSM1MSMkMiMkNCMkMDAkNDgxOTYxIzQxIyQxIyQ3IyQ5OSQzNjEwMDIjNDEjJDEjJDgjJDgz,11,소아청소년과,0,0,365미소내과의원,의원,동작구
JDQ4MTg4MSM1MSMkMiMkNCMkMDAkNDgxOTYxIzQxIyQxIyQ3IyQ5OSQzNjEwMDIjNDEjJDEjJDgjJDgz,13,이비인후과,0,0,365미소내과의원,의원,동작구
JDQ4MTg4MSM1MSMkMiMkNCMkMDAkNDgxOTYxIzQxIyQxIyQ3IyQ5OSQzNjEwMDIjNDEjJDEjJDgjJDgz,14,피부과,0,0,365미소내과의원,의원,동작구
JDQ4MTg4MSM1MSMkMiMkNCMkMDAkNDgxOTYxIzQxIyQxIyQ3IyQ5OSQzNjEwMDIjNDEjJDEjJDgjJDgz,15,비뇨의학과,0,0,365미소내과의원,의원,동작구
JDQ4MTg4MSM1MSMkMiMkNCMkMDAkNDgxOTYxIzQxIyQxIyQ3IyQ5OSQzNjEwMDIjNDEjJDEjJDgjJDgz,23,가정의학과,1,0,365미소내과의원,의원,동작구
JDQ4MTg4MSM1MSMkMiMkNCMkMDAkNTgxMzUxIzUxIyQxIyQxIyQ5OSQyNjE0ODEjNTEjJDEjJDYjJDgz,5,정형외과,1,0,365바른정형외과의원,의원,관악구
JDQ4MTg4MSM1MSMkMiMkNCMkMDAkNDgxMTkxIzExIyQxIyQ3IyQ4MiQzNjEyMjIjNjEjJDEjJDgjJDgz,12,안과,6,0,365밝은안과의원,의원,관악구
JDQ4MTg4MSM1MSMkMiMkOCMkMDAkMzgxMTkxIzExIyQxIyQzIyQ4MiQyNjEwMDIjNDEjJDEjJDgjJDgz,5,정형외과,1,0,365백세드림정형외과의원,의원,금천구
JDQ4MTg4MSM1MSMkMiMkOCMkMDAkMzgxMTkxIzExIyQxIyQzIyQ4MiQyNjEwMDIjNDEjJDEjJDgjJDgz,6,신경외과,1,0,365백세드림정형외과의원,의원,금천구
JDQ4MTg4MSM1MSMkMiMkOCMkMDAkMzgxMTkxIzExIyQxIyQzIyQ4MiQyNjEwMDIjNDEjJDEjJDgjJDgz,9,마취통증의학과,0,0,365백세드림정형외과의원,의원,금천구
JDQ4MTg4MSM1MSMkMiMkOCMkMDAkMzgxMTkxIzExIyQxIyQzIyQ4MiQyNjEwMDIjNDEjJDEjJDgjJDgz,21,재활의학과,0,0,365백세드림정형외과의원,의원,금천구
JDQ4MTg4MSM1MSMkMiMkOCMkMDAkMzgxMzUxIzMxIyQxIyQ3IyQ2MiQyNjEwMDIjNTEjJDEjJDYjJDgz,1,내과,0,0,365봄연합의원,의원,강서구
JDQ4MTg4MSM1MSMkMiMkOCMkMDAkMzgxMzUxIzMxIyQxIyQ3IyQ2MiQyNjEwMDIjNTEjJDEjJDYjJDgz,5,정형외과,0,0,365봄연합의원,의원,강서구
JDQ4MTg4MSM1MSMkMiMkOCMkMDAkMzgxMzUxIzMxIyQxIyQ3IyQ2MiQyNjEwMDIjNTEjJDEjJDYjJDgz,6,신경외과,0,0,365봄연합의원,의원,강서구
JDQ4MTg4MSM1MSMkMiMkOCMkMDAkMzgxMzUxIzMxIyQxIyQ3IyQ2MiQyNjEwMDIjNTEjJDEjJDYjJDgz,9,마취통증의학과,0,0,365봄연합의원,의원,강서구
JDQ4MTg4MSM1MSMkMiMkOCMkMDAkMzgxMzUxIzMxIyQxIyQ3IyQ2MiQyNjEwMDIjNTEjJDEjJDYjJDgz,11,소아청소년과,0,0,365봄연합의원,의원,강서구
JDQ4MTg4MSM1MSMkMiMkOCMkMDAkMzgxMzUxIzMxIyQxIyQ3IyQ2MiQyNjEwMDIjNTEjJDEjJDYjJDgz,13,이비인후과,0,0,365봄연합의원,의원,강서구
JDQ4MTg4MSM1MSMkMiMkOCMkMDAkMzgxMzUxIzMxIyQxIyQ3IyQ2MiQyNjEwMDIjNTEjJDEjJDYjJDgz,14,피부과,0,0,365봄연합의원,의원,강서구
JDQ4MTg4MSM1MSMkMiMkOCMkMDAkMzgxMzUxIzMxIyQxIyQ3IyQ2MiQyNjEwMDIjNTEjJDEjJDYjJDgz,21,재활의학과,0,0,365봄연합의원,의원,강서구
JDQ4MTg4MSM1MSMkMiMkOCMkMDAkMzgxMzUxIzMxIyQxIyQ3IyQ2MiQyNjEwMDIjNTEjJDEjJDYjJDgz,24,응급의학과,2,0,365봄연합의원,의원,강서구
JDQ4MTg4MSM1MSMkMiMkNCMkMDAkNDgxMTkxIzExIyQxIyQ3IyQwMyQyNjEwMDIjNDEjJDEjJDQjJDgz,1,내과,0,0,365봄이비인후과의원,의원,성북구
JDQ4MTg4MSM1MSMkMiMkNCMkMDAkNDgxMTkxIzExIyQxIyQ3IyQwMyQyNjEwMDIjNDEjJDEjJDQjJDgz,11,소아청소년과,0,0,365봄이비인후과의원,의원,성북구
JDQ4MTg4MSM1MSMkMiMkNCMkMDAkNDgxMTkxIzExIyQxIyQ3IyQwMyQyNjEwMDIjNDEjJDEjJDQjJDgz,13,이비인후과,1,0,365봄이비인후과의원,의원,성북구
JDQ4MTg4MSM1MSMkMiMkOCMkMDAkMzgxOTYxIzIxIyQxIyQxIyQ3MiQzNjE0ODEjNjEjJDEjJDQjJDgz,1,내과,0,0,365삼성의원,의원,강남구
JDQ4MTg4MSM1MSMkMiMkOCMkMDAkMzgxOTYxIzIxIyQxIyQxIyQ3MiQzNjE0ODEjNjEjJDEjJDQjJDgz,2,신경과,0,0,365삼성의원,의원,강남구
JDQ4MTg4MSM1MSMkMiMkOCMkMDAkMzgxOTYxIzIxIyQxIyQxIyQ3MiQzNjE0ODEjNjEjJDEjJDQjJDgz,4,외과,0,0,365삼성의원,의원,강남구
JDQ4MTg4MSM1MSMkMiMkOCMkMDAkMzgxOTYxIzIxIyQxIyQxIyQ3MiQzNjE0ODEjNjEjJDEjJDQjJDgz,5,정형외과,0,0,365삼성의원,의원,강남구
JDQ4MTg4MSM1MSMkMiMkOCMkMDAkMzgxOTYxIzIxIyQxIyQxIyQ3MiQzNjE0ODEjNjEjJDEjJDQjJDgz,6,신경외과,0,0,365삼성의원,의원,강남구
JDQ4MTg4MSM1MSMkMiMkOCMkMDAkMzgxOTYxIzIxIyQxIyQxIyQ3MiQzNjE0ODEjNjEjJDEjJDQjJDgz,9,마취통증의학과,0,0,365삼성의원,의원,강남구
JDQ4MTg4MSM1MSMkMiMkOCMkMDAkMzgxOTYxIzIxIyQxIyQxIyQ3MiQzNjE0ODEjNjEjJDEjJDQjJDgz,11,소아청소년과,0,0,365삼성의원,의원,강남구
JDQ4MTg4MSM1MSMkMiMkOCMkMDAkMzgxOTYxIzIxIyQxIyQxIyQ3MiQzNjE0ODEjNjEjJDEjJDQjJDgz,13,이비인후과,0,0,365삼성의원,의원,강남구
JDQ4MTg4MSM1MSMkMiMkOCMkMDAkMzgxOTYxIzIxIyQxIyQxIyQ3MiQzNjE0ODEjNjEjJDEjJDQjJDgz,21,재활의학과,0,0,365삼성의원,의원,강남구
JDQ4MTg4MSM1MSMkMiMkOCMkMDAkMzgxOTYxIzIxIyQxIyQxIyQ3MiQzNjE0ODEjNjEjJDEjJDQjJDgz,23,가정의학과,0,0,365삼성의원,의원,강남구
JDQ4MTg4MSM1MSMkMiMkOCMkMDAkMzgxOTYxIzIxIyQxIyQxIyQ3MiQzNjE0ODEjNjEjJDEjJDQjJDgz,24,응급의학과,1,0,365삼성의원,의원,강남구
JDQ4MTg4MSM1MSMkMiMkOCMkMDAkMzgxMTkxIzExIyQxIyQ3IyQwMyQ0NjE0ODEjODEjJDEjJDYjJDgz,5,정형외과,2,0,365삼성튼튼정형외과의원,의원,양천구
JDQ4MTg4MSM1MSMkMiMkOCMkMDAkMzgxMTkxIzExIyQxIyQ3IyQwMyQ0NjE0ODEjODEjJDEjJDYjJDgz,6,신경외과,0,0,365삼성튼튼정형외과의원,의원,양천구
JDQ4MTg4MSM1MSMkMiMkOCMkMDAkMzgxMTkxIzExIyQxIyQ3IyQwMyQ0NjE0ODEjODEjJDEjJDYjJDgz,9,마취통증의학과,1,0,365삼성튼튼정형외과의원,의원,양천구
JDQ4MTg4MSM1MSMkMiMkOCMkMDAkMzgxMTkxIzExIyQxIyQ3IyQwMyQ0NjE0ODEjODEjJDEjJDYjJDgz,21,재활의학과,0,0,365삼성튼튼정형외과의원,의원,양천구
JDQ4MTg4MSM1MSMkMiMkOCMkMDAkMzgxMTkxIzExIyQxIyQ3IyQwMyQ0NjE0ODEjODEjJDEjJDYjJDgz,24,응급의학과,1,0,365삼성튼튼정형외과의원,의원,양천구
JDQ4MTg4MSM1MSMkMiMkNCMkMDAkMzgxNzAyIzUxIyQxIyQxIyQ4MiQ0NjE0ODEjNDEjJDEjJDgjJDgz,1,내과,0,0,365서울연합의원,의원,중랑구
JDQ4MTg4MSM1MSMkMiMkNCMkMDAkMzgxNzAyIzUxIyQxIyQxIyQ4MiQ0NjE0ODEjNDEjJDEjJDgjJDgz,5,정형외과,0,0,365서울연합의원,의원,중랑구
JDQ4MTg4MSM1MSMkMiMkNCMkMDAkMzgxNzAyIzUxIyQxIyQxIyQ4MiQ0NjE0ODEjNDEjJDEjJDgjJDgz,11,소아청소년과,0,0,365서울연합의원,의원,중랑구
JDQ4MTg4MSM1MSMkMiMkNCMkMDAkMzgxNzAyIzUxIyQxIyQxIyQ4MiQ0NjE0ODEjNDEjJDEjJDgjJDgz,14,피부과,0,0,365서울연합의원,의원,중랑구
JDQ4MTg4MSM1MSMkMiMkNCMkMDAkMzgxNzAyIzUxIyQxIyQxIyQ4MiQ0NjE0ODEjNDEjJDEjJDgjJDgz,23,가정의학과,1,0,365서울연합의원,의원,중랑구
JDQ4MTg4MSM1MSMkMiMkOCMkMDAkMzgxOTYxIzMxIyQxIyQzIyQwMyQyNjEwMDIjNDEjJDEjJDgjJDgz,2,신경과,0,0,365아산원탑마취통증의학과재활의학과의원,의원,광진구
JDQ4MTg4MSM1MSMkMiMkOCMkMDAkMzgxOTYxIzMxIyQxIyQzIyQwMyQyNjEwMDIjNDEjJDEjJDgjJDgz,5,정형외과,0,0,365아산원탑마취통증의학과재활의학과의원,의원,광진구
JDQ4MTg4MSM1MSMkMiMkOCMkMDAkMzgxOTYxIzMxIyQxIyQzIyQwMyQyNjEwMDIjNDEjJDEjJDgjJDgz,6,신경외과,1,0,365아산원탑마취통증의학과재활의학과의원,의원,광진구
JDQ4MTg4MSM1MSMkMiMkOCMkMDAkMzgxOTYxIzMxIyQxIyQzIyQwMyQyNjEwMDIjNDEjJDEjJDgjJDgz,9,마취통증의학과,2,0,365아산원탑마취통증의학과재활의학과의원,의원,광진구
JDQ4MTg4MSM1MSMkMiMkOCMkMDAkMzgxOTYxIzMxIyQxIyQzIyQwMyQyNjEwMDIjNDEjJDEjJDgjJDgz,21,재활의학과,3,0,365아산원탑마취통증의학과재활의학과의원,의원,광진구
JDQ4MTg4MSM1MSMkMiMkOCMkMDAkMzgxMTkxIzMxIyQxIyQzIyQ3OSQzNjEwMDIjNDEjJDEjJDgjJDgz,1,내과,0,0,365아이엠유의원,의원,송파구
JDQ4MTg4MSM1MSMkMiMkOCMkMDAkMzgxMTkxIzMxIyQxIyQzIyQ3OSQzNjEwMDIjNDEjJDEjJDgjJDgz,11,소아청소년과,1,0,365아이엠유의원,의원,송파구
JDQ4MTg4MSM1MSMkMiMkOCMkMDAkMzgxMTkxIzMxIyQxIyQzIyQ3OSQzNjEwMDIjNDEjJDEjJDgjJDgz,13,이비인후과,0,0,365아이엠유의원,의원,송파구
JDQ4MTg4MSM1MSMkMiMkOCMkMDAkMzgxMTkxIzMxIyQxIyQzIyQ3OSQzNjEwMDIjNDEjJDEjJDgjJDgz,14,피부과,0,0,365아이엠유의원,의원,송파구
JDQ4MTg4MSM1MSMkMiMkOCMkMDAkMzgxMTkxIzMxIyQxIyQzIyQ3OSQzNjEwMDIjNDEjJDEjJDgjJDgz,23,가정의학과,1,0,365아이엠유의원,의원,송파구
JDQ4MTg4MSM1MSMkMiMkNCMkMDAkMzgxNzAyIzUxIyQxIyQxIyQ4MiQzNjE4MzIjNTEjJDEjJDIjJDgz,23,가정의학과,0,0,365엠씨(mc)의원,의원,강동구
JDQ4MTg4MSM1MSMkMiMkNCMkMDAkMzgxNzAyIzMxIyQxIyQ3IyQ3MiQzNjE0ODEjODEjJDEjJDIjJDgz,23,가정의학과,2,0,365엠씨람스의원,의원,영등포구
JDQ4MTg4MSM1MSMkMiMkNCMkMDAkMzgxMTkxIzQxIyQxIyQ3IyQ3MiQzNjEyMjIjNjEjJDEjJDQjJDgz,8,성형외과,1,0,365엠씨의원,의원,강남구
JDQ4MTg4MSM1MSMkMiMkNCMkMDAkMzgxMTkxIzQxIyQxIyQ3IyQ3MiQzNjEyMjIjNjEjJDEjJDQjJDgz,23,가정의학과,3,0,365엠씨의원,의원,강남구
JDQ4MTg4MSM1MSMkMiMkNCMkMDAkNDgxOTYxIzMxIyQxIyQ3IyQ3MiQzNjE0ODEjODEjJDEjJDYjJDgz,23,가정의학과,1,0,365엠씨의원,의원,성북구
JDQ4MTg4MSM1MSMkMiMkOCMkMDAkMzgxMzUxIzExIyQxIyQ3IyQ4OSQ0NjEwMDIjNjEjJDEjJDQjJDgz,23,가정의학과,1,0,365엠씨의원,의원,마포구
JDQ4MTg4MSM1MSMkMiMkOCMkMDAkMzgxOTYxIzUxIyQxIyQ1IyQxMyQyNjEyMjIjNTEjJDEjJDIjJDgz,5,정형외과,0,0,365역촌으뜸본재활의학과의원,의원,은평구
JDQ4MTg4MSM1MSMkMiMkOCMkMDAkMzgxOTYxIzUxIyQxIyQ1IyQxMyQyNjEyMjIjNTEjJDEjJDIjJDgz,6,신경외과,0,0,365역촌으뜸본재활의학과의원,의원,은평구
JDQ4MTg4MSM1MSMkMiMkOCMkMDAkMzgxOTYxIzUxIyQxIyQ1IyQxMyQyNjEyMjIjNTEjJDEjJDIjJDgz,9,마취통증의학과,0,0,365역촌으뜸본재활의학과의원,의원,은평구
JDQ4MTg4MSM1MSMkMiMkOCMkMDAkMzgxOTYxIzUxIyQxIyQ1IyQxMyQyNjEyMjIjNTEjJDEjJDIjJDgz,21,재활의학과,1,0,365역촌으뜸본재활의학과의원,의원,은평구
JDQ4MTg4MSM1MSMkMiMkNCMkMDAkMzgxNzAyIzIxIyQxIyQ1IyQ2MiQ0NjE0ODEjNjEjJDEjJDAjJDgz,1,내과,0,0,365연세의원,의원,성동구
JDQ4MTg4MSM1MSMkMiMkNCMkMDAkMzgxNzAyIzIxIyQxIyQ1IyQ2MiQ0NjE0ODEjNjEjJDEjJDAjJDgz,2,신경과,0,0,365연세의원,의원,성동구
JDQ4MTg4MSM1MSMkMiMkNCMkMDAkMzgxNzAyIzIxIyQxIyQ1IyQ2MiQ0NjE0ODEjNjEjJDEjJDAjJDgz,3,정신건강의학과,0,0,365연세의원,의원,성동구
JDQ4MTg4MSM1MSMkMiMkNCMkMDAkMzgxNzAyIzIxIyQxIyQ1IyQ2MiQ0NjE0ODEjNjEjJDEjJDAjJDgz,5,정형외과,0,0,365연세의원,의원,성동구
JDQ4MTg4MSM1MSMkMiMkNCMkMDAkMzgxNzAyIzIxIyQxIyQ1IyQ2MiQ0NjE0ODEjNjEjJDEjJDAjJDgz,9,마취통증의학과,0,0,365연세의원,의원,성동구
JDQ4MTg4MSM1MSMkMiMkNCMkMDAkMzgxNzAyIzIxIyQxIyQ1IyQ2MiQ0NjE0ODEjNjEjJDEjJDAjJDgz,10,산부인과,0,0,365연세의원,의원,성동구
JDQ4MTg4MSM1MSMkMiMkNCMkMDAkMzgxNzAyIzIxIyQxIyQ1IyQ2MiQ0NjE0ODEjNjEjJDEjJDAjJDgz,11,소아청소년과,0,0,365연세의원,의원,성동구
JDQ4MTg4MSM1MSMkMiMkNCMkMDAkMzgxNzAyIzIxIyQxIyQ1IyQ2MiQ0NjE0ODEjNjEjJDEjJDAjJDgz,12,안과,0,0,365연세의원,의원,성동구
JDQ4MTg4MSM1MSMkMiMkNCMkMDAkMzgxNzAyIzIxIyQxIyQ1IyQ2MiQ0NjE0ODEjNjEjJDEjJDAjJDgz,13,이비인후과,0,0,365연세의원,의원,성동구
JDQ4MTg4MSM1MSMkMiMkNCMkMDAkMzgxNzAyIzIxIyQxIyQ1IyQ2MiQ0NjE0ODEjNjEjJDEjJDAjJDgz,14,피부과,0,0,365연세의원,의원,성동구
JDQ4MTg4MSM1MSMkMiMkNCMkMDAkMzgxNzAyIzIxIyQxIyQ1IyQ2MiQ0NjE0ODEjNjEjJDEjJDAjJDgz,15,비뇨의학과,0,0,365연세의원,의원,성동구
JDQ4MTg4MSM1MSMkMiMkNCMkMDAkMzgxNzAyIzIxIyQxIyQ1IyQ2MiQ0NjE0ODEjNjEjJDEjJDAjJDgz,23,가정의학과,1,0,365연세의원,의원,성동구
JDQ4MTg4MSM1MSMkMiMkNCMkMDAkNDgxNzAyIzIxIyQxIyQxIyQ4OSQzNjEwMDIjNTEjJDEjJDYjJDgz,1,내과,0,0,365열린가정의학과의원,의원,강남구
JDQ4MTg4MSM1MSMkMiMkNCMkMDAkNDgxNzAyIzIxIyQxIyQxIyQ4OSQzNjEwMDIjNTEjJDEjJDYjJDgz,2,신경과,0,0,365열린가정의학과의원,의원,강남구
JDQ4MTg4MSM1MSMkMiMkNCMkMDAkNDgxNzAyIzIxIyQxIyQxIyQ4OSQzNjEwMDIjNTEjJDEjJDYjJDgz,3,정신건강의학과,0,0,365열린가정의학과의원,의원,강남구
JDQ4MTg4MSM1MSMkMiMkNCMkMDAkNDgxNzAyIzIxIyQxIyQxIyQ4OSQzNjEwMDIjNTEjJDEjJDYjJDgz,4,외과,0,0,365열린가정의학과의원,의원,강남구
JDQ4MTg4MSM1MSMkMiMkNCMkMDAkNDgxNzAyIzIxIyQxIyQxIyQ4OSQzNjEwMDIjNTEjJDEjJDYjJDgz,5,정형외과,0,0,365열린가정의학과의원,의원,강남구
JDQ4MTg4MSM1MSMkMiMkNCMkMDAkNDgxNzAyIzIxIyQxIyQxIyQ4OSQzNjEwMDIjNTEjJDEjJDYjJDgz,6,신경외과,0,0,365열린가정의학과의원,의원,강남구
JDQ4MTg4MSM1MSMkMiMkNCMkMDAkNDgxNzAyIzIxIyQxIyQxIyQ4OSQzNjEwMDIjNTEjJDEjJDYjJDgz,7,심장혈관흉부외과,0,0,365열린가정의학과의원,의원,강남구
JDQ4MTg4MSM1MSMkMiMkNCMkMDAkNDgxNzAyIzIxIyQxIyQxIyQ4OSQzNjEwMDIjNTEjJDEjJDYjJDgz,8,성형외과,0,0,365열린가정의학과의원,의원,강남구
JDQ4MTg4MSM1MSMkMiMkNCMkMDAkNDgxNzAyIzIxIyQxIyQxIyQ4OSQzNjEwMDIjNTEjJDEjJDYjJDgz,9,마취통증의학과,0,0,365열린가정의학과의원,의원,강남구
JDQ4MTg4MSM1MSMkMiMkNCMkMDAkNDgxNzAyIzIxIyQxIyQxIyQ4OSQzNjEwMDIjNTEjJDEjJDYjJDgz,10,산부인과,0,0,365열린가정의학과의원,의원,강남구
JDQ4MTg4MSM1MSMkMiMkNCMkMDAkNDgxNzAyIzIxIyQxIyQxIyQ4OSQzNjEwMDIjNTEjJDEjJDYjJDgz,11,소아청소년과,0,0,365열린가정의학과의원,의원,강남구
JDQ4MTg4MSM1MSMkMiMkNCMkMDAkNDgxNzAyIzIxIyQxIyQxIyQ4OSQzNjEwMDIjNTEjJDEjJDYjJDgz,12,안과,0,0,365열린가정의학과의원,의원,강남구
JDQ4MTg4MSM1MSMkMiMkNCMkMDAkNDgxNzAyIzIxIyQxIyQxIyQ4OSQzNjEwMDIjNTEjJDEjJDYjJDgz,13,이비인후과,0,0,365열린가정의학과의원,의원,강남구
JDQ4MTg4MSM1MSMkMiMkNCMkMDAkNDgxNzAyIzIxIyQxIyQxIyQ4OSQzNjEwMDIjNTEjJDEjJDYjJDgz,14,피부과,0,0,365열린가정의학과의원,의원,강남구
JDQ4MTg4MSM1MSMkMiMkNCMkMDAkNDgxNzAyIzIxIyQxIyQxIyQ4OSQzNjEwMDIjNTEjJDEjJDYjJDgz,15,비뇨의학과,0,0,365열린가정의학과의원,의원,강남구
JDQ4MTg4MSM1MSMkMiMkNCMkMDAkNDgxNzAyIzIxIyQxIyQxIyQ4OSQzNjEwMDIjNTEjJDEjJDYjJDgz,16,영상의학과,0,0,365열린가정의학과의원,의원,강남구
JDQ4MTg4MSM1MSMkMiMkNCMkMDAkNDgxNzAyIzIxIyQxIyQxIyQ4OSQzNjEwMDIjNTEjJDEjJDYjJDgz,19,진단검사의학과,0,0,365열린가정의학과의원,의원,강남구
JDQ4MTg4MSM1MSMkMiMkNCMkMDAkNDgxNzAyIzIxIyQxIyQxIyQ4OSQzNjEwMDIjNTEjJDEjJDYjJDgz,21,재활의학과,0,0,365열린가정의학과의원,의원,강남구
JDQ4MTg4MSM1MSMkMiMkNCMkMDAkNDgxNzAyIzIxIyQxIyQxIyQ4OSQzNjEwMDIjNTEjJDEjJDYjJDgz,23,가정의학과,1,0,365열린가정의학과의원,의원,강남구
JDQ4MTg4MSM1MSMkMiMkNCMkMDAkNDgxMzUxIzMxIyQxIyQ3IyQ5OSQyNjEwMDIjNzEjJDEjJDgjJDgz,1,내과,1,0,365열린내과의원,의원,노원구
JDQ4MTg4MSM1MSMkMiMkNCMkMDAkNDgxMzUxIzMxIyQxIyQ3IyQ5OSQyNjEwMDIjNzEjJDEjJDgjJDgz,2,신경과,0,0,365열린내과의원,의원,노원구
JDQ4MTg4MSM1MSMkMiMkNCMkMDAkNDgxMzUxIzMxIyQxIyQ3IyQ5OSQyNjEwMDIjNzEjJDEjJDgjJDgz,5,정형외과,0,0,365열린내과의원,의원,노원구
JDQ4MTg4MSM1MSMkMiMkNCMkMDAkNDgxMzUxIzMxIyQxIyQ3IyQ5OSQyNjEwMDIjNzEjJDEjJDgjJDgz,11,소아청소년과,0,0,365열린내과의원,의원,노원구
JDQ4MTg4MSM1MSMkMiMkNCMkMDAkNDgxMzUxIzMxIyQxIyQ3IyQ5OSQyNjEwMDIjNzEjJDEjJDgjJDgz,12,안과,0,0,365열린내과의원,의원,노원구
JDQ4MTg4MSM1MSMkMiMkNCMkMDAkNDgxMzUxIzMxIyQxIyQ3IyQ5OSQyNjEwMDIjNzEjJDEjJDgjJDgz,13,이비인후과,0,0,365열린내과의원,의원,노원구
JDQ4MTg4MSM1MSMkMiMkNCMkMDAkNDgxMzUxIzMxIyQxIyQ3IyQ5OSQyNjEwMDIjNzEjJDEjJDgjJDgz,14,피부과,0,0,365열린내과의원,의원,노원구
JDQ4MTg4MSM1MSMkMiMkNCMkMDAkNDgxMzUxIzMxIyQxIyQ3IyQ5OSQyNjEwMDIjNzEjJDEjJDgjJDgz,15,비뇨의학과,0,0,365열린내과의원,의원,노원구
JDQ4MTg4MSM1MSMkMiMkNCMkMDAkNDgxMzUxIzMxIyQxIyQ3IyQ5OSQyNjEwMDIjNzEjJDEjJDgjJDgz,19,진단검사의학과,0,0,365열린내과의원,의원,노원구
JDQ4MTg4MSM1MSMkMiMkNCMkMDAkNDgxMzUxIzMxIyQxIyQ3IyQ5OSQyNjEwMDIjNzEjJDEjJDgjJDgz,23,가정의학과,1,0,365열린내과의원,의원,노원구
JDQ4MTg4MSM1MSMkMiMkMCMkMDAkNTgxOTYxIzIxIyQxIyQ5IyQ5OSQyNjE4MzIjNjEjJDEjJDAjJDgz,1,내과,0,0,365열린의원,의원,강동구
JDQ4MTg4MSM1MSMkMiMkMCMkMDAkNTgxOTYxIzIxIyQxIyQ5IyQ5OSQyNjE4MzIjNjEjJDEjJDAjJDgz,4,외과,1,0,365열린의원,의원,강동구
JDQ4MTg4MSM1MSMkMiMkMCMkMDAkNTgxOTYxIzIxIyQxIyQ5IyQ5OSQyNjE4MzIjNjEjJDEjJDAjJDgz,5,정형외과,0,0,365열린의원,의원,강동구
JDQ4MTg4MSM1MSMkMiMkMCMkMDAkNTgxOTYxIzIxIyQxIyQ5IyQ5OSQyNjE4MzIjNjEjJDEjJDAjJDgz,11,소아청소년과,0,0,365열린의원,의원,강동구
JDQ4MTg4MSM1MSMkMiMkMCMkMDAkNTgxOTYxIzIxIyQxIyQ5IyQ5OSQyNjE4MzIjNjEjJDEjJDAjJDgz,13,이비인후과,0,0,365열린의원,의원,강동구
JDQ4MTg4MSM1MSMkMiMkMCMkMDAkNTgxOTYxIzIxIyQxIyQ5IyQ5OSQyNjE4MzIjNjEjJDEjJDAjJDgz,14,피부과,0,0,365열린의원,의원,강동구
JDQ4MTg4MSM1MSMkMiMkMCMkMDAkNTgxOTYxIzIxIyQxIyQ5IyQ5OSQyNjE4MzIjNjEjJDEjJDAjJDgz,15,비뇨의학과,0,0,365열린의원,의원,강동구
JDQ4MTg4MSM1MSMkMiMkOCMkMDAkMzgxMTkxIzIxIyQxIyQ5IyQ3OSQyNjE4MzIjODEjJDEjJDYjJDgz,1,내과,0,0,365오목교성모마취통증의학과의원,의원,양천구
JDQ4MTg4MSM1MSMkMiMkOCMkMDAkMzgxMTkxIzIxIyQxIyQ5IyQ3OSQyNjE4MzIjODEjJDEjJDYjJDgz,5,정형외과,0,0,365오목교성모마취통증의학과의원,의원,양천구
JDQ4MTg4MSM1MSMkMiMkOCMkMDAkMzgxMTkxIzIxIyQxIyQ5IyQ3OSQyNjE4MzIjODEjJDEjJDYjJDgz,6,신경외과,0,0,365오목교성모마취통증의학과의원,의원,양천구
JDQ4MTg4MSM1MSMkMiMkOCMkMDAkMzgxMTkxIzIxIyQxIyQ5IyQ3OSQyNjE4MzIjODEjJDEjJDYjJDgz,9,마취통증의학과,1,0,365오목교성모마취통증의학과의원,의원,양천구
JDQ4MTg4MSM1MSMkMiMkOCMkMDAkMzgxMTkxIzIxIyQxIyQ5IyQ3OSQyNjE4MzIjODEjJDEjJDYjJDgz,21,재활의학과,0,0,365오목교성모마취통증의학과의원,의원,양천구
JDQ4MTg4MSM1MSMkMiMkOCMkMDAkMzgxOTYxIzExIyQxIyQzIyQ3OSQ0NjEwMDIjNzEjJDEjJDgjJDgz,1,내과,0,0,365온(ON)가정의원,의원,중구
JDQ4MTg4MSM1MSMkMiMkOCMkMDAkMzgxOTYxIzExIyQxIyQzIyQ3OSQ0NjEwMDIjNzEjJDEjJDgjJDgz,4,외과,0,0,365온(ON)가정의원,의원,중구
JDQ4MTg4MSM1MSMkMiMkOCMkMDAkMzgxOTYxIzExIyQxIyQzIyQ3OSQ0NjEwMDIjNzEjJDEjJDgjJDgz,5,정형외과,0,0,365온(ON)가정의원,의원,중구
JDQ4MTg4MSM1MSMkMiMkOCMkMDAkMzgxOTYxIzExIyQxIyQzIyQ3OSQ0NjEwMDIjNzEjJDEjJDgjJDgz,11,소아청소년과,0,0,365온(ON)가정의원,의원,중구
JDQ4MTg4MSM1MSMkMiMkOCMkMDAkMzgxOTYxIzExIyQxIyQzIyQ3OSQ0NjEwMDIjNzEjJDEjJDgjJDgz,13,이비인후과,0,0,365온(ON)가정의원,의원,중구
JDQ4MTg4MSM1MSMkMiMkOCMkMDAkMzgxOTYxIzExIyQxIyQzIyQ3OSQ0NjEwMDIjNzEjJDEjJDgjJDgz,14,피부과,0,0,365온(ON)가정의원,의원,중구
JDQ4MTg4MSM1MSMkMiMkOCMkMDAkMzgxOTYxIzExIyQxIyQzIyQ3OSQ0NjEwMDIjNzEjJDEjJDgjJDgz,15,비뇨의학과,0,0,365온(ON)가정의원,의원,중구
JDQ4MTg4MSM1MSMkMiMkOCMkMDAkMzgxOTYxIzExIyQxIyQzIyQ3OSQ0NjEwMDIjNzEjJDEjJDgjJDgz,23,가정의학과,0,0,365온(ON)가정의원,의원,중구
JDQ4MTg4MSM1MSMkMiMkOCMkMDAkMzgxMTkxIzQxIyQxIyQ3IyQ4OSQ0NjEwMDIjNjEjJDEjJDAjJDgz,1,내과,0,0,365웰의원,의원,강서구
JDQ4MTg4MSM1MSMkMiMkOCMkMDAkMzgxMTkxIzQxIyQxIyQ3IyQ4OSQ0NjEwMDIjNjEjJDEjJDAjJDgz,2,신경과,0,0,365웰의원,의원,강서구
JDQ4MTg4MSM1MSMkMiMkOCMkMDAkMzgxMTkxIzQxIyQxIyQ3IyQ4OSQ0NjEwMDIjNjEjJDEjJDAjJDgz,4,외과,0,0,365웰의원,의원,강서구
JDQ4MTg4MSM1MSMkMiMkOCMkMDAkMzgxMTkxIzQxIyQxIyQ3IyQ4OSQ0NjEwMDIjNjEjJDEjJDAjJDgz,5,정형외과,0,0,365웰의원,의원,강서구
JDQ4MTg4MSM1MSMkMiMkOCMkMDAkMzgxMTkxIzQxIyQxIyQ3IyQ4OSQ0NjEwMDIjNjEjJDEjJDAjJDgz,6,신경외과,0,0,365웰의원,의원,강서구
JDQ4MTg4MSM1MSMkMiMkOCMkMDAkMzgxMTkxIzQxIyQxIyQ3IyQ4OSQ0NjEwMDIjNjEjJDEjJDAjJDgz,9,마취통증의학과,0,0,365웰의원,의원,강서구
JDQ4MTg4MSM1MSMkMiMkOCMkMDAkMzgxMTkxIzQxIyQxIyQ3IyQ4OSQ0NjEwMDIjNjEjJDEjJDAjJDgz,11,소아청소년과,0,0,365웰의원,의원,강서구
JDQ4MTg4MSM1MSMkMiMkOCMkMDAkMzgxMTkxIzQxIyQxIyQ3IyQ4OSQ0NjEwMDIjNjEjJDEjJDAjJDgz,14,피부과,0,0,365웰의원,의원,강서구
JDQ4MTg4MSM1MSMkMiMkOCMkMDAkMzgxMTkxIzQxIyQxIyQ3IyQ4OSQ0NjEwMDIjNjEjJDEjJDAjJDgz,16,영상의학과,0,0,365웰의원,의원,강서구
JDQ4MTg4MSM1MSMkMiMkOCMkMDAkMzgxMTkxIzQxIyQxIyQ3IyQ4OSQ0NjEwMDIjNjEjJDEjJDAjJDgz,21,재활의학과,0,0,365웰의원,의원,강서구
JDQ4MTg4MSM1MSMkMiMkOCMkMDAkMzgxMTkxIzQxIyQxIyQ3IyQ4OSQ0NjEwMDIjNjEjJDEjJDAjJDgz,23,가정의학과,0,0,365웰의원,의원,강서구
JDQ4MTg4MSM1MSMkMiMkOCMkMDAkMzgxMTkxIzQxIyQxIyQ3IyQ4OSQ0NjEwMDIjNjEjJDEjJDAjJDgz,24,응급의학과,0,0,365웰의원,의원,강서구
JDQ4MTg4MSM1MSMkMiMkOCMkMDAkMzgxOTYxIzUxIyQxIyQ1IyQ5MiQzNjE4MzIjODEjJDEjJDYjJDgz,5,정형외과,1,0,365웰정형외과의원,의원,강동구
JDQ4MTg4MSM1MSMkMiMkOCMkMDAkMzgxOTYxIzUxIyQxIyQ1IyQ5MiQzNjE4MzIjODEjJDEjJDYjJDgz,6,신경외과,0,0,365웰정형외과의원,의원,강동구
JDQ4MTg4MSM1MSMkMiMkOCMkMDAkMzgxOTYxIzUxIyQxIyQ1IyQ5MiQzNjE4MzIjODEjJDEjJDYjJDgz,21,재활의학과,0,0,365웰정형외과의원,의원,강동구
JDQ4MTg4MSM1MSMkMiMkOCMkMDAkMzgxMzUxIzMxIyQxIyQ3IyQxMyQ0NjEwMDIjNjEjJDEjJDQjJDgz,5,정형외과,1,0,365웰정형외과재활의학과의원,의원,송파구
JDQ4MTg4MSM1MSMkMiMkOCMkMDAkMzgxMzUxIzMxIyQxIyQ3IyQxMyQ0NjEwMDIjNjEjJDEjJDQjJDgz,6,신경외과,0,0,365웰정형외과재활의학과의원,의원,송파구
JDQ4MTg4MSM1MSMkMiMkOCMkMDAkMzgxMzUxIzMxIyQxIyQ3IyQxMyQ0NjEwMDIjNjEjJDEjJDQjJDgz,9,마취통증의학과,0,0,365웰정형외과재활의학과의원,의원,송파구
JDQ4MTg4MSM1MSMkMiMkOCMkMDAkMzgxMzUxIzMxIyQxIyQ3IyQxMyQ0NjEwMDIjNjEjJDEjJDQjJDgz,11,소아청소년과,0,0,365웰정형외과재활의학과의원,의원,송파구
JDQ4MTg4MSM1MSMkMiMkOCMkMDAkMzgxMzUxIzMxIyQxIyQ3IyQxMyQ0NjEwMDIjNjEjJDEjJDQjJDgz,16,영상의학과,0,0,365웰정형외과재활의학과의원,의원,송파구
JDQ4MTg4MSM1MSMkMiMkOCMkMDAkMzgxMzUxIzMxIyQxIyQ3IyQxMyQ0NjEwMDIjNjEjJDEjJDQjJDgz,21,재활의학과,2,0,365웰정형외과재활의학과의원,의원,송파구
JDQ4MTg4MSM1MSMkMiMkOCMkMDAkMzgxMzUxIzMxIyQxIyQ3IyQxMyQ0NjEwMDIjNjEjJDEjJDQjJDgz,23,가정의학과,0,0,365웰정형외과재활의학과의원,의원,송파구
JDQ4MTg4MSM1MSMkMiMkMCMkMDAkNDgxOTYxIzUxIyQxIyQ1IyQxMyQyNjE4MzIjNjEjJDEjJDQjJDgz,1,내과,0,0,365이화웃는세상의원,의원,은평구
JDQ4MTg4MSM1MSMkMiMkMCMkMDAkNDgxOTYxIzUxIyQxIyQ1IyQxMyQyNjE4MzIjNjEjJDEjJDQjJDgz,5,정형외과,0,0,365이화웃는세상의원,의원,은평구
JDQ4MTg4MSM1MSMkMiMkMCMkMDAkNDgxOTYxIzUxIyQxIyQ1IyQxMyQyNjE4MzIjNjEjJDEjJDQjJDgz,9,마취통증의학과,0,0,365이화웃는세상의원,의원,은평구
JDQ4MTg4MSM1MSMkMiMkMCMkMDAkNDgxOTYxIzUxIyQxIyQ1IyQxMyQyNjE4MzIjNjEjJDEjJDQjJDgz,11,소아청소년과,1,0,365이화웃는세상의원,의원,은평구
JDQ4MTg4MSM1MSMkMiMkMCMkMDAkNDgxOTYxIzUxIyQxIyQ1IyQxMyQyNjE4MzIjNjEjJDEjJDQjJDgz,13,이비인후과,0,0,365이화웃는세상의원,의원,은평구
JDQ4MTg4MSM1MSMkMiMkMCMkMDAkNDgxOTYxIzUxIyQxIyQ1IyQxMyQyNjE4MzIjNjEjJDEjJDQjJDgz,14,피부과,0,0,365이화웃는세상의원,의원,은평구
JDQ4MTg4MSM1MSMkMiMkMCMkMDAkNDgxOTYxIzUxIyQxIyQ1IyQxMyQyNjE4MzIjNjEjJDEjJDQjJDgz,21,재활의학과,0,0,365이화웃는세상의원,의원,은평구
JDQ4MTg4MSM1MSMkMiMkMCMkMDAkNDgxOTYxIzUxIyQxIyQ1IyQxMyQyNjE4MzIjNjEjJDEjJDQjJDgz,23,가정의학과,0,0,365이화웃는세상의원,의원,은평구
JDQ4MTg4MSM1MSMkMiMkOCMkMDAkMzgxMTkxIzUxIyQxIyQxIyQ2MiQzNjEyMjIjODEjJDEjJDIjJDgz,5,정형외과,1,0,365정릉탑정형외과의원,의원,성북구
JDQ4MTg4MSM1MSMkMiMkOCMkMDAkMzgxMTkxIzUxIyQxIyQxIyQ2MiQzNjEyMjIjODEjJDEjJDIjJDgz,6,신경외과,0,0,365정릉탑정형외과의원,의원,성북구
JDQ4MTg4MSM1MSMkMiMkOCMkMDAkMzgxMTkxIzUxIyQxIyQxIyQ2MiQzNjEyMjIjODEjJDEjJDIjJDgz,9,마취통증의학과,0,0,365정릉탑정형외과의원,의원,성북구
JDQ4MTg4MSM1MSMkMiMkOCMkMDAkMzgxMTkxIzUxIyQxIyQxIyQ2MiQzNjEyMjIjODEjJDEjJDIjJDgz,21,재활의학과,0,0,365정릉탑정형외과의원,의원,성북구
JDQ4MTg4MSM1MSMkMiMkNCMkMDAkMzgxNzAyIzMxIyQxIyQzIyQ5OSQzNjEwMDIjODEjJDEjJDIjJDgz,1,내과,0,0,365코이의원,의원,강남구
JDQ4MTg4MSM1MSMkMiMkNCMkMDAkMzgxNzAyIzMxIyQxIyQzIyQ5OSQzNjEwMDIjODEjJDEjJDIjJDgz,8,성형외과,0,0,365코이의원,의원,강남구
JDQ4MTg4MSM1MSMkMiMkNCMkMDAkMzgxNzAyIzMxIyQxIyQzIyQ5OSQzNjEwMDIjODEjJDEjJDIjJDgz,13,이비인후과,1,0,365코이의원,의원,강남구
JDQ4MTg4MSM1MSMkMiMkNCMkMDAkMzgxNzAyIzMxIyQxIyQzIyQ5OSQzNjEwMDIjODEjJDEjJDIjJDgz,14,피부과,0,0,365코이의원,의원,강남구
JDQ4MTg4MSM1MSMkMiMkNCMkMDAkMzgxNzAyIzMxIyQxIyQzIyQ5OSQzNjEwMDIjODEjJDEjJDIjJDgz,23,가정의학과,0,0,365코이의원,의원,강남구
JDQ4MTg4MSM1MSMkMiMkNCMkMDAkNDgxNzAyIzExIyQxIyQzIyQwMyQyNjE4MzIjNjEjJDEjJDQjJDgz,1,내과,0,0,365한국신통의원,의원,광진구
JDQ4MTg4MSM1MSMkMiMkNCMkMDAkNDgxNzAyIzExIyQxIyQzIyQwMyQyNjE4MzIjNjEjJDEjJDQjJDgz,2,신경과,0,0,365한국신통의원,의원,광진구
JDQ4MTg4MSM1MSMkMiMkNCMkMDAkNDgxNzAyIzExIyQxIyQzIyQwMyQyNjE4MzIjNjEjJDEjJDQjJDgz,4,외과,0,0,365한국신통의원,의원,광진구
JDQ4MTg4MSM1MSMkMiMkNCMkMDAkNDgxNzAyIzExIyQxIyQzIyQwMyQyNjE4MzIjNjEjJDEjJDQjJDgz,5,정형외과,0,0,365한국신통의원,의원,광진구
JDQ4MTg4MSM1MSMkMiMkNCMkMDAkNDgxNzAyIzExIyQxIyQzIyQwMyQyNjE4MzIjNjEjJDEjJDQjJDgz,7,심장혈관흉부외과,0,0,365한국신통의원,의원,광진구
JDQ4MTg4MSM1MSMkMiMkNCMkMDAkNDgxNzAyIzExIyQxIyQzIyQwMyQyNjE4MzIjNjEjJDEjJDQjJDgz,8,성형외과,0,0,365한국신통의원,의원,광진구
JDQ4MTg4MSM1MSMkMiMkNCMkMDAkNDgxNzAyIzExIyQxIyQzIyQwMyQyNjE4MzIjNjEjJDEjJDQjJDgz,9,마취통증의학과,0,0,365한국신통의원,의원,광진구
JDQ4MTg4MSM1MSMkMiMkNCMkMDAkNDgxNzAyIzExIyQxIyQzIyQwMyQyNjE4MzIjNjEjJDEjJDQjJDgz,11,소아청소년과,0,0,365한국신통의원,의원,광진구
JDQ4MTg4MSM1MSMkMiMkNCMkMDAkNDgxNzAyIzExIyQxIyQzIyQwMyQyNjE4MzIjNjEjJDEjJDQjJDgz,12,안과,0,0,365한국신통의원,의원,광진구
JDQ4MTg4MSM1MSMkMiMkNCMkMDAkNDgxNzAyIzExIyQxIyQzIyQwMyQyNjE4MzIjNjEjJDEjJDQjJDgz,13,이비인후과,0,0,365한국신통의원,의원,광진구
JDQ4MTg4MSM1MSMkMiMkNCMkMDAkNDgxNzAyIzExIyQxIyQzIyQwMyQyNjE4MzIjNjEjJDEjJDQjJDgz,14,피부과,0,0,365한국신통의원,의원,광진구
JDQ4MTg4MSM1MSMkMiMkNCMkMDAkNDgxNzAyIzExIyQxIyQzIyQwMyQyNjE4MzIjNjEjJDEjJDQjJDgz,15,비뇨의학과,0,0,365한국신통의원,의원,광진구
JDQ4MTg4MSM1MSMkMiMkNCMkMDAkNDgxNzAyIzExIyQxIyQzIyQwMyQyNjE4MzIjNjEjJDEjJDQjJDgz,16,영상의학과,0,0,365한국신통의원,의원,광진구
JDQ4MTg4MSM1MSMkMiMkNCMkMDAkNDgxNzAyIzExIyQxIyQzIyQwMyQyNjE4MzIjNjEjJDEjJDQjJDgz,17,방사선종양학과,0,0,365한국신통의원,의원,광진구
JDQ4MTg4MSM1MSMkMiMkNCMkMDAkNDgxNzAyIzExIyQxIyQzIyQwMyQyNjE4MzIjNjEjJDEjJDQjJDgz,18,병리과,0,0,365한국신통의원,의원,광진구
JDQ4MTg4MSM1MSMkMiMkNCMkMDAkNDgxNzAyIzExIyQxIyQzIyQwMyQyNjE4MzIjNjEjJDEjJDQjJDgz,19,진단검사의학과,0,0,365한국신통의원,의원,광진구
JDQ4MTg4MSM1MSMkMiMkNCMkMDAkNDgxNzAyIzExIyQxIyQzIyQwMyQyNjE4MzIjNjEjJDEjJDQjJDgz,21,재활의학과,0,0,365한국신통의원,의원,광진구
JDQ4MTg4MSM1MSMkMiMkNCMkMDAkNDgxNzAyIzExIyQxIyQzIyQwMyQyNjE4MzIjNjEjJDEjJDQjJDgz,22,핵의학과,0,0,365한국신통의원,의원,광진구
JDQ4MTg4MSM1MSMkMiMkNCMkMDAkNDgxNzAyIzExIyQxIyQzIyQwMyQyNjE4MzIjNjEjJDEjJDQjJDgz,23,가정의학과,0,0,365한국신통의원,의원,광진구
JDQ4MTg4MSM1MSMkMiMkNCMkMDAkNDgxNzAyIzExIyQxIyQzIyQwMyQyNjE4MzIjNjEjJDEjJDQjJDgz,24,응급의학과,0,0,365한국신통의원,의원,광진구
JDQ4MTg4MSM1MSMkMiMkNCMkMDAkNDgxNzAyIzExIyQxIyQzIyQwMyQyNjE4MzIjNjEjJDEjJDQjJDgz,26,예방의학과,0,0,365한국신통의원,의원,광진구
JDQ4MTg4MSM1MSMkMiMkNCMkMDAkNDgxNzAyIzExIyQxIyQ3IyQ5OSQyNjEyMjIjNDEjJDEjJDQjJDgz,1,내과,0,0,365항외과의원,의원,강북구
JDQ4MTg4MSM1MSMkMiMkNCMkMDAkNDgxNzAyIzExIyQxIyQ3IyQ5OSQyNjEyMjIjNDEjJDEjJDQjJDgz,4,외과,2,0,365항외과의원,의원,강북구
JDQ4MTg4MSM1MSMkMiMkNCMkMDAkNDgxNzAyIzExIyQxIyQ3IyQ5OSQyNjEyMjIjNDEjJDEjJDQjJDgz,5,정형외과,0,0,365항외과의원,의원,강북구
JDQ4MTg4MSM1MSMkMiMkNCMkMDAkNDgxNzAyIzExIyQxIyQ3IyQ5OSQyNjEyMjIjNDEjJDEjJDQjJDgz,10,산부인과,0,0,365항외과의원,의원,강북구
JDQ4MTg4MSM1MSMkMiMkNCMkMDAkNDgxNzAyIzExIyQxIyQ3IyQ5OSQyNjEyMjIjNDEjJDEjJDQjJDgz,11,소아청소년과,0,0,365항외과의원,의원,강북구
JDQ4MTg4MSM1MSMkMiMkNCMkMDAkNDgxNzAyIzExIyQxIyQ3IyQ5OSQyNjEyMjIjNDEjJDEjJDQjJDgz,13,이비인후과,0,0,365항외과의원,의원,강북구
JDQ4MTg4MSM1MSMkMiMkNCMkMDAkNDgxNzAyIzExIyQxIyQ3IyQ5OSQyNjEyMjIjNDEjJDEjJDQjJDgz,14,피부과,0,0,365항외과의원,의원,강북구
JDQ4MTg4MSM1MSMkMiMkNCMkMDAkNDgxNzAyIzExIyQxIyQ3IyQ5OSQyNjEyMjIjNDEjJDEjJDQjJDgz,15,비뇨의학과,0,0,365항외과의원,의원,강북구
JDQ4MTg4MSM1MSMkMiMkNCMkMDAkNDgxNzAyIzExIyQxIyQ3IyQ5OSQyNjEyMjIjNDEjJDEjJDQjJDgz,23,가정의학과,0,0,365항외과의원,의원,강북구
JDQ4MTg4MSM1MSMkMiMkOCMkMDAkMzgxMTkxIzMxIyQxIyQ3IyQ3MiQyNjE4MzIjODEjJDEjJDIjJDgz,1,내과,0,0,365홍제바른정형외과의원,의원,서대문구
JDQ4MTg4MSM1MSMkMiMkOCMkMDAkMzgxMTkxIzMxIyQxIyQ3IyQ3MiQyNjE4MzIjODEjJDEjJDIjJDgz,5,정형외과,1,0,365홍제바른정형외과의원,의원,서대문구
JDQ4MTg4MSM1MSMkMiMkOCMkMDAkMzgxMTkxIzMxIyQxIyQ3IyQ3MiQyNjE4MzIjODEjJDEjJDIjJDgz,6,신경외과,0,0,365홍제바른정형외과의원,의원,서대문구
JDQ4MTg4MSM1MSMkMiMkOCMkMDAkMzgxMTkxIzMxIyQxIyQ3IyQ3MiQyNjE4MzIjODEjJDEjJDIjJDgz,9,마취통증의학과,1,0,365홍제바른정형외과의원,의원,서대문구
JDQ4MTg4MSM1MSMkMiMkOCMkMDAkMzgxMTkxIzMxIyQxIyQ3IyQ3MiQyNjE4MzIjODEjJDEjJDIjJDgz,21,재활의학과,0,0,365홍제바른정형외과의원,의원,서대문구
JDQ4MTg4MSM1MSMkMiMkOCMkMDAkMzgxMTkxIzExIyQxIyQ3IyQ4OSQyNjE0ODEjNTEjJDEjJDIjJDgz,1,내과,0,0,365휘경사랑의원,의원,동대문구
JDQ4MTg4MSM1MSMkMiMkOCMkMDAkMzgxMTkxIzExIyQxIyQ3IyQ4OSQyNjE0ODEjNTEjJDEjJDIjJDgz,2,신경과,0,0,365휘경사랑의원,의원,동대문구
JDQ4MTg4MSM1MSMkMiMkOCMkMDAkMzgxMTkxIzExIyQxIyQ3IyQ4OSQyNjE0ODEjNTEjJDEjJDIjJDgz,3,정신건강의학과,0,0,365휘경사랑의원,의원,동대문구
JDQ4MTg4MSM1MSMkMiMkOCMkMDAkMzgxMTkxIzExIyQxIyQ3IyQ4OSQyNjE0ODEjNTEjJDEjJDIjJDgz,4,외과,0,0,365휘경사랑의원,의원,동대문구
JDQ4MTg4MSM1MSMkMiMkOCMkMDAkMzgxMTkxIzExIyQxIyQ3IyQ4OSQyNjE0ODEjNTEjJDEjJDIjJDgz,5,정형외과,0,0,365휘경사랑의원,의원,동대문구
JDQ4MTg4MSM1MSMkMiMkOCMkMDAkMzgxMTkxIzExIyQxIyQ3IyQ4OSQyNjE0ODEjNTEjJDEjJDIjJDgz,6,신경외과,0,0,365휘경사랑의원,의원,동대문구
JDQ4MTg4MSM1MSMkMiMkOCMkMDAkMzgxMTkxIzExIyQxIyQ3IyQ4OSQyNjE0ODEjNTEjJDEjJDIjJDgz,10,산부인과,0,0,365휘경사랑의원,의원,동대문구
JDQ4MTg4MSM1MSMkMiMkOCMkMDAkMzgxMTkxIzExIyQxIyQ3IyQ4OSQyNjE0ODEjNTEjJDEjJDIjJDgz,11,소아청소년과,0,0,365휘경사랑의원,의원,동대문구
JDQ4MTg4MSM1MSMkMiMkOCMkMDAkMzgxMTkxIzExIyQxIyQ3IyQ4OSQyNjE0ODEjNTEjJDEjJDIjJDgz,12,안과,0,0,365휘경사랑의원,의원,동대문구
JDQ4MTg4MSM1MSMkMiMkOCMkMDAkMzgxMTkxIzExIyQxIyQ3IyQ4OSQyNjE0ODEjNTEjJDEjJDIjJDgz,13,이비인후과,0,0,365휘경사랑의원,의원,동대문구
JDQ4MTg4MSM1MSMkMiMkOCMkMDAkMzgxMTkxIzExIyQxIyQ3IyQ4OSQyNjE0ODEjNTEjJDEjJDIjJDgz,14,피부과,0,0,365휘경사랑의원,의원,동대문구
JDQ4MTg4MSM1MSMkMiMkOCMkMDAkMzgxMTkxIzExIyQxIyQ3IyQ4OSQyNjE0ODEjNTEjJDEjJDIjJDgz,15,비뇨의학과,0,0,365휘경사랑의원,의원,동대문구
JDQ4MTg4MSM1MSMkMiMkOCMkMDAkMzgxMTkxIzExIyQxIyQ3IyQ4OSQyNjE0ODEjNTEjJDEjJDIjJDgz,23,가정의학과,1,0,365휘경사랑의원,의원,동대문구
JDQ4MTg4MSM1MSMkMiMkNCMkMDAkNTgxMzUxIzExIyQxIyQ3IyQ3OSQzNjE4MzIjNDEjJDEjJDgjJDgz,1,내과,0,0,365힐링의원,의원,강동구
JDQ4MTg4MSM1MSMkMiMkNCMkMDAkNTgxMzUxIzExIyQxIyQ3IyQ3OSQzNjE4MzIjNDEjJDEjJDgjJDgz,5,정형외과,0,0,365힐링의원,의원,강동구
JDQ4MTg4MSM1MSMkMiMkNCMkMDAkNTgxMzUxIzExIyQxIyQ3IyQ3OSQzNjE4MzIjNDEjJDEjJDgjJDgz,9,마취통증의학과,0,0,365힐링의원,의원,강동구
JDQ4MTg4MSM1MSMkMiMkNCMkMDAkNTgxMzUxIzExIyQxIyQ3IyQ3OSQzNjE4MzIjNDEjJDEjJDgjJDgz,11,소아청소년과,1,0,365힐링의원,의원,강동구
JDQ4MTg4MSM1MSMkMiMkNCMkMDAkNTgxMzUxIzExIyQxIyQ3IyQ3OSQzNjE4MzIjNDEjJDEjJDgjJDgz,13,이비인후과,0,0,365힐링의원,의원,강동구
JDQ4MTg4MSM1MSMkMiMkNCMkMDAkNTgxMzUxIzExIyQxIyQ3IyQ3OSQzNjE4MzIjNDEjJDEjJDgjJDgz,14,피부과,0,0,365힐링의원,의원,강동구
JDQ4MTg4MSM1MSMkMiMkNCMkMDAkNTgxMzUxIzExIyQxIyQ3IyQ3OSQzNjE4MzIjNDEjJDEjJDgjJDgz,23,가정의학과,0,0,365힐링의원,의원,강동구
JDQ4MTg4MSM1MSMkMiMkNCMkMDAkNTgxOTYxIzUxIyQxIyQ1IyQwMyQyNjEwMDIjNzEjJDEjJDgjJDgz,3,정신건강의학과,3,0,41연세빛정신건강의학과의원,의원,양천구
JDQ4MTg4MSM1MSMkMiMkNCMkMDAkNTgxMzUxIzUxIyQxIyQ1IyQxMyQyNjEwMDIjODEjJDEjJDYjJDgz,2,신경과,0,0,41타워 마디튼튼의원,의원,양천구
JDQ4MTg4MSM1MSMkMiMkNCMkMDAkNTgxMzUxIzUxIyQxIyQ1IyQxMyQyNjEwMDIjODEjJDEjJDYjJDgz,5,정형외과,0,0,41타워 마디튼튼의원,의원,양천구
JDQ4MTg4MSM1MSMkMiMkNCMkMDAkNTgxMzUxIzUxIyQxIyQ1IyQxMyQyNjEwMDIjODEjJDEjJDYjJDgz,21,재활의학과,2,0,41타워 마디튼튼의원,의원,양천구
JDQ4MTg4MSM1MSMkMiMkNCMkMDAkNDgxMTkxIzMxIyQxIyQ3IyQ3MiQzNjEwMDIjNTEjJDEjJDIjJDgz,12,안과,2,0,41타워안과의원,의원,양천구
JDQ4MTg4MSM1MSMkMiMkMCMkMDAkNTgxMzUxIzQxIyQxIyQ3IyQ3MiQyNjEwMDIjNTEjJDEjJDYjJDgz,8,성형외과,4,0,4월31일성형외과의원,의원,강남구
JDQ4MTg4MSM1MSMkMiMkNCMkMDAkNTgxMzUxIzIxIyQxIyQ1IyQ5MiQyNjE0ODEjODEjJDEjJDIjJDgz,1,내과,0,0,747의원,의원,강남구
JDQ4MTg4MSM1MSMkMiMkNCMkMDAkNTgxMzUxIzIxIyQxIyQ1IyQ5MiQyNjE0ODEjODEjJDEjJDIjJDgz,14,피부과,0,0,747의원,의원,강남구
JDQ4MTg4MSM1MSMkMiMkNCMkMDAkNTgxMzUxIzIxIyQxIyQ1IyQ5MiQyNjE0ODEjODEjJDEjJDIjJDgz,16,영상의학과,0,0,747의원,의원,강남구
JDQ4MTg4MSM1MSMkMiMkNCMkMDAkNTgxMzUxIzIxIyQxIyQ1IyQ5MiQyNjE0ODEjODEjJDEjJDIjJDgz,23,가정의학과,0,0,747의원,의원,강남구
JDQ4MTg4MSM1MSMkMiMkNCMkMDAkNDgxMTkxIzIxIyQxIyQ1IyQwMyQzNjE4MzIjNDEjJDEjJDgjJDgz,14,피부과,0,0,815의원,의원,강남구
JDQ4MTg4MSM1MSMkMiMkNCMkMDAkNTgxOTYxIzUxIyQxIyQxIyQ3OSQzNjE0ODEjNzEjJDEjJDgjJDgz,5,정형외과,0,0,88신경외과의원,의원,영등포구
JDQ4MTg4MSM1MSMkMiMkNCMkMDAkNTgxOTYxIzUxIyQxIyQxIyQ3OSQzNjE0ODEjNzEjJDEjJDgjJDgz,6,신경외과,1,0,88신경외과의원,의원,영등포구
JDQ4MTg4MSM1MSMkMiMkNCMkMDAkNTgxOTYxIzUxIyQxIyQxIyQ3OSQzNjE0ODEjNzEjJDEjJDgjJDgz,9,마취통증의학과,0,0,88신경외과의원,의원,영등포구
JDQ4MTg4MSM1MSMkMiMkNCMkMDAkNTgxOTYxIzUxIyQxIyQxIyQ3OSQzNjE0ODEjNzEjJDEjJDgjJDgz,21,재활의학과,0,0,88신경외과의원,의원,영등포구
JDQ4MTg4MSM1MSMkMiMkOCMkMDAkMzgxMzUxIzIxIyQxIyQ5IyQ2MiQyNjEyMjIjODEjJDEjJDYjJDgz,1,내과,2,0,88플러스내과산부인과의원,의원,노원구
JDQ4MTg4MSM1MSMkMiMkOCMkMDAkMzgxMzUxIzIxIyQxIyQ5IyQ2MiQyNjEyMjIjODEjJDEjJDYjJDgz,10,산부인과,1,0,88플러스내과산부인과의원,의원,노원구
JDQ4MTg4MSM1MSMkMiMkOCMkMDAkMzgxMzUxIzIxIyQxIyQ5IyQ5OSQyNjEyMjIjNjEjJDEjJDAjJDgz,1,내과,2,0,88플러스내과의원,의원,강서구
JDQ4MTg4MSM1MSMkMiMkOCMkMDAkMzgxMzUxIzExIyQxIyQ3IyQ5OSQyNjE4MzIjNTEjJDEjJDYjJDgz,7,심장혈관흉부외과,1,0,88흉부외과의원,의원,구로구
JDQ4MTg4MSM1MSMkMiMkNCMkMDAkNDgxNzAyIzIxIyQxIyQxIyQ3MiQyNjE0ODEjNDEjJDEjJDgjJDgz,14,피부과,0,0,90일의기적의원,의원,강남구
JDQ4MTg4MSM1MSMkMiMkNCMkMDAkNDgxNzAyIzIxIyQxIyQxIyQ3MiQyNjE0ODEjNDEjJDEjJDgjJDgz,23,가정의학과,0,0,90일의기적의원,의원,강남구
JDQ4MTg4MSM1MSMkMiMkMCMkMDAkNTgxMzUxIzExIyQxIyQ3IyQ4MiQzNjEyMjIjNTEjJDEjJDYjJDgz,1,내과,0,0,BJ 라임의원,의원,관악구
JDQ4MTg4MSM1MSMkMiMkMCMkMDAkNTgxMzUxIzExIyQxIyQ3IyQ4MiQzNjEyMjIjNTEjJDEjJDYjJDgz,5,정형외과,0,0,BJ 라임의원,의원,관악구
JDQ4MTg4MSM1MSMkMiMkMCMkMDAkNTgxMzUxIzExIyQxIyQ3IyQ4MiQzNjEyMjIjNTEjJDEjJDYjJDgz,8,성형외과,0,0,BJ 라임의원,의원,관악구
JDQ4MTg4MSM1MSMkMiMkMCMkMDAkNTgxMzUxIzExIyQxIyQ3IyQ4MiQzNjEyMjIjNTEjJDEjJDYjJDgz,11,소아청소년과,0,0,BJ 라임의원,의원,관악구
JDQ4MTg4MSM1MSMkMiMkMCMkMDAkNTgxMzUxIzExIyQxIyQ3IyQ4MiQzNjEyMjIjNTEjJDEjJDYjJDgz,14,피부과,0,0,BJ 라임의원,의원,관악구
JDQ4MTg4MSM1MSMkMiMkMCMkMDAkNTgxMzUxIzExIyQxIyQ3IyQ4MiQzNjEyMjIjNTEjJDEjJDYjJDgz,15,비뇨의학과,0,0,BJ 라임의원,의원,관악구
JDQ4MTg4MSM1MSMkMiMkMCMkMDAkNTgxMzUxIzExIyQxIyQ3IyQ4MiQzNjEyMjIjNTEjJDEjJDYjJDgz,23,가정의학과,1,0,BJ 라임의원,의원,관악구
JDQ4MTg4MSM1MSMkMiMkNCMkMDAkMzgxNzAyIzIxIyQxIyQ1IyQxMyQzNjEwMDIjNjEjJDEjJDgjJDgz,8,성형외과,0,0,BLS(비엘에스)의원,의원,강남구
JDQ4MTg4MSM1MSMkMiMkNCMkMDAkMzgxNzAyIzIxIyQxIyQ1IyQxMyQzNjEwMDIjNjEjJDEjJDgjJDgz,9,마취통증의학과,0,0,BLS(비엘에스)의원,의원,강남구
JDQ4MTg4MSM1MSMkMiMkNCMkMDAkMzgxNzAyIzIxIyQxIyQ1IyQxMyQzNjEwMDIjNjEjJDEjJDgjJDgz,14,피부과,0,0,BLS(비엘에스)의원,의원,강남구
JDQ4MTg4MSM1MSMkMiMkNCMkMDAkMzgxNzAyIzIxIyQxIyQ1IyQxMyQzNjEwMDIjNjEjJDEjJDgjJDgz,23,가정의학과,1,0,BLS(비엘에스)의원,의원,강남구
JDQ4MTg4MSM1MSMkMiMkNCMkMDAkMzgxMTkxIzIxIyQxIyQxIyQ4MiQyNjE4MzIjNjEjJDEjJDgjJDgz,1,내과,0,0,CL성형외과의원,의원,노원구
JDQ4MTg4MSM1MSMkMiMkNCMkMDAkMzgxMTkxIzIxIyQxIyQxIyQ4MiQyNjE4MzIjNjEjJDEjJDgjJDgz,4,외과,0,0,CL성형외과의원,의원,노원구
JDQ4MTg4MSM1MSMkMiMkNCMkMDAkMzgxMTkxIzIxIyQxIyQxIyQ4MiQyNjE4MzIjNjEjJDEjJDgjJDgz,5,정형외과,0,0,CL성형외과의원,의원,노원구
JDQ4MTg4MSM1MSMkMiMkNCMkMDAkMzgxMTkxIzIxIyQxIyQxIyQ4MiQyNjE4MzIjNjEjJDEjJDgjJDgz,6,신경외과,0,0,CL성형외과의원,의원,노원구
JDQ4MTg4MSM1MSMkMiMkNCMkMDAkMzgxMTkxIzIxIyQxIyQxIyQ4MiQyNjE4MzIjNjEjJDEjJDgjJDgz,8,성형외과,1,0,CL성형외과의원,의원,노원구
JDQ4MTg4MSM1MSMkMiMkNCMkMDAkMzgxMTkxIzIxIyQxIyQxIyQ4MiQyNjE4MzIjNjEjJDEjJDgjJDgz,9,마취통증의학과,0,0,CL성형외과의원,의원,노원구
JDQ4MTg4MSM1MSMkMiMkNCMkMDAkMzgxMTkxIzIxIyQxIyQxIyQ4MiQyNjE4MzIjNjEjJDEjJDgjJDgz,11,소아청소년과,0,0,CL성형외과의원,의원,노원구
JDQ4MTg4MSM1MSMkMiMkNCMkMDAkMzgxMTkxIzIxIyQxIyQxIyQ4MiQyNjE4MzIjNjEjJDEjJDgjJDgz,12,안과,0,0,CL성형외과의원,의원,노원구
JDQ4MTg4MSM1MSMkMiMkNCMkMDAkMzgxMTkxIzIxIyQxIyQxIyQ4MiQyNjE4MzIjNjEjJDEjJDgjJDgz,13,이비인후과,0,0,CL성형외과의원,의원,노원구
JDQ4MTg4MSM1MSMkMiMkNCMkMDAkMzgxMTkxIzIxIyQxIyQxIyQ4MiQyNjE4MzIjNjEjJDEjJDgjJDgz,14,피부과,0,0,CL성형외과의원,의원,노원구
JDQ4MTg4MSM1MSMkMiMkMCMkMDAkNTgxOTYxIzIxIyQxIyQ5IyQ5MiQyNjE4MzIjNDEjJDEjJDgjJDgz,14,피부과,2,0,CNP차앤박피부과의원,의원,영등포구
JDQ4MTg4MSM1MSMkMiMkMCMkMDAkNDgxNzAyIzMxIyQxIyQzIyQ3OSQzNjE4MzIjODEjJDEjJDIjJDgz,8,성형외과,1,0,D&A(디앤에이)성형외과의원,의원,강남구
JDQ4MTg4MSM1MSMkMiMkNCMkMDAkMzgxMTkxIzUxIyQxIyQ1IyQ4MiQyNjE4MzIjNDEjJDEjJDgjJDgz,1,내과,0,0,DMC수색신경외과의원,의원,은평구
JDQ4MTg4MSM1MSMkMiMkNCMkMDAkMzgxMTkxIzUxIyQxIyQ1IyQ4MiQyNjE4MzIjNDEjJDEjJDgjJDgz,2,신경과,0,0,DMC수색신경외과의원,의원,은평구
JDQ4MTg4MSM1MSMkMiMkNCMkMDAkMzgxMTkxIzUxIyQxIyQ1IyQ4MiQyNjE4MzIjNDEjJDEjJDgjJDgz,4,외과,0,0,DMC수색신경외과의원,의원,은평구
JDQ4MTg4MSM1MSMkMiMkNCMkMDAkMzgxMTkxIzUxIyQxIyQ1IyQ4MiQyNjE4MzIjNDEjJDEjJDgjJDgz,5,정형외과,0,0,DMC수색신경외과의원,의원,은평구
JDQ4MTg4MSM1MSMkMiMkNCMkMDAkMzgxMTkxIzUxIyQxIyQ1IyQ4MiQyNjE4MzIjNDEjJDEjJDgjJDgz,6,신경외과,1,0,DMC수색신경외과의원,의원,은평구
JDQ4MTg4MSM1MSMkMiMkNCMkMDAkMzgxMTkxIzUxIyQxIyQ1IyQ4MiQyNjE4MzIjNDEjJDEjJDgjJDgz,14,피부과,0,0,DMC수색신경외과의원,의원,은평구
JDQ4MTg4MSM1MSMkMiMkNCMkMDAkMzgxMTkxIzUxIyQxIyQ1IyQ4MiQyNjE4MzIjNDEjJDEjJDgjJDgz,21,재활의학과,0,0,DMC수색신경외과의원,의원,은평구
JDQ4MTg4MSM1MSMkMiMkNCMkMDAkMzgxNzAyIzIxIyQxIyQ1IyQ4MiQzNjEwMDIjNjEjJDEjJDAjJDgz,1,내과,0,0,DR.문이비인후과의원,의원,관악구
JDQ4MTg4MSM1MSMkMiMkNCMkMDAkMzgxNzAyIzIxIyQxIyQ1IyQ4MiQzNjEwMDIjNjEjJDEjJDAjJDgz,11,소아청소년과,0,0,DR.문이비인후과의원,의원,관악구
JDQ4MTg4MSM1MSMkMiMkNCMkMDAkMzgxNzAyIzIxIyQxIyQ1IyQ4MiQzNjEwMDIjNjEjJDEjJDAjJDgz,13,이비인후과,1,0,DR.문이비인후과의원,의원,관악구
JDQ4MTg4MSM1MSMkMiMkNCMkMDAkMzgxNzAyIzIxIyQxIyQ1IyQ4MiQzNjEwMDIjNjEjJDEjJDAjJDgz,23,가정의학과,0,0,DR.문이비인후과의원,의원,관악구
JDQ4MTg4MSM1MSMkMiMkMCMkMDAkMzgxNzAyIzQxIyQyIyQ3IyQwMCQzNjE4MzIjNDEjJDEjJDgjJDgz,2,신경과,0,0,Dr. 고 신경정신과의원,의원,광진구
JDQ4MTg4MSM1MSMkMiMkMCMkMDAkMzgxNzAyIzQxIyQyIyQ3IyQwMCQzNjE4MzIjNDEjJDEjJDgjJDgz,3,정신건강의학과,1,0,Dr. 고 신경정신과의원,의원,광진구
JDQ4MTg4MSM1MSMkMiMkNCMkMDAkNDgxOTYxIzQxIyQxIyQ3IyQwMyQ0NjE0ODEjNDEjJDEjJDQjJDgz,1,내과,0,0,Dr홍연합의원,의원,송파구
JDQ4MTg4MSM1MSMkMiMkNCMkMDAkNDgxOTYxIzQxIyQxIyQ3IyQwMyQ0NjE0ODEjNDEjJDEjJDQjJDgz,5,정형외과,0,0,Dr홍연합의원,의원,송파구
JDQ4MTg4MSM1MSMkMiMkNCMkMDAkNDgxOTYxIzQxIyQxIyQ3IyQwMyQ0NjE0ODEjNDEjJDEjJDQjJDgz,11,소아청소년과,0,0,Dr홍연합의원,의원,송파구
JDQ4MTg4MSM1MSMkMiMkNCMkMDAkNDgxOTYxIzQxIyQxIyQ3IyQwMyQ0NjE0ODEjNDEjJDEjJDQjJDgz,13,이비인후과,0,0,Dr홍연합의원,의원,송파구
JDQ4MTg4MSM1MSMkMiMkNCMkMDAkNDgxOTYxIzQxIyQxIyQ3IyQwMyQ0NjE0ODEjNDEjJDEjJDQjJDgz,14,피부과,0,0,Dr홍연합의원,의원,송파구
JDQ4MTg4MSM1MSMkMiMkNCMkMDAkNDgxOTYxIzQxIyQxIyQ3IyQwMyQ0NjE0ODEjNDEjJDEjJDQjJDgz,23,가정의학과,1,0,Dr홍연합의원,의원,송파구
JDQ4MTg4MSM1MSMkMiMkOCMkMDAkMzgxMzUxIzExIyQxIyQ3IyQwMyQyNjEwMDIjNDEjJDEjJDgjJDgz,23,가정의학과,1,0,KT광화문부속의원,의원,종로구
JDQ4MTg4MSM1MSMkMiMkMCMkMDAkNDgxNzAyIzIxIyQxIyQxIyQ3OSQyNjE4MzIjNjEjJDEjJDgjJDgz,1,내과,2,0,LBO의원,의원,중랑구
JDQ4MTg4MSM1MSMkMiMkMCMkMDAkNDgxNzAyIzIxIyQxIyQxIyQ3OSQyNjE4MzIjNjEjJDEjJDgjJDgz,10,산부인과,1,0,LBO의원,의원,중랑구
JDQ4MTg4MSM1MSMkMiMkMCMkMDAkNDgxNzAyIzIxIyQxIyQxIyQ3OSQyNjE4MzIjNjEjJDEjJDgjJDgz,16,영상의학과,1,0,LBO의원,의원,중랑구
JDQ4MTg4MSM1MSMkMiMkMCMkMDAkNDgxNzAyIzIxIyQxIyQxIyQ3OSQyNjE4MzIjNjEjJDEjJDgjJDgz,23,가정의학과,0,0,LBO의원,의원,중랑구
JDQ4MTg4MSM1MSMkMiMkNCMkMDAkMzgxMTkxIzIxIyQxIyQ1IyQ5OSQzNjEwMDIjNDEjJDEjJDQjJDgz,8,성형외과,1,0,OLE(올래)성형외과의원,의원,강남구
JDQ4MTg4MSM1MSMkMiMkNCMkMDAkNDgxMTkxIzIxIyQxIyQxIyQ4OSQ0NjE0ODEjNTEjJDEjJDIjJDgz,10,산부인과,5,0,SC제일산부인과의원,의원,광진구
JDQ4MTg4MSM1MSMkMiMkNCMkMDAkNDgxMTkxIzIxIyQxIyQxIyQ4OSQ0NjE0ODEjNTEjJDEjJDIjJDgz,11,소아청소년과,1,0,SC제일산부인과의원,의원,광진구
JDQ4MTg4MSM1MSMkMiMkNCMkMDAkNDgxMTkxIzIxIyQxIyQxIyQ4OSQ0NjE0ODEjNTEjJDEjJDIjJDgz,16,영상의학과,0,0,SC제일산부인과의원,의원,광진구
JDQ4MTg4MSM1MSMkMiMkNCMkMDAkNDgxMTkxIzIxIyQxIyQxIyQ4OSQ0NjE0ODEjNTEjJDEjJDIjJDgz,23,가정의학과,0,0,SC제일산부인과의원,의원,광진구
JDQ4MTg4MSM1MSMkMiMkNCMkMDAkNDgxNzAyIzExIyQxIyQzIyQ5MiQzNjEyMjIjNTEjJDEjJDIjJDgz,23,가정의학과,1,0,SKY서울가정의학과의원,의원,성북구
JDQ4MTg4MSM1MSMkMiMkNCMkMDAkMzgxMTkxIzUxIyQxIyQ1IyQ3MiQyNjEyMjIjNjEjJDEjJDQjJDgz,5,정형외과,1,0,SK우리들정형외과의원,의원,강북구
JDQ4MTg4MSM1MSMkMiMkNCMkMDAkMzgxMTkxIzUxIyQxIyQ1IyQ3MiQyNjEyMjIjNjEjJDEjJDQjJDgz,6,신경외과,0,0,SK우리들정형외과의원,의원,강북구
JDQ4MTg4MSM1MSMkMiMkNCMkMDAkMzgxMTkxIzUxIyQxIyQ1IyQ3MiQyNjEyMjIjNjEjJDEjJDQjJDgz,9,마취통증의학과,0,0,SK우리들정형외과의원,의원,강북구
JDQ4MTg4MSM1MSMkMiMkOCMkMDAkMzgxMTkxIzMxIyQyIyQ3IyQwMCQzNjE0ODEjNDEjJDEjJDgjJDgz,2,신경과,1,0,SNU이용석신경과의원,의원,동작구
JDQ4MTg4MSM1MSMkMiMkNCMkMDAkMzgxMzUxIzExIyQxIyQzIyQ3OSQzNjEyMjIjNTEjJDEjJDYjJDgz,12,안과,1,0,SNU하안과의원,의원,노원구
JDQ4MTg4MSM1MSMkMiMkNCMkMDAkNTgxMzUxIzIxIyQxIyQ1IyQ3MiQzNjEwMDIjNjEjJDEjJDAjJDgz,1,내과,0,0,S아이니의원,의원,구로구
JDQ4MTg4MSM1MSMkMiMkNCMkMDAkNTgxMzUxIzIxIyQxIyQ1IyQ3MiQzNjEwMDIjNjEjJDEjJDAjJDgz,4,외과,0,0,S아이니의원,의원,구로구
JDQ4MTg4MSM1MSMkMiMkNCMkMDAkNTgxMzUxIzIxIyQxIyQ1IyQ3MiQzNjEwMDIjNjEjJDEjJDAjJDgz,8,성형외과,0,0,S아이니의원,의원,구로구
JDQ4MTg4MSM1MSMkMiMkNCMkMDAkNTgxMzUxIzIxIyQxIyQ1IyQ3MiQzNjEwMDIjNjEjJDEjJDAjJDgz,10,산부인과,1,0,S아이니의원,의원,구로구
JDQ4MTg4MSM1MSMkMiMkNCMkMDAkNTgxMzUxIzIxIyQxIyQ1IyQ3MiQzNjEwMDIjNjEjJDEjJDAjJDgz,14,피부과,0,0,S아이니의원,의원,구로구
JDQ4MTg4MSM1MSMkMiMkNCMkMDAkNTgxMzUxIzIxIyQxIyQ1IyQ3MiQzNjEwMDIjNjEjJDEjJDAjJDgz,23,가정의학과,0,0,S아이니의원,의원,구로구
JDQ4MTg4MSM1MSMkMiMkMCMkMDAkNDgxNzAyIzIxIyQxIyQ1IyQxMyQyNjEwMDIjNDEjJDEjJDgjJDgz,14,피부과,0,0,WE(더블유이)의원,의원,영등포구
JDQ4MTg4MSM1MSMkMiMkMCMkMDAkNDgxNzAyIzIxIyQxIyQ1IyQxMyQyNjEwMDIjNDEjJDEjJDgjJDgz,23,가정의학과,1,0,WE(더블유이)의원,의원,영등포구
JDQ4MTg4MSM1MSMkMiMkNCMkMDAkMzgxMTkxIzUxIyQxIyQ1IyQ3MiQzNjEwMDIjNDEjJDEjJDQjJDgz,12,안과,1,0,YK(와이케이)안과의원,의원,강남구
JDQ4MTg4MSM1MSMkMiMkMCMkMDAkNTgxOTYxIzExIyQxIyQzIyQ5OSQyNjE4MzIjODEjJDEjJDYjJDgz,13,이비인후과,1,0,e-서울이비인후과의원,의원,구로구
JDQ4MTg4MSM1MSMkMiMkOCMkMDAkMzgxMzUxIzExIyQyIyQzIyQwMCQzNjE0ODEjNTEjJDEjJDIjJDgz,8,성형외과,0,0,읻다의원,의원,강남구
JDQ4MTg4MSM1MSMkMiMkOCMkMDAkMzgxMzUxIzExIyQyIyQzIyQwMCQzNjE0ODEjNTEjJDEjJDIjJDgz,14,피부과,0,0,읻다의원,의원,강남구
JDQ4MTg4MSM1MSMkMiMkMCMkMDAkMzgxMTkxIzIxIyQxIyQxIyQ2MiQ0NjE0ODEjODEjJDEjJDYjJDgz,1,내과,0,0,㈜대한항공부속의원,의원,강서구
JDQ4MTg4MSM1MSMkMiMkMCMkMDAkMzgxMTkxIzIxIyQxIyQxIyQ2MiQ0NjE0ODEjODEjJDEjJDYjJDgz,23,가정의학과,3,0,㈜대한항공부속의원,의원,강서구
JDQ4MTg4MSM1MSMkMiMkNCMkMDAkMzgxMzUxIzExIyQxIyQzIyQ4MiQyNjE0ODEjODEjJDEjJDIjJDgz,13,이비인후과,0,0,가나이비인후과의원,의원,서초구
JDQ4MTg4MSM1MSMkMiMkOCMkMDAkMzgxMzUxIzUxIyQxIyQxIyQ5OSQyNjE0ODEjNTEjJDEjJDYjJDgz,8,성형외과,1,0,가넷성형외과의원,의원,강남구
JDQ4MTg4MSM1MSMkMiMkMCMkMDAkNDgxNzAyIzUxIyQxIyQxIyQ4OSQyNjE4MzIjNDEjJDEjJDgjJDgz,1,내과,1,0,가든내과의원,의원,마포구
JDQ4MTg4MSM1MSMkMiMkMCMkMDAkNDgxNzAyIzUxIyQxIyQxIyQ4OSQyNjE4MzIjNDEjJDEjJDgjJDgz,4,외과,0,0,가든내과의원,의원,마포구
JDQ4MTg4MSM1MSMkMiMkMCMkMDAkNDgxNzAyIzUxIyQxIyQxIyQ4OSQyNjE4MzIjNDEjJDEjJDgjJDgz,11,소아청소년과,0,0,가든내과의원,의원,마포구
JDQ4MTg4MSM1MSMkMiMkMCMkMDAkNDgxNzAyIzUxIyQxIyQxIyQ4OSQyNjE4MzIjNDEjJDEjJDgjJDgz,14,피부과,0,0,가든내과의원,의원,마포구
JDQ4MTg4MSM1MSMkMiMkMCMkMDAkNDgxNzAyIzUxIyQxIyQxIyQ4OSQyNjE4MzIjNDEjJDEjJDgjJDgz,15,비뇨의학과,0,0,가든내과의원,의원,마포구
JDQ4MTg4MSM1MSMkMiMkMCMkMDAkNDgxNzAyIzUxIyQxIyQxIyQ4OSQyNjE4MzIjNDEjJDEjJDgjJDgz,19,진단검사의학과,0,0,가든내과의원,의원,마포구
JDQ4MTg4MSM1MSMkMiMkMCMkMDAkNDgxNzAyIzUxIyQxIyQxIyQ4OSQyNjE4MzIjNDEjJDEjJDgjJDgz,23,가정의학과,0,0,가든내과의원,의원,마포구
JDQ4MTg4MSM1MSMkMiMkMCMkMDAkNDgxMzUxIzUxIyQxIyQ1IyQ5MiQ0NjE0ODEjNjEjJDEjJDgjJDgz,15,비뇨의학과,1,0,가든비뇨기과의원,의원,마포구
JDQ4MTg4MSM1MSMkMiMkMCMkMDAkNDgxMzUxIzQxIyQxIyQ3IyQ4OSQzNjEwMDIjNjEjJDEjJDQjJDgz,12,안과,1,0,가든안과의원,의원,마포구
JDQ4MTg4MSM1MSMkMiMkMCMkMDAkNDgxMzUxIzUxIyQxIyQxIyQ5MiQyNjEwMDIjNTEjJDEjJDIjJDgz,13,이비인후과,1,0,가든이비인후과의원,의원,마포구
JDQ4MTg4MSM1MSMkMiMkNCMkMDAkNDgxOTYxIzUxIyQyIyQ1IyQwMCQzNjE4MzIjODEjJDEjJDIjJDgz,1,내과,0,0,가락마취통증의학과의원,의원,송파구
JDQ4MTg4MSM1MSMkMiMkNCMkMDAkNDgxOTYxIzUxIyQyIyQ1IyQwMCQzNjE4MzIjODEjJDEjJDIjJDgz,2,신경과,0,0,가락마취통증의학과의원,의원,송파구
JDQ4MTg4MSM1MSMkMiMkNCMkMDAkNDgxOTYxIzUxIyQyIyQ1IyQwMCQzNjE4MzIjODEjJDEjJDIjJDgz,3,정신건강의학과,0,0,가락마취통증의학과의원,의원,송파구
JDQ4MTg4MSM1MSMkMiMkNCMkMDAkNDgxOTYxIzUxIyQyIyQ1IyQwMCQzNjE4MzIjODEjJDEjJDIjJDgz,4,외과,0,0,가락마취통증의학과의원,의원,송파구
JDQ4MTg4MSM1MSMkMiMkNCMkMDAkNDgxOTYxIzUxIyQyIyQ1IyQwMCQzNjE4MzIjODEjJDEjJDIjJDgz,5,정형외과,0,0,가락마취통증의학과의원,의원,송파구
JDQ4MTg4MSM1MSMkMiMkNCMkMDAkNDgxOTYxIzUxIyQyIyQ1IyQwMCQzNjE4MzIjODEjJDEjJDIjJDgz,6,신경외과,0,0,가락마취통증의학과의원,의원,송파구
JDQ4MTg4MSM1MSMkMiMkNCMkMDAkNDgxOTYxIzUxIyQyIyQ1IyQwMCQzNjE4MzIjODEjJDEjJDIjJDgz,7,심장혈관흉부외과,0,0,가락마취통증의학과의원,의원,송파구
JDQ4MTg4MSM1MSMkMiMkNCMkMDAkNDgxOTYxIzUxIyQyIyQ1IyQwMCQzNjE4MzIjODEjJDEjJDIjJDgz,8,성형외과,0,0,가락마취통증의학과의원,의원,송파구
JDQ4MTg4MSM1MSMkMiMkNCMkMDAkNDgxOTYxIzUxIyQyIyQ1IyQwMCQzNjE4MzIjODEjJDEjJDIjJDgz,9,마취통증의학과,1,0,가락마취통증의학과의원,의원,송파구
JDQ4MTg4MSM1MSMkMiMkNCMkMDAkNDgxOTYxIzUxIyQyIyQ1IyQwMCQzNjE4MzIjODEjJDEjJDIjJDgz,11,소아청소년과,0,0,가락마취통증의학과의원,의원,송파구
JDQ4MTg4MSM1MSMkMiMkNCMkMDAkNDgxOTYxIzUxIyQyIyQ1IyQwMCQzNjE4MzIjODEjJDEjJDIjJDgz,12,안과,0,0,가락마취통증의학과의원,의원,송파구
JDQ4MTg4MSM1MSMkMiMkNCMkMDAkNDgxOTYxIzUxIyQyIyQ1IyQwMCQzNjE4MzIjODEjJDEjJDIjJDgz,13,이비인후과,0,0,가락마취통증의학과의원,의원,송파구
JDQ4MTg4MSM1MSMkMiMkNCMkMDAkNDgxOTYxIzUxIyQyIyQ1IyQwMCQzNjE4MzIjODEjJDEjJDIjJDgz,14,피부과,0,0,가락마취통증의학과의원,의원,송파구
JDQ4MTg4MSM1MSMkMiMkNCMkMDAkNDgxOTYxIzUxIyQyIyQ1IyQwMCQzNjE4MzIjODEjJDEjJDIjJDgz,15,비뇨의학과,0,0,가락마취통증의학과의원,의원,송파구
JDQ4MTg4MSM1MSMkMiMkNCMkMDAkNDgxOTYxIzUxIyQyIyQ1IyQwMCQzNjE4MzIjODEjJDEjJDIjJDgz,21,재활의학과,0,0,가락마취통증의학과의원,의원,송파구
JDQ4MTg4MSM1MSMkMiMkNCMkMDAkNDgxOTYxIzUxIyQyIyQ1IyQwMCQzNjE4MzIjODEjJDEjJDIjJDgz,23,가정의학과,0,0,가락마취통증의학과의원,의원,송파구
JDQ4MTg4MSM1MSMkMiMkMCMkMDAkNDgxMzUxIzMxIyQxIyQ3IyQ4OSQyNjEyMjIjNjEjJDEjJDAjJDgz,1,내과,0,0,가락성모의원,의원,송파구
JDQ4MTg4MSM1MSMkMiMkNCMkMDAkNDgxMzUxIzMxIyQxIyQ3IyQ3OSQ0NjEwMDIjODEjJDEjJDIjJDgz,1,내과,0,0,가락한솔의원,의원,송파구
JDQ4MTg4MSM1MSMkMiMkNCMkMDAkNDgxMzUxIzMxIyQxIyQ3IyQ3OSQ0NjEwMDIjODEjJDEjJDIjJDgz,4,외과,0,0,가락한솔의원,의원,송파구
JDQ4MTg4MSM1MSMkMiMkNCMkMDAkNDgxMzUxIzMxIyQxIyQ3IyQ3OSQ0NjEwMDIjODEjJDEjJDIjJDgz,5,정형외과,0,0,가락한솔의원,의원,송파구
JDQ4MTg4MSM1MSMkMiMkNCMkMDAkNDgxMzUxIzMxIyQxIyQ3IyQ3OSQ0NjEwMDIjODEjJDEjJDIjJDgz,8,성형외과,0,0,가락한솔의원,의원,송파구
JDQ4MTg4MSM1MSMkMiMkNCMkMDAkNDgxMzUxIzMxIyQxIyQ3IyQ3OSQ0NjEwMDIjODEjJDEjJDIjJDgz,10,산부인과,0,0,가락한솔의원,의원,송파구
JDQ4MTg4MSM1MSMkMiMkNCMkMDAkNDgxMzUxIzMxIyQxIyQ3IyQ3OSQ0NjEwMDIjODEjJDEjJDIjJDgz,11,소아청소년과,0,0,가락한솔의원,의원,송파구
JDQ4MTg4MSM1MSMkMiMkNCMkMDAkNDgxMzUxIzMxIyQxIyQ3IyQ3OSQ0NjEwMDIjODEjJDEjJDIjJDgz,12,안과,0,0,가락한솔의원,의원,송파구
JDQ4MTg4MSM1MSMkMiMkNCMkMDAkNDgxMzUxIzMxIyQxIyQ3IyQ3OSQ0NjEwMDIjODEjJDEjJDIjJDgz,13,이비인후과,0,0,가락한솔의원,의원,송파구
JDQ4MTg4MSM1MSMkMiMkNCMkMDAkNDgxMzUxIzMxIyQxIyQ3IyQ3OSQ0NjEwMDIjODEjJDEjJDIjJDgz,16,영상의학과,0,0,가락한솔의원,의원,송파구
JDQ4MTg4MSM1MSMkMiMkNCMkMDAkNDgxMzUxIzMxIyQxIyQ3IyQ3OSQ0NjEwMDIjODEjJDEjJDIjJDgz,23,가정의학과,1,0,가락한솔의원,의원,송파구
JDQ4MTg4MSM1MSMkMiMkNCMkMDAkMzgxNzAyIzIxIyQxIyQ5IyQ5OSQzNjE4MzIjODEjJDEjJDIjJDgz,1,내과,1,0,가람내과의원,의원,강동구
JDQ4MTg4MSM1MSMkMiMkNCMkMDAkMzgxNzAyIzIxIyQxIyQ5IyQ5OSQzNjE4MzIjODEjJDEjJDIjJDgz,11,소아청소년과,0,0,가람내과의원,의원,강동구
JDQ4MTg4MSM1MSMkMiMkNCMkMDAkMzgxNzAyIzIxIyQxIyQ5IyQ5OSQzNjE4MzIjODEjJDEjJDIjJDgz,13,이비인후과,0,0,가람내과의원,의원,강동구
JDQ4MTg4MSM1MSMkMiMkNCMkMDAkMzgxNzAyIzIxIyQxIyQ5IyQ5OSQzNjE4MzIjODEjJDEjJDIjJDgz,14,피부과,0,0,가람내과의원,의원,강동구
JDQ4MTg4MSM1MSMkMiMkOCMkMDAkMzgxMzUxIzIxIyQxIyQ5IyQxMyQ0NjEwMDIjNTEjJDEjJDIjJDgz,2,신경과,0,0,가람정신건강의학과의원,의원,관악구
JDQ4MTg4MSM1MSMkMiMkOCMkMDAkMzgxMzUxIzIxIyQxIyQ5IyQxMyQ0NjEwMDIjNTEjJDEjJDIjJDgz,3,정신건강의학과,2,0,가람정신건강의학과의원,의원,관악구
JDQ4MTg4MSM1MSMkMiMkNCMkMDAkNTgxOTYxIzMxIyQxIyQ3IyQxMyQ0NjE0ODEjNTEjJDEjJDIjJDgz,14,피부과,0,0,가미의원,의원,송파구
JDQ4MTg4MSM1MSMkMiMkNCMkMDAkNTgxMzUxIzUxIyQxIyQxIyQwMyQzNjE4MzIjNjEjJDEjJDAjJDgz,1,내과,1,0,가산디지털내과의원,의원,금천구
JDQ4MTg4MSM1MSMkMiMkNCMkMDAkNTgxMzUxIzUxIyQxIyQxIyQwMyQzNjE4MzIjNjEjJDEjJDAjJDgz,11,소아청소년과,0,0,가산디지털내과의원,의원,금천구
JDQ4MTg4MSM1MSMkMiMkNCMkMDAkNTgxMzUxIzUxIyQxIyQxIyQwMyQzNjE4MzIjNjEjJDEjJDAjJDgz,13,이비인후과,0,0,가산디지털내과의원,의원,금천구
JDQ4MTg4MSM1MSMkMiMkNCMkMDAkNTgxMzUxIzUxIyQxIyQxIyQwMyQzNjE4MzIjNjEjJDEjJDAjJDgz,14,피부과,0,0,가산디지털내과의원,의원,금천구
JDQ4MTg4MSM1MSMkMiMkNCMkMDAkNTgxOTYxIzIxIyQxIyQ5IyQwMyQzNjE0ODEjNDEjJDEjJDQjJDgz,5,정형외과,0,0,가산본튼튼의원,의원,금천구
JDQ4MTg4MSM1MSMkMiMkNCMkMDAkNTgxOTYxIzIxIyQxIyQ5IyQwMyQzNjE0ODEjNDEjJDEjJDQjJDgz,9,마취통증의학과,2,0,가산본튼튼의원,의원,금천구
JDQ4MTg4MSM1MSMkMiMkNCMkMDAkNTgxOTYxIzIxIyQxIyQ5IyQwMyQzNjE0ODEjNDEjJDEjJDQjJDgz,21,재활의학과,2,0,가산본튼튼의원,의원,금천구
JDQ4MTg4MSM1MSMkMiMkOCMkMDAkMzgxMzUxIzExIyQxIyQzIyQ5OSQyNjEwMDIjNDEjJDEjJDgjJDgz,3,정신건강의학과,2,0,가산성모정신건강의학과의원,의원,금천구
JDQ4MTg4MSM1MSMkMiMkOCMkMDAkMzgxOTYxIzQxIyQxIyQ3IyQ3MiQzNjE4MzIjNDEjJDEjJDgjJDgz,5,정형외과,1,0,가산시그니처정형외과의원,의원,금천구
JDQ4MTg4MSM1MSMkMiMkOCMkMDAkMzgxOTYxIzQxIyQxIyQ3IyQ3MiQzNjE4MzIjNDEjJDEjJDgjJDgz,6,신경외과,0,0,가산시그니처정형외과의원,의원,금천구
JDQ4MTg4MSM1MSMkMiMkOCMkMDAkMzgxOTYxIzQxIyQxIyQ3IyQ3MiQzNjE4MzIjNDEjJDEjJDgjJDgz,9,마취통증의학과,0,0,가산시그니처정형외과의원,의원,금천구
JDQ4MTg4MSM1MSMkMiMkOCMkMDAkMzgxOTYxIzQxIyQxIyQ3IyQ3MiQzNjE4MzIjNDEjJDEjJDgjJDgz,14,피부과,0,0,가산시그니처정형외과의원,의원,금천구
JDQ4MTg4MSM1MSMkMiMkOCMkMDAkMzgxOTYxIzQxIyQxIyQ3IyQ3MiQzNjE4MzIjNDEjJDEjJDgjJDgz,21,재활의학과,0,0,가산시그니처정형외과의원,의원,금천구
JDQ4MTg4MSM1MSMkMiMkOCMkMDAkMzgxOTYxIzQxIyQxIyQ3IyQ3MiQzNjE4MzIjNDEjJDEjJDgjJDgz,23,가정의학과,1,0,가산시그니처정형외과의원,의원,금천구
JDQ4MTg4MSM1MSMkMiMkNCMkMDAkNDgxOTYxIzUxIyQxIyQxIyQwMyQyNjEyMjIjNzEjJDEjJDgjJDgz,12,안과,1,0,가산안과의원,의원,금천구
JDQ4MTg4MSM1MSMkMiMkNCMkMDAkNTgxOTYxIzExIyQxIyQ3IyQxMyQyNjE4MzIjNDEjJDEjJDQjJDgz,1,내과,0,0,가산연합의원,의원,금천구
JDQ4MTg4MSM1MSMkMiMkNCMkMDAkNTgxOTYxIzExIyQxIyQ3IyQxMyQyNjE4MzIjNDEjJDEjJDQjJDgz,14,피부과,0,0,가산연합의원,의원,금천구
JDQ4MTg4MSM1MSMkMiMkNCMkMDAkNTgxOTYxIzExIyQxIyQ3IyQxMyQyNjE4MzIjNDEjJDEjJDQjJDgz,15,비뇨의학과,0,0,가산연합의원,의원,금천구
JDQ4MTg4MSM1MSMkMiMkOCMkMDAkMzgxOTYxIzIxIyQxIyQxIyQ2MiQyNjEyMjIjNDEjJDEjJDgjJDgz,4,외과,0,0,가산퍼스트정형외과의원,의원,금천구
JDQ4MTg4MSM1MSMkMiMkOCMkMDAkMzgxOTYxIzIxIyQxIyQxIyQ2MiQyNjEyMjIjNDEjJDEjJDgjJDgz,5,정형외과,1,0,가산퍼스트정형외과의원,의원,금천구
JDQ4MTg4MSM1MSMkMiMkOCMkMDAkMzgxOTYxIzIxIyQxIyQxIyQ2MiQyNjEyMjIjNDEjJDEjJDgjJDgz,6,신경외과,0,0,가산퍼스트정형외과의원,의원,금천구
JDQ4MTg4MSM1MSMkMiMkOCMkMDAkMzgxOTYxIzIxIyQxIyQxIyQ2MiQyNjEyMjIjNDEjJDEjJDgjJDgz,9,마취통증의학과,0,0,가산퍼스트정형외과의원,의원,금천구
JDQ4MTg4MSM1MSMkMiMkOCMkMDAkMzgxOTYxIzIxIyQxIyQxIyQ2MiQyNjEyMjIjNDEjJDEjJDgjJDgz,16,영상의학과,0,0,가산퍼스트정형외과의원,의원,금천구
JDQ4MTg4MSM1MSMkMiMkOCMkMDAkMzgxOTYxIzIxIyQxIyQxIyQ2MiQyNjEyMjIjNDEjJDEjJDgjJDgz,21,재활의학과,2,0,가산퍼스트정형외과의원,의원,금천구
JDQ4MTg4MSM1MSMkMiMkNCMkMDAkNDgxOTYxIzMxIyQxIyQzIyQ3MiQzNjEwMDIjNDEjJDEjJDgjJDgz,1,내과,1,0,가슴편한내과의원,의원,강남구
JDQ4MTg4MSM1MSMkMiMkNCMkMDAkMzgxNzAyIzIxIyQxIyQxIyQ2MiQ0NjE0ODEjODEjJDEjJDIjJDgz,8,성형외과,1,0,가암성형외과의원,의원,강남구
JDQ4MTg4MSM1MSMkMiMkOCMkMDAkMzgxOTYxIzExIyQyIyQzIyQwMCQzNjE4MzIjNTEjJDEjJDIjJDgz,8,성형외과,1,0,가암염원석성형외과의원,의원,강남구
JDQ4MTg4MSM1MSMkMiMkNCMkMDAkNDgxMzUxIzMxIyQxIyQzIyQ4MiQ0NjE0ODEjNzEjJDEjJDgjJDgz,1,내과,2,0,가야내과의원,의원,서초구
JDQ4MTg4MSM1MSMkMiMkOCMkMDAkMzgxMTkxIzUxIyQxIyQ1IyQ3OSQyNjE0ODEjNjEjJDEjJDgjJDgz,3,정신건강의학과,1,0,가야삼성정신건강의학과의원,의원,서초구
JDQ4MTg4MSM1MSMkMiMkNCMkMDAkNDgxNzAyIzIxIyQxIyQ1IyQ5MiQ0NjE0ODEjODEjJDEjJDIjJDgz,12,안과,1,0,가야성모안과의원,의원,서초구
JDQ4MTg4MSM1MSMkMiMkNCMkMDAkNDgxMzUxIzMxIyQxIyQzIyQ4MiQzNjE4MzIjODEjJDEjJDYjJDgz,1,내과,0,0,가야성모의원,의원,서초구
JDQ4MTg4MSM1MSMkMiMkNCMkMDAkNDgxMzUxIzMxIyQxIyQzIyQ4MiQzNjE4MzIjODEjJDEjJDYjJDgz,4,외과,1,0,가야성모의원,의원,서초구
JDQ4MTg4MSM1MSMkMiMkNCMkMDAkNDgxMzUxIzMxIyQxIyQzIyQ4MiQzNjE4MzIjODEjJDEjJDYjJDgz,5,정형외과,0,0,가야성모의원,의원,서초구
JDQ4MTg4MSM1MSMkMiMkNCMkMDAkNDgxMzUxIzMxIyQxIyQzIyQ4MiQzNjE4MzIjODEjJDEjJDYjJDgz,9,마취통증의학과,0,0,가야성모의원,의원,서초구
JDQ4MTg4MSM1MSMkMiMkNCMkMDAkNDgxMzUxIzMxIyQxIyQzIyQ4MiQzNjE4MzIjODEjJDEjJDYjJDgz,14,피부과,0,0,가야성모의원,의원,서초구
JDQ4MTg4MSM1MSMkMiMkNCMkMDAkNTgxMzUxIzMxIyQxIyQzIyQ5OSQ0NjE0ODEjNDEjJDEjJDQjJDgz,5,정형외과,1,0,가야성모정형외과의원,의원,서초구
JDQ4MTg4MSM1MSMkMiMkNCMkMDAkNTgxMzUxIzMxIyQxIyQzIyQ5OSQ0NjE0ODEjNDEjJDEjJDQjJDgz,6,신경외과,0,0,가야성모정형외과의원,의원,서초구
JDQ4MTg4MSM1MSMkMiMkNCMkMDAkNTgxMzUxIzMxIyQxIyQzIyQ5OSQ0NjE0ODEjNDEjJDEjJDQjJDgz,9,마취통증의학과,0,0,가야성모정형외과의원,의원,서초구
JDQ4MTg4MSM1MSMkMiMkNCMkMDAkNTgxMzUxIzMxIyQxIyQzIyQ5OSQ0NjE0ODEjNDEjJDEjJDQjJDgz,21,재활의학과,0,0,가야성모정형외과의원,의원,서초구
JDQ4MTg4MSM1MSMkMiMkNCMkMDAkNDgxNzAyIzIxIyQxIyQ5IyQ5MiQyNjE0ODEjODEjJDEjJDYjJDgz,11,소아청소년과,1,0,가야소아청소년과의원,의원,서초구
JDQ4MTg4MSM1MSMkMiMkOCMkMDAkMzgxOTYxIzIxIyQyIyQ1IyQwMCQzNjEyMjIjNTEjJDEjJDYjJDgz,1,내과,1,0,가양메트로정형외과의원,의원,강서구
JDQ4MTg4MSM1MSMkMiMkOCMkMDAkMzgxOTYxIzIxIyQyIyQ1IyQwMCQzNjEyMjIjNTEjJDEjJDYjJDgz,2,신경과,0,0,가양메트로정형외과의원,의원,강서구
JDQ4MTg4MSM1MSMkMiMkOCMkMDAkMzgxOTYxIzIxIyQyIyQ1IyQwMCQzNjEyMjIjNTEjJDEjJDYjJDgz,5,정형외과,1,0,가양메트로정형외과의원,의원,강서구
JDQ4MTg4MSM1MSMkMiMkOCMkMDAkMzgxOTYxIzIxIyQyIyQ1IyQwMCQzNjEyMjIjNTEjJDEjJDYjJDgz,6,신경외과,0,0,가양메트로정형외과의원,의원,강서구
JDQ4MTg4MSM1MSMkMiMkOCMkMDAkMzgxOTYxIzIxIyQyIyQ1IyQwMCQzNjEyMjIjNTEjJDEjJDYjJDgz,9,마취통증의학과,1,0,가양메트로정형외과의원,의원,강서구
JDQ4MTg4MSM1MSMkMiMkOCMkMDAkMzgxOTYxIzIxIyQyIyQ1IyQwMCQzNjEyMjIjNTEjJDEjJDYjJDgz,21,재활의학과,0,0,가양메트로정형외과의원,의원,강서구
JDQ4MTg4MSM1MSMkMiMkOCMkMDAkMzgxOTYxIzIxIyQyIyQ1IyQwMCQzNjEyMjIjNTEjJDEjJDYjJDgz,23,가정의학과,0,0,가양메트로정형외과의원,의원,강서구
JDQ4MTg4MSM1MSMkMiMkOCMkMDAkMzgxMTkxIzUxIyQxIyQxIyQ3OSQzNjEyMjIjODEjJDEjJDYjJDgz,1,내과,0,0,가양바로힐신경외과의원,의원,강서구
JDQ4MTg4MSM1MSMkMiMkOCMkMDAkMzgxMTkxIzUxIyQxIyQxIyQ3OSQzNjEyMjIjODEjJDEjJDYjJDgz,5,정형외과,0,0,가양바로힐신경외과의원,의원,강서구
JDQ4MTg4MSM1MSMkMiMkOCMkMDAkMzgxMTkxIzUxIyQxIyQxIyQ3OSQzNjEyMjIjODEjJDEjJDYjJDgz,6,신경외과,1,0,가양바로힐신경외과의원,의원,강서구
JDQ4MTg4MSM1MSMkMiMkOCMkMDAkMzgxMTkxIzUxIyQxIyQxIyQ3OSQzNjEyMjIjODEjJDEjJDYjJDgz,9,마취통증의학과,0,0,가양바로힐신경외과의원,의원,강서구
JDQ4MTg4MSM1MSMkMiMkOCMkMDAkMzgxMTkxIzUxIyQxIyQxIyQ3OSQzNjEyMjIjODEjJDEjJDYjJDgz,21,재활의학과,0,0,가양바로힐신경외과의원,의원,강서구
JDQ4MTg4MSM1MSMkMiMkOCMkMDAkMzgxMzUxIzIxIyQxIyQxIyQ3MiQyNjE0ODEjNzEjJDEjJDgjJDgz,2,신경과,0,0,가양바른성모정형외과의원,의원,강서구
JDQ4MTg4MSM1MSMkMiMkOCMkMDAkMzgxMzUxIzIxIyQxIyQxIyQ3MiQyNjE0ODEjNzEjJDEjJDgjJDgz,4,외과,0,0,가양바른성모정형외과의원,의원,강서구
JDQ4MTg4MSM1MSMkMiMkOCMkMDAkMzgxMzUxIzIxIyQxIyQxIyQ3MiQyNjE0ODEjNzEjJDEjJDgjJDgz,5,정형외과,2,0,가양바른성모정형외과의원,의원,강서구
JDQ4MTg4MSM1MSMkMiMkOCMkMDAkMzgxMzUxIzIxIyQxIyQxIyQ3MiQyNjE0ODEjNzEjJDEjJDgjJDgz,6,신경외과,0,0,가양바른성모정형외과의원,의원,강서구
JDQ4MTg4MSM1MSMkMiMkOCMkMDAkMzgxMzUxIzIxIyQxIyQxIyQ3MiQyNjE0ODEjNzEjJDEjJDgjJDgz,9,마취통증의학과,0,0,가양바른성모정형외과의원,의원,강서구
JDQ4MTg4MSM1MSMkMiMkOCMkMDAkMzgxMzUxIzIxIyQxIyQxIyQ3MiQyNjE0ODEjNzEjJDEjJDgjJDgz,16,영상의학과,0,0,가양바른성모정형외과의원,의원,강서구
JDQ4MTg4MSM1MSMkMiMkOCMkMDAkMzgxMzUxIzIxIyQxIyQxIyQ3MiQyNjE0ODEjNzEjJDEjJDgjJDgz,21,재활의학과,0,0,가양바른성모정형외과의원,의원,강서구
JDQ4MTg4MSM1MSMkMiMkOCMkMDAkMzgxMzUxIzIxIyQxIyQxIyQ3MiQyNjE0ODEjNzEjJDEjJDgjJDgz,23,가정의학과,0,0,가양바른성모정형외과의원,의원,강서구
JDQ4MTg4MSM1MSMkMiMkOCMkMDAkMzgxOTYxIzIxIyQxIyQ1IyQ4MiQyNjEwMDIjNjEjJDEjJDAjJDgz,2,신경과,1,0,가양삼성정형외과의원,의원,강서구
JDQ4MTg4MSM1MSMkMiMkOCMkMDAkMzgxOTYxIzIxIyQxIyQ1IyQ4MiQyNjEwMDIjNjEjJDEjJDAjJDgz,5,정형외과,3,0,가양삼성정형외과의원,의원,강서구
JDQ4MTg4MSM1MSMkMiMkOCMkMDAkMzgxOTYxIzIxIyQxIyQ1IyQ4MiQyNjEwMDIjNjEjJDEjJDAjJDgz,6,신경외과,0,0,가양삼성정형외과의원,의원,강서구
JDQ4MTg4MSM1MSMkMiMkOCMkMDAkMzgxOTYxIzIxIyQxIyQ1IyQ4MiQyNjEwMDIjNjEjJDEjJDAjJDgz,9,마취통증의학과,0,0,가양삼성정형외과의원,의원,강서구
JDQ4MTg4MSM1MSMkMiMkOCMkMDAkMzgxOTYxIzIxIyQxIyQ1IyQ4MiQyNjEwMDIjNjEjJDEjJDAjJDgz,21,재활의학과,0,0,가양삼성정형외과의원,의원,강서구
JDQ4MTg4MSM1MSMkMiMkOCMkMDAkMzgxMzUxIzIxIyQxIyQ1IyQ5MiQyNjE4MzIjNTEjJDEjJDIjJDgz,1,내과,3,0,가양성모내과의원,의원,강서구
JDQ4MTg4MSM1MSMkMiMkOCMkMDAkMzgxMzUxIzIxIyQxIyQ1IyQ5MiQyNjE4MzIjNTEjJDEjJDIjJDgz,13,이비인후과,0,0,가양성모내과의원,의원,강서구
JDQ4MTg4MSM1MSMkMiMkOCMkMDAkMzgxMzUxIzIxIyQxIyQ1IyQ5MiQyNjE4MzIjNTEjJDEjJDIjJDgz,14,피부과,0,0,가양성모내과의원,의원,강서구
JDQ4MTg4MSM1MSMkMiMkOCMkMDAkMzgxMzUxIzIxIyQxIyQ1IyQ5MiQyNjE4MzIjNTEjJDEjJDIjJDgz,15,비뇨의학과,0,0,가양성모내과의원,의원,강서구
JDQ4MTg4MSM1MSMkMiMkOCMkMDAkMzgxMzUxIzIxIyQxIyQ1IyQ5MiQyNjE4MzIjNTEjJDEjJDIjJDgz,23,가정의학과,0,0,가양성모내과의원,의원,강서구
JDQ4MTg4MSM1MSMkMiMkOCMkMDAkMzgxMTkxIzQxIyQxIyQ3IyQ5OSQzNjEwMDIjODEjJDEjJDYjJDgz,5,정형외과,2,0,가양제일365정형외과의원,의원,강서구
JDQ4MTg4MSM1MSMkMiMkOCMkMDAkMzgxMTkxIzQxIyQxIyQ3IyQ5OSQzNjEwMDIjODEjJDEjJDYjJDgz,6,신경외과,0,0,가양제일365정형외과의원,의원,강서구
JDQ4MTg4MSM1MSMkMiMkOCMkMDAkMzgxMTkxIzQxIyQxIyQ3IyQ5OSQzNjEwMDIjODEjJDEjJDYjJDgz,9,마취통증의학과,0,0,가양제일365정형외과의원,의원,강서구
JDQ4MTg4MSM1MSMkMiMkOCMkMDAkMzgxMTkxIzQxIyQxIyQ3IyQ5OSQzNjEwMDIjODEjJDEjJDYjJDgz,21,재활의학과,1,0,가양제일365정형외과의원,의원,강서구
JDQ4MTg4MSM1MSMkMiMkOCMkMDAkMzgxMTkxIzQxIyQxIyQ3IyQ5OSQzNjEwMDIjODEjJDEjJDYjJDgz,23,가정의학과,1,0,가양제일365정형외과의원,의원,강서구
JDQ4MTg4MSM1MSMkMiMkOCMkMDAkMzgxMTkxIzQxIyQxIyQ3IyQ5OSQzNjEwMDIjODEjJDEjJDYjJDgz,24,응급의학과,0,0,가양제일365정형외과의원,의원,강서구
JDQ4MTg4MSM1MSMkMiMkNCMkMDAkNDgxMzUxIzExIyQxIyQzIyQxMyQzNjEwMDIjNTEjJDEjJDIjJDgz,10,산부인과,4,0,가연관악산부인과의원,의원,관악구
JDQ4MTg4MSM1MSMkMiMkNCMkMDAkNDgxMzUxIzExIyQxIyQzIyQxMyQzNjEwMDIjNTEjJDEjJDIjJDgz,11,소아청소년과,1,0,가연관악산부인과의원,의원,관악구
JDQ4MTg4MSM1MSMkMiMkOCMkMDAkMzgxMzUxIzMxIyQxIyQzIyQ3OSQyNjE0ODEjNDEjJDEjJDQjJDgz,15,비뇨의학과,1,0,가온삼성비뇨의학과의원,의원,성동구
JDQ4MTg4MSM1MSMkMiMkNCMkMDAkNTgxOTYxIzIxIyQxIyQ1IyQwMyQ0NjE0ODEjNjEjJDEjJDgjJDgz,1,내과,0,0,가온유외과의원,의원,강서구
JDQ4MTg4MSM1MSMkMiMkNCMkMDAkNTgxOTYxIzIxIyQxIyQ1IyQwMyQ0NjE0ODEjNjEjJDEjJDgjJDgz,4,외과,1,0,가온유외과의원,의원,강서구
JDQ4MTg4MSM1MSMkMiMkNCMkMDAkNTgxOTYxIzIxIyQxIyQ1IyQwMyQ0NjE0ODEjNjEjJDEjJDgjJDgz,11,소아청소년과,0,0,가온유외과의원,의원,강서구
JDQ4MTg4MSM1MSMkMiMkNCMkMDAkNTgxOTYxIzIxIyQxIyQ1IyQwMyQ0NjE0ODEjNjEjJDEjJDgjJDgz,23,가정의학과,0,0,가온유외과의원,의원,강서구
JDQ4MTg4MSM1MSMkMiMkOCMkMDAkMzgxOTYxIzExIyQxIyQzIyQxMyQzNjEyMjIjODEjJDEjJDIjJDgz,3,정신건강의학과,1,0,가온정신건강의학과의원,의원,광진구
JDQ4MTg4MSM1MSMkMiMkMCMkMDAkNTgxOTYxIzIxIyQxIyQxIyQ5MiQyNjE0ODEjNTEjJDEjJDYjJDgz,8,성형외과,1,0,가인성형외과의원,의원,강남구
JDQ4MTg4MSM1MSMkMiMkOCMkMDAkMzgxMzUxIzMxIyQyIyQzIyQwMCQ0NjEwMDIjNjEjJDEjJDQjJDgz,1,내과,1,0,가장편한내과의원,의원,동작구
JDQ4MTg4MSM1MSMkMiMkOCMkMDAkMzgxMzUxIzMxIyQyIyQzIyQwMCQ0NjEwMDIjNjEjJDEjJDQjJDgz,11,소아청소년과,0,0,가장편한내과의원,의원,동작구
JDQ4MTg4MSM1MSMkMiMkOCMkMDAkMzgxMzUxIzMxIyQyIyQzIyQwMCQ0NjEwMDIjNjEjJDEjJDQjJDgz,13,이비인후과,0,0,가장편한내과의원,의원,동작구
JDQ4MTg4MSM1MSMkMiMkOCMkMDAkMzgxMzUxIzMxIyQyIyQzIyQwMCQ0NjEwMDIjNjEjJDEjJDQjJDgz,16,영상의학과,0,0,가장편한내과의원,의원,동작구
JDQ4MTg4MSM1MSMkMiMkNCMkMDAkNTgxMzUxIzMxIyQyIyQ3IyQwMCQyNjE4MzIjNTEjJDEjJDIjJDgz,1,내과,1,0,가재울정내과의원,의원,서대문구
JDQ4MTg4MSM1MSMkMiMkNCMkMDAkNTgxMzUxIzMxIyQyIyQ3IyQwMCQyNjE4MzIjNTEjJDEjJDIjJDgz,4,외과,0,0,가재울정내과의원,의원,서대문구
JDQ4MTg4MSM1MSMkMiMkNCMkMDAkNTgxMzUxIzMxIyQyIyQ3IyQwMCQyNjE4MzIjNTEjJDEjJDIjJDgz,11,소아청소년과,0,0,가재울정내과의원,의원,서대문구
JDQ4MTg4MSM1MSMkMiMkNCMkMDAkNTgxMzUxIzMxIyQyIyQ3IyQwMCQyNjE4MzIjNTEjJDEjJDIjJDgz,12,안과,0,0,가재울정내과의원,의원,서대문구
JDQ4MTg4MSM1MSMkMiMkNCMkMDAkNTgxMzUxIzMxIyQyIyQ3IyQwMCQyNjE4MzIjNTEjJDEjJDIjJDgz,13,이비인후과,0,0,가재울정내과의원,의원,서대문구
JDQ4MTg4MSM1MSMkMiMkNCMkMDAkNTgxMzUxIzMxIyQyIyQ3IyQwMCQyNjE4MzIjNTEjJDEjJDIjJDgz,14,피부과,0,0,가재울정내과의원,의원,서대문구
JDQ4MTg4MSM1MSMkMiMkNCMkMDAkNTgxMzUxIzMxIyQyIyQ3IyQwMCQyNjE4MzIjNTEjJDEjJDIjJDgz,15,비뇨의학과,0,0,가재울정내과의원,의원,서대문구
JDQ4MTg4MSM1MSMkMiMkNCMkMDAkNTgxMzUxIzMxIyQyIyQ3IyQwMCQyNjE4MzIjNTEjJDEjJDIjJDgz,16,영상의학과,0,0,가재울정내과의원,의원,서대문구
JDQ4MTg4MSM1MSMkMiMkNCMkMDAkNTgxMzUxIzMxIyQyIyQ3IyQwMCQyNjE4MzIjNTEjJDEjJDIjJDgz,23,가정의학과,0,0,가재울정내과의원,의원,서대문구
JDQ4MTg4MSM1MSMkMiMkMCMkMDAkNDgxOTYxIzExIyQxIyQzIyQ5OSQyNjE4MzIjNzEjJDEjJDgjJDgz,1,내과,0,0,가족건강의원,의원,도봉구
JDQ4MTg4MSM1MSMkMiMkMCMkMDAkNDgxOTYxIzExIyQxIyQzIyQ5OSQyNjE4MzIjNzEjJDEjJDgjJDgz,11,소아청소년과,1,0,가족건강의원,의원,도봉구
JDQ4MTg4MSM1MSMkMiMkMCMkMDAkNDgxOTYxIzExIyQxIyQzIyQ5OSQyNjE4MzIjNzEjJDEjJDgjJDgz,14,피부과,0,0,가족건강의원,의원,도봉구
JDQ4MTg4MSM1MSMkMiMkMCMkMDAkNDgxOTYxIzExIyQxIyQzIyQ5OSQyNjE4MzIjNzEjJDEjJDgjJDgz,23,가정의학과,0,0,가족건강의원,의원,도봉구
JDQ4MTg4MSM1MSMkMiMkNCMkMDAkMzgxOTYxIzIxIyQxIyQxIyQ3OSQzNjE4MzIjNDEjJDEjJDQjJDgz,2,신경과,0,0,가족사랑서울정신건강의학과의원,의원,동작구
JDQ4MTg4MSM1MSMkMiMkNCMkMDAkMzgxOTYxIzIxIyQxIyQxIyQ3OSQzNjE4MzIjNDEjJDEjJDQjJDgz,3,정신건강의학과,2,0,가족사랑서울정신건강의학과의원,의원,동작구
JDQ4MTg4MSM1MSMkMiMkNCMkMDAkNDgxMzUxIzIxIyQxIyQ1IyQ4MiQzNjEwMDIjNDEjJDEjJDQjJDgz,2,신경과,0,0,가족사랑서울정신건강의학과의원,의원,영등포구
JDQ4MTg4MSM1MSMkMiMkNCMkMDAkNDgxMzUxIzIxIyQxIyQ1IyQ4MiQzNjEwMDIjNDEjJDEjJDQjJDgz,3,정신건강의학과,2,0,가족사랑서울정신건강의학과의원,의원,영등포구
JDQ4MTg4MSM1MSMkMiMkMCMkMDAkNTgxOTYxIzIxIyQxIyQ5IyQwMyQzNjE4MzIjNDEjJDEjJDgjJDgz,1,내과,0,0,가족사랑의원,의원,양천구
JDQ4MTg4MSM1MSMkMiMkNCMkMDAkMzgxNzAyIzIxIyQxIyQ5IyQ3MiQyNjEyMjIjODEjJDEjJDYjJDgz,3,정신건강의학과,1,0,가족사랑정신과의원,의원,강서구
JDQ4MTg4MSM1MSMkMiMkNCMkMDAkMzgxNzAyIzUxIyQxIyQxIyQxMyQyNjEyMjIjNTEjJDEjJDYjJDgz,1,내과,1,0,가족애내과의원,의원,광진구
JDQ4MTg4MSM1MSMkMiMkNCMkMDAkMzgxNzAyIzUxIyQxIyQxIyQxMyQyNjEyMjIjNTEjJDEjJDYjJDgz,11,소아청소년과,0,0,가족애내과의원,의원,광진구
JDQ4MTg4MSM1MSMkMiMkNCMkMDAkMzgxMTkxIzMxIyQxIyQ3IyQxMyQzNjEwMDIjNDEjJDEjJDQjJDgz,1,내과,0,0,가톨릭권정형외과의원,의원,영등포구
JDQ4MTg4MSM1MSMkMiMkNCMkMDAkMzgxMTkxIzMxIyQxIyQ3IyQxMyQzNjEwMDIjNDEjJDEjJDQjJDgz,2,신경과,0,0,가톨릭권정형외과의원,의원,영등포구
JDQ4MTg4MSM1MSMkMiMkNCMkMDAkMzgxMTkxIzMxIyQxIyQ3IyQxMyQzNjEwMDIjNDEjJDEjJDQjJDgz,3,정신건강의학과,0,0,가톨릭권정형외과의원,의원,영등포구
JDQ4MTg4MSM1MSMkMiMkNCMkMDAkMzgxMTkxIzMxIyQxIyQ3IyQxMyQzNjEwMDIjNDEjJDEjJDQjJDgz,5,정형외과,1,0,가톨릭권정형외과의원,의원,영등포구
JDQ4MTg4MSM1MSMkMiMkNCMkMDAkMzgxMTkxIzMxIyQxIyQ3IyQxMyQzNjEwMDIjNDEjJDEjJDQjJDgz,6,신경외과,0,0,가톨릭권정형외과의원,의원,영등포구
JDQ4MTg4MSM1MSMkMiMkNCMkMDAkMzgxMTkxIzMxIyQxIyQ3IyQxMyQzNjEwMDIjNDEjJDEjJDQjJDgz,7,심장혈관흉부외과,0,0,가톨릭권정형외과의원,의원,영등포구
JDQ4MTg4MSM1MSMkMiMkNCMkMDAkMzgxMTkxIzMxIyQxIyQ3IyQxMyQzNjEwMDIjNDEjJDEjJDQjJDgz,8,성형외과,0,0,가톨릭권정형외과의원,의원,영등포구
JDQ4MTg4MSM1MSMkMiMkNCMkMDAkMzgxMTkxIzMxIyQxIyQ3IyQxMyQzNjEwMDIjNDEjJDEjJDQjJDgz,9,마취통증의학과,0,0,가톨릭권정형외과의원,의원,영등포구
JDQ4MTg4MSM1MSMkMiMkNCMkMDAkMzgxMTkxIzMxIyQxIyQ3IyQxMyQzNjEwMDIjNDEjJDEjJDQjJDgz,10,산부인과,0,0,가톨릭권정형외과의원,의원,영등포구
JDQ4MTg4MSM1MSMkMiMkNCMkMDAkMzgxMTkxIzMxIyQxIyQ3IyQxMyQzNjEwMDIjNDEjJDEjJDQjJDgz,11,소아청소년과,0,0,가톨릭권정형외과의원,의원,영등포구
JDQ4MTg4MSM1MSMkMiMkNCMkMDAkMzgxMTkxIzMxIyQxIyQ3IyQxMyQzNjEwMDIjNDEjJDEjJDQjJDgz,12,안과,0,0,가톨릭권정형외과의원,의원,영등포구
JDQ4MTg4MSM1MSMkMiMkNCMkMDAkMzgxMTkxIzMxIyQxIyQ3IyQxMyQzNjEwMDIjNDEjJDEjJDQjJDgz,13,이비인후과,0,0,가톨릭권정형외과의원,의원,영등포구
JDQ4MTg4MSM1MSMkMiMkNCMkMDAkMzgxMTkxIzMxIyQxIyQ3IyQxMyQzNjEwMDIjNDEjJDEjJDQjJDgz,14,피부과,0,0,가톨릭권정형외과의원,의원,영등포구
JDQ4MTg4MSM1MSMkMiMkNCMkMDAkMzgxMTkxIzMxIyQxIyQ3IyQxMyQzNjEwMDIjNDEjJDEjJDQjJDgz,15,비뇨의학과,0,0,가톨릭권정형외과의원,의원,영등포구
JDQ4MTg4MSM1MSMkMiMkNCMkMDAkMzgxMTkxIzMxIyQxIyQ3IyQxMyQzNjEwMDIjNDEjJDEjJDQjJDgz,16,영상의학과,0,0,가톨릭권정형외과의원,의원,영등포구
JDQ4MTg4MSM1MSMkMiMkNCMkMDAkMzgxMTkxIzMxIyQxIyQ3IyQxMyQzNjEwMDIjNDEjJDEjJDQjJDgz,17,방사선종양학과,0,0,가톨릭권정형외과의원,의원,영등포구
JDQ4MTg4MSM1MSMkMiMkNCMkMDAkMzgxMTkxIzMxIyQxIyQ3IyQxMyQzNjEwMDIjNDEjJDEjJDQjJDgz,18,병리과,0,0,가톨릭권정형외과의원,의원,영등포구
JDQ4MTg4MSM1MSMkMiMkNCMkMDAkMzgxMTkxIzMxIyQxIyQ3IyQxMyQzNjEwMDIjNDEjJDEjJDQjJDgz,19,진단검사의학과,0,0,가톨릭권정형외과의원,의원,영등포구
JDQ4MTg4MSM1MSMkMiMkNCMkMDAkMzgxMTkxIzMxIyQxIyQ3IyQxMyQzNjEwMDIjNDEjJDEjJDQjJDgz,20,결핵과,0,0,가톨릭권정형외과의원,의원,영등포구
JDQ4MTg4MSM1MSMkMiMkNCMkMDAkMzgxMTkxIzMxIyQxIyQ3IyQxMyQzNjEwMDIjNDEjJDEjJDQjJDgz,21,재활의학과,0,0,가톨릭권정형외과의원,의원,영등포구
JDQ4MTg4MSM1MSMkMiMkNCMkMDAkMzgxMTkxIzMxIyQxIyQ3IyQxMyQzNjEwMDIjNDEjJDEjJDQjJDgz,22,핵의학과,0,0,가톨릭권정형외과의원,의원,영등포구
JDQ4MTg4MSM1MSMkMiMkNCMkMDAkMzgxMTkxIzMxIyQxIyQ3IyQxMyQzNjEwMDIjNDEjJDEjJDQjJDgz,23,가정의학과,0,0,가톨릭권정형외과의원,의원,영등포구
JDQ4MTg4MSM1MSMkMiMkNCMkMDAkMzgxMTkxIzMxIyQxIyQ3IyQxMyQzNjEwMDIjNDEjJDEjJDQjJDgz,24,응급의학과,0,0,가톨릭권정형외과의원,의원,영등포구
JDQ4MTg4MSM1MSMkMiMkNCMkMDAkMzgxMTkxIzMxIyQxIyQ3IyQxMyQzNjEwMDIjNDEjJDEjJDQjJDgz,25,직업환경의학과,0,0,가톨릭권정형외과의원,의원,영등포구
JDQ4MTg4MSM1MSMkMiMkNCMkMDAkMzgxMTkxIzMxIyQxIyQ3IyQxMyQzNjEwMDIjNDEjJDEjJDQjJDgz,26,예방의학과,0,0,가톨릭권정형외과의원,의원,영등포구
JDQ4MTg4MSM1MSMkMiMkMCMkMDAkNDgxMTkxIzIxIyQxIyQxIyQ3OSQzNjEyMjIjNjEjJDEjJDQjJDgz,1,내과,0,0,가톨릭성모의원,의원,도봉구
JDQ4MTg4MSM1MSMkMiMkMCMkMDAkNDgxMTkxIzIxIyQxIyQxIyQ3OSQzNjEyMjIjNjEjJDEjJDQjJDgz,4,외과,1,0,가톨릭성모의원,의원,도봉구
JDQ4MTg4MSM1MSMkMiMkMCMkMDAkNDgxMTkxIzIxIyQxIyQxIyQ3OSQzNjEyMjIjNjEjJDEjJDQjJDgz,5,정형외과,0,0,가톨릭성모의원,의원,도봉구
JDQ4MTg4MSM1MSMkMiMkMCMkMDAkNDgxMTkxIzIxIyQxIyQxIyQ3OSQzNjEyMjIjNjEjJDEjJDQjJDgz,9,마취통증의학과,0,0,가톨릭성모의원,의원,도봉구
JDQ4MTg4MSM1MSMkMiMkMCMkMDAkNDgxMTkxIzMxIyQxIyQzIyQ5OSQzNjEwMDIjNDEjJDEjJDgjJDgz,5,정형외과,1,0,가톨릭정형외과의원,의원,강남구
JDQ4MTg4MSM1MSMkMiMkMCMkMDAkNDgxMTkxIzMxIyQxIyQzIyQ5OSQzNjEwMDIjNDEjJDEjJDgjJDgz,6,신경외과,0,0,가톨릭정형외과의원,의원,강남구
JDQ4MTg4MSM1MSMkMiMkMCMkMDAkNDgxMTkxIzMxIyQxIyQzIyQ5OSQzNjEwMDIjNDEjJDEjJDgjJDgz,15,비뇨의학과,0,0,가톨릭정형외과의원,의원,강남구
JDQ4MTg4MSM1MSMkMiMkMCMkMDAkNDgxMTkxIzMxIyQxIyQzIyQ5OSQzNjEwMDIjNDEjJDEjJDgjJDgz,21,재활의학과,0,0,가톨릭정형외과의원,의원,강남구
JDQ4MTg4MSM1MSMkMiMkMCMkMDAkNTgxMzUxIzMxIyQxIyQ3IyQxMyQyNjEwMDIjNjEjJDEjJDgjJDgz,1,내과,0,0,가톨릭정형외과의원,의원,은평구
JDQ4MTg4MSM1MSMkMiMkMCMkMDAkNTgxMzUxIzMxIyQxIyQ3IyQxMyQyNjEwMDIjNjEjJDEjJDgjJDgz,4,외과,0,0,가톨릭정형외과의원,의원,은평구
JDQ4MTg4MSM1MSMkMiMkMCMkMDAkNTgxMzUxIzMxIyQxIyQ3IyQxMyQyNjEwMDIjNjEjJDEjJDgjJDgz,5,정형외과,1,0,가톨릭정형외과의원,의원,은평구
JDQ4MTg4MSM1MSMkMiMkMCMkMDAkNTgxMzUxIzMxIyQxIyQ3IyQxMyQyNjEwMDIjNjEjJDEjJDgjJDgz,6,신경외과,0,0,가톨릭정형외과의원,의원,은평구
JDQ4MTg4MSM1MSMkMiMkMCMkMDAkNTgxMzUxIzMxIyQxIyQ3IyQxMyQyNjEwMDIjNjEjJDEjJDgjJDgz,9,마취통증의학과,0,0,가톨릭정형외과의원,의원,은평구
JDQ4MTg4MSM1MSMkMiMkMCMkMDAkNTgxMzUxIzMxIyQxIyQ3IyQxMyQyNjEwMDIjNjEjJDEjJDgjJDgz,14,피부과,0,0,가톨릭정형외과의원,의원,은평구
JDQ4MTg4MSM1MSMkMiMkMCMkMDAkNTgxMzUxIzMxIyQxIyQ3IyQxMyQyNjEwMDIjNjEjJDEjJDgjJDgz,15,비뇨의학과,0,0,가톨릭정형외과의원,의원,은평구
JDQ4MTg4MSM1MSMkMiMkMCMkMDAkNTgxMzUxIzMxIyQxIyQ3IyQxMyQyNjEwMDIjNjEjJDEjJDgjJDgz,21,재활의학과,0,0,가톨릭정형외과의원,의원,은평구
JDQ4MTg4MSM1MSMkMiMkMCMkMDAkNTgxOTYxIzMxIyQxIyQzIyQ5MiQ0NjEwMDIjNjEjJDEjJDgjJDgz,1,내과,0,0,가톨릭정형외과의원,의원,중랑구
JDQ4MTg4MSM1MSMkMiMkMCMkMDAkNTgxOTYxIzMxIyQxIyQzIyQ5MiQ0NjEwMDIjNjEjJDEjJDgjJDgz,4,외과,0,0,가톨릭정형외과의원,의원,중랑구
JDQ4MTg4MSM1MSMkMiMkMCMkMDAkNTgxOTYxIzMxIyQxIyQzIyQ5MiQ0NjEwMDIjNjEjJDEjJDgjJDgz,5,정형외과,1,0,가톨릭정형외과의원,의원,중랑구
JDQ4MTg4MSM1MSMkMiMkMCMkMDAkNTgxOTYxIzMxIyQxIyQzIyQ5MiQ0NjEwMDIjNjEjJDEjJDgjJDgz,6,신경외과,0,0,가톨릭정형외과의원,의원,중랑구
JDQ4MTg4MSM1MSMkMiMkMCMkMDAkNTgxOTYxIzMxIyQxIyQzIyQ5MiQ0NjEwMDIjNjEjJDEjJDgjJDgz,9,마취통증의학과,0,0,가톨릭정형외과의원,의원,중랑구
JDQ4MTg4MSM1MSMkMiMkMCMkMDAkNTgxOTYxIzMxIyQxIyQzIyQ5MiQ0NjEwMDIjNjEjJDEjJDgjJDgz,10,산부인과,0,0,가톨릭정형외과의원,의원,중랑구
JDQ4MTg4MSM1MSMkMiMkMCMkMDAkNTgxOTYxIzMxIyQxIyQzIyQ5MiQ0NjEwMDIjNjEjJDEjJDgjJDgz,11,소아청소년과,0,0,가톨릭정형외과의원,의원,중랑구
JDQ4MTg4MSM1MSMkMiMkMCMkMDAkNTgxOTYxIzMxIyQxIyQzIyQ5MiQ0NjEwMDIjNjEjJDEjJDgjJDgz,14,피부과,0,0,가톨릭정형외과의원,의원,중랑구
JDQ4MTg4MSM1MSMkMiMkMCMkMDAkNTgxOTYxIzMxIyQxIyQzIyQ5MiQ0NjEwMDIjNjEjJDEjJDgjJDgz,15,비뇨의학과,0,0,가톨릭정형외과의원,의원,중랑구
JDQ4MTg4MSM1MSMkMiMkMCMkMDAkNTgxOTYxIzMxIyQxIyQzIyQ5MiQ0NjEwMDIjNjEjJDEjJDgjJDgz,16,영상의학과,0,0,가톨릭정형외과의원,의원,중랑구
JDQ4MTg4MSM1MSMkMiMkMCMkMDAkNTgxOTYxIzMxIyQxIyQzIyQ5MiQ0NjEwMDIjNjEjJDEjJDgjJDgz,19,진단검사의학과,0,0,가톨릭정형외과의원,의원,중랑구
JDQ4MTg4MSM1MSMkMiMkMCMkMDAkNTgxOTYxIzMxIyQxIyQzIyQ5MiQ0NjEwMDIjNjEjJDEjJDgjJDgz,21,재활의학과,0,0,가톨릭정형외과의원,의원,중랑구
JDQ4MTg4MSM1MSMkMiMkMCMkMDAkNTgxOTYxIzMxIyQxIyQzIyQ5MiQ0NjEwMDIjNjEjJDEjJDgjJDgz,23,가정의학과,0,0,가톨릭정형외과의원,의원,중랑구
JDQ4MTg4MSM1MSMkMiMkOCMkMDAkMzgxMzUxIzMxIyQxIyQzIyQ4OSQzNjEyMjIjNjEjJDEjJDgjJDgz,15,비뇨의학과,1,0,감동비뇨의학과의원,의원,서초구
JDQ4MTg4MSM1MSMkMiMkNCMkMDAkMzgxMzUxIzUxIyQxIyQ1IyQ4MiQyNjE0ODEjNjEjJDEjJDQjJDgz,1,내과,0,0,감사원의무실부속의원,의원,종로구
JDQ4MTg4MSM1MSMkMiMkOCMkMDAkMzgxMTkxIzMxIyQxIyQzIyQ3OSQyNjE0ODEjNDEjJDEjJDgjJDgz,1,내과,1,0,감사한내과의원,의원,동대문구
JDQ4MTg4MSM1MSMkMiMkOCMkMDAkMzgxMTkxIzMxIyQxIyQzIyQ3OSQyNjE0ODEjNDEjJDEjJDgjJDgz,13,이비인후과,0,0,감사한내과의원,의원,동대문구
JDQ4MTg4MSM1MSMkMiMkOCMkMDAkMzgxMTkxIzMxIyQxIyQzIyQ3OSQyNjE0ODEjNDEjJDEjJDgjJDgz,14,피부과,0,0,감사한내과의원,의원,동대문구
JDQ4MTg4MSM1MSMkMiMkOCMkMDAkMzgxMTkxIzMxIyQxIyQzIyQ3OSQyNjE0ODEjNDEjJDEjJDgjJDgz,15,비뇨의학과,0,0,감사한내과의원,의원,동대문구
JDQ4MTg4MSM1MSMkMiMkOCMkMDAkMzgxMTkxIzMxIyQxIyQzIyQ3OSQyNjE0ODEjNDEjJDEjJDgjJDgz,23,가정의학과,0,0,감사한내과의원,의원,동대문구
JDQ4MTg4MSM1MSMkMiMkOCMkMDAkMzgxMzUxIzIxIyQxIyQ1IyQ4OSQzNjE4MzIjNDEjJDEjJDgjJDgz,1,내과,0,0,감자와눈사람여성의원,의원,강서구
JDQ4MTg4MSM1MSMkMiMkOCMkMDAkMzgxMzUxIzIxIyQxIyQ1IyQ4OSQzNjE4MzIjNDEjJDEjJDgjJDgz,10,산부인과,5,0,감자와눈사람여성의원,의원,강서구
JDQ4MTg4MSM1MSMkMiMkMCMkMDAkNTgxOTYxIzExIyQxIyQ3IyQ2MiQzNjE4MzIjNTEjJDEjJDIjJDgz,1,내과,0,0,강가정의학과의원,의원,동대문구
JDQ4MTg4MSM1MSMkMiMkMCMkMDAkNTgxOTYxIzExIyQxIyQ3IyQ2MiQzNjE4MzIjNTEjJDEjJDIjJDgz,5,정형외과,0,0,강가정의학과의원,의원,동대문구
JDQ4MTg4MSM1MSMkMiMkMCMkMDAkNTgxOTYxIzExIyQxIyQ3IyQ2MiQzNjE4MzIjNTEjJDEjJDIjJDgz,10,산부인과,0,0,강가정의학과의원,의원,동대문구
JDQ4MTg4MSM1MSMkMiMkMCMkMDAkNTgxOTYxIzExIyQxIyQ3IyQ2MiQzNjE4MzIjNTEjJDEjJDIjJDgz,11,소아청소년과,0,0,강가정의학과의원,의원,동대문구
JDQ4MTg4MSM1MSMkMiMkMCMkMDAkNTgxOTYxIzExIyQxIyQ3IyQ2MiQzNjE4MzIjNTEjJDEjJDIjJDgz,13,이비인후과,0,0,강가정의학과의원,의원,동대문구
JDQ4MTg4MSM1MSMkMiMkMCMkMDAkNTgxOTYxIzExIyQxIyQ3IyQ2MiQzNjE4MzIjNTEjJDEjJDIjJDgz,14,피부과,0,0,강가정의학과의원,의원,동대문구
JDQ4MTg4MSM1MSMkMiMkMCMkMDAkNTgxOTYxIzExIyQxIyQ3IyQ2MiQzNjE4MzIjNTEjJDEjJDIjJDgz,15,비뇨의학과,0,0,강가정의학과의원,의원,동대문구
JDQ4MTg4MSM1MSMkMiMkMCMkMDAkNTgxOTYxIzExIyQxIyQ3IyQ2MiQzNjE4MzIjNTEjJDEjJDIjJDgz,23,가정의학과,1,0,강가정의학과의원,의원,동대문구
JDQ4MTg4MSM1MSMkMiMkMCMkMDAkNTgxOTYxIzMxIyQxIyQzIyQwMyQyNjE0ODEjNDEjJDEjJDQjJDgz,1,내과,0,0,강가정의학과의원,의원,마포구
JDQ4MTg4MSM1MSMkMiMkMCMkMDAkNTgxOTYxIzMxIyQxIyQzIyQwMyQyNjE0ODEjNDEjJDEjJDQjJDgz,4,외과,0,0,강가정의학과의원,의원,마포구
JDQ4MTg4MSM1MSMkMiMkMCMkMDAkNTgxOTYxIzMxIyQxIyQzIyQwMyQyNjE0ODEjNDEjJDEjJDQjJDgz,11,소아청소년과,0,0,강가정의학과의원,의원,마포구
JDQ4MTg4MSM1MSMkMiMkMCMkMDAkNTgxOTYxIzMxIyQxIyQzIyQwMyQyNjE0ODEjNDEjJDEjJDQjJDgz,13,이비인후과,0,0,강가정의학과의원,의원,마포구
JDQ4MTg4MSM1MSMkMiMkMCMkMDAkNTgxOTYxIzMxIyQxIyQzIyQwMyQyNjE0ODEjNDEjJDEjJDQjJDgz,14,피부과,0,0,강가정의학과의원,의원,마포구
JDQ4MTg4MSM1MSMkMiMkMCMkMDAkNTgxMzUxIzMxIyQxIyQzIyQ3MiQ0NjEwMDIjNjEjJDEjJDgjJDgz,11,소아청소년과,1,0,강경훈소아과의원,의원,관악구
JDQ4MTg4MSM1MSMkMiMkOCMkMDAkMzgxOTYxIzUxIyQxIyQ1IyQ5MiQ0NjEwMDIjNjEjJDEjJDQjJDgz,8,성형외과,0,0,강남 리쥬엘의원,의원,서초구
JDQ4MTg4MSM1MSMkMiMkOCMkMDAkMzgxOTYxIzUxIyQxIyQ1IyQ5MiQ0NjEwMDIjNjEjJDEjJDQjJDgz,14,피부과,0,0,강남 리쥬엘의원,의원,서초구
JDQ4MTg4MSM1MSMkMiMkOCMkMDAkMzgxOTYxIzUxIyQxIyQ1IyQ5MiQ0NjEwMDIjNjEjJDEjJDQjJDgz,23,가정의학과,1,0,강남 리쥬엘의원,의원,서초구
JDQ4MTg4MSM1MSMkMiMkMCMkMDAkNDgxMTkxIzIxIyQyIyQ5IyQwMCQzNjEwMDIjNDEjJDEjJDgjJDgz,8,성형외과,0,0,강남12의원,의원,강남구
JDQ4MTg4MSM1MSMkMiMkMCMkMDAkNDgxMTkxIzIxIyQyIyQ5IyQwMCQzNjEwMDIjNDEjJDEjJDgjJDgz,14,피부과,0,0,강남12의원,의원,강남구
JDQ4MTg4MSM1MSMkMiMkNCMkMDAkNDgxMTkxIzMxIyQxIyQ3IyQxMyQzNjEyMjIjNDEjJDEjJDQjJDgz,1,내과,0,0,강남365가정의학과의원,의원,강남구
JDQ4MTg4MSM1MSMkMiMkNCMkMDAkNDgxMTkxIzMxIyQxIyQ3IyQxMyQzNjEyMjIjNDEjJDEjJDQjJDgz,5,정형외과,0,0,강남365가정의학과의원,의원,강남구
JDQ4MTg4MSM1MSMkMiMkNCMkMDAkNDgxMTkxIzMxIyQxIyQ3IyQxMyQzNjEyMjIjNDEjJDEjJDQjJDgz,11,소아청소년과,0,0,강남365가정의학과의원,의원,강남구
JDQ4MTg4MSM1MSMkMiMkNCMkMDAkNDgxMTkxIzMxIyQxIyQ3IyQxMyQzNjEyMjIjNDEjJDEjJDQjJDgz,13,이비인후과,0,0,강남365가정의학과의원,의원,강남구
JDQ4MTg4MSM1MSMkMiMkNCMkMDAkNDgxMTkxIzMxIyQxIyQ3IyQxMyQzNjEyMjIjNDEjJDEjJDQjJDgz,14,피부과,0,0,강남365가정의학과의원,의원,강남구
JDQ4MTg4MSM1MSMkMiMkNCMkMDAkNDgxMTkxIzMxIyQxIyQ3IyQxMyQzNjEyMjIjNDEjJDEjJDQjJDgz,15,비뇨의학과,0,0,강남365가정의학과의원,의원,강남구
JDQ4MTg4MSM1MSMkMiMkNCMkMDAkNDgxMTkxIzMxIyQxIyQ3IyQxMyQzNjEyMjIjNDEjJDEjJDQjJDgz,23,가정의학과,1,0,강남365가정의학과의원,의원,강남구
JDQ4MTg4MSM1MSMkMiMkNCMkMDAkMzgxOTYxIzUxIyQxIyQxIyQ4OSQzNjE0ODEjNDEjJDEjJDgjJDgz,14,피부과,0,0,강남가드비뇨기과의원,의원,동작구
JDQ4MTg4MSM1MSMkMiMkNCMkMDAkMzgxOTYxIzUxIyQxIyQxIyQ4OSQzNjE0ODEjNDEjJDEjJDgjJDgz,15,비뇨의학과,1,0,강남가드비뇨기과의원,의원,동작구
JDQ4MTg4MSM1MSMkMiMkNCMkMDAkMzgxOTYxIzUxIyQxIyQxIyQ4OSQzNjE0ODEjNDEjJDEjJDgjJDgz,23,가정의학과,0,0,강남가드비뇨기과의원,의원,동작구
JDQ4MTg4MSM1MSMkMiMkNCMkMDAkMzgxMTkxIzQxIyQxIyQ3IyQ3MiQzNjE4MzIjNTEjJDEjJDYjJDgz,14,피부과,1,0,강남고운세상피부과의원,의원,강남구
JDQ4MTg4MSM1MSMkMiMkNCMkMDAkNDgxNzAyIzQxIyQxIyQ3IyQ5MiQzNjEwMDIjODEjJDEjJDYjJDgz,4,외과,0,0,강남권산부인과의원,의원,강남구
JDQ4MTg4MSM1MSMkMiMkNCMkMDAkNDgxNzAyIzQxIyQxIyQ3IyQ5MiQzNjEwMDIjODEjJDEjJDYjJDgz,10,산부인과,1,0,강남권산부인과의원,의원,강남구
JDQ4MTg4MSM1MSMkMiMkNCMkMDAkNTgxOTYxIzQxIyQxIyQ3IyQwMyQzNjE0ODEjODEjJDEjJDYjJDgz,12,안과,3,0,강남그랜드안과의원,의원,서초구
JDQ4MTg4MSM1MSMkMiMkOCMkMDAkMzgxMTkxIzIxIyQxIyQ5IyQ4OSQzNjEyMjIjNDEjJDEjJDgjJDgz,14,피부과,0,0,강남다움의원,의원,서초구
JDQ4MTg4MSM1MSMkMiMkOCMkMDAkMzgxOTYxIzUxIyQxIyQxIyQ3OSQyNjE0ODEjNjEjJDEjJDAjJDgz,14,피부과,0,0,강남닥터에버스의원,의원,강남구
JDQ4MTg4MSM1MSMkMiMkNCMkMDAkNTgxMzUxIzExIyQyIyQ3IyQwMCQyNjEwMDIjNjEjJDEjJDAjJDgz,1,내과,0,0,강남더슬림의원,의원,서초구
JDQ4MTg4MSM1MSMkMiMkNCMkMDAkNTgxMzUxIzExIyQyIyQ3IyQwMCQyNjEwMDIjNjEjJDEjJDAjJDgz,8,성형외과,0,0,강남더슬림의원,의원,서초구
JDQ4MTg4MSM1MSMkMiMkNCMkMDAkNTgxMzUxIzExIyQyIyQ3IyQwMCQyNjEwMDIjNjEjJDEjJDAjJDgz,10,산부인과,1,0,강남더슬림의원,의원,서초구
JDQ4MTg4MSM1MSMkMiMkNCMkMDAkNTgxMzUxIzExIyQyIyQ3IyQwMCQyNjEwMDIjNjEjJDEjJDAjJDgz,14,피부과,0,0,강남더슬림의원,의원,서초구
JDQ4MTg4MSM1MSMkMiMkNCMkMDAkNTgxMzUxIzExIyQyIyQ3IyQwMCQyNjEwMDIjNjEjJDEjJDAjJDgz,23,가정의학과,1,0,강남더슬림의원,의원,서초구
JDQ4MTg4MSM1MSMkMiMkNCMkMDAkNTgxMzUxIzExIyQxIyQ3IyQ2MiQyNjE4MzIjODEjJDEjJDIjJDgz,1,내과,0,0,강남더의원,의원,강남구
JDQ4MTg4MSM1MSMkMiMkNCMkMDAkNTgxMzUxIzExIyQxIyQ3IyQ2MiQyNjE4MzIjODEjJDEjJDIjJDgz,11,소아청소년과,0,0,강남더의원,의원,강남구
JDQ4MTg4MSM1MSMkMiMkNCMkMDAkNTgxMzUxIzExIyQxIyQ3IyQ2MiQyNjE4MzIjODEjJDEjJDIjJDgz,13,이비인후과,0,0,강남더의원,의원,강남구
JDQ4MTg4MSM1MSMkMiMkNCMkMDAkNTgxMzUxIzExIyQxIyQ3IyQ2MiQyNjE4MzIjODEjJDEjJDIjJDgz,14,피부과,0,0,강남더의원,의원,강남구
JDQ4MTg4MSM1MSMkMiMkNCMkMDAkNTgxMzUxIzExIyQxIyQ3IyQ2MiQyNjE4MzIjODEjJDEjJDIjJDgz,15,비뇨의학과,1,0,강남더의원,의원,강남구
JDQ4MTg4MSM1MSMkMiMkNCMkMDAkNTgxMzUxIzExIyQxIyQ3IyQ2MiQyNjE4MzIjODEjJDEjJDIjJDgz,23,가정의학과,0,0,강남더의원,의원,강남구
JDQ4MTg4MSM1MSMkMiMkNCMkMDAkNTgxOTYxIzIxIyQxIyQ5IyQ3OSQzNjEyMjIjODEjJDEjJDIjJDgz,12,안과,1,0,강남도쿄안과의원,의원,강남구
JDQ4MTg4MSM1MSMkMiMkNCMkMDAkNTgxOTYxIzQxIyQyIyQ3IyQwMCQyNjEwMDIjODEjJDEjJDIjJDgz,1,내과,1,0,강남드림내과의원,의원,강남구
JDQ4MTg4MSM1MSMkMiMkNCMkMDAkNTgxOTYxIzQxIyQyIyQ3IyQwMCQyNjEwMDIjODEjJDEjJDIjJDgz,2,신경과,1,0,강남드림내과의원,의원,강남구
JDQ4MTg4MSM1MSMkMiMkNCMkMDAkNTgxOTYxIzQxIyQyIyQ3IyQwMCQyNjEwMDIjODEjJDEjJDIjJDgz,13,이비인후과,0,0,강남드림내과의원,의원,강남구
JDQ4MTg4MSM1MSMkMiMkOCMkMDAkMzgxMzUxIzExIyQxIyQ3IyQ4OSQ0NjE0ODEjNzEjJDEjJDgjJDgz,8,성형외과,0,0,강남디렉터의원,의원,서초구
JDQ4MTg4MSM1MSMkMiMkOCMkMDAkMzgxMzUxIzExIyQxIyQ3IyQ4OSQ0NjE0ODEjNzEjJDEjJDgjJDgz,14,피부과,1,0,강남디렉터의원,의원,서초구
JDQ4MTg4MSM1MSMkMiMkNCMkMDAkNTgxOTYxIzExIyQxIyQzIyQxMyQ0NjE0ODEjNjEjJDEjJDAjJDgz,1,내과,0,0,강남라렌의원,의원,강남구
JDQ4MTg4MSM1MSMkMiMkNCMkMDAkNTgxOTYxIzExIyQxIyQzIyQxMyQ0NjE0ODEjNjEjJDEjJDAjJDgz,8,성형외과,0,0,강남라렌의원,의원,강남구
JDQ4MTg4MSM1MSMkMiMkNCMkMDAkNTgxOTYxIzExIyQxIyQzIyQxMyQ0NjE0ODEjNjEjJDEjJDAjJDgz,11,소아청소년과,0,0,강남라렌의원,의원,강남구
JDQ4MTg4MSM1MSMkMiMkNCMkMDAkNTgxOTYxIzExIyQxIyQzIyQxMyQ0NjE0ODEjNjEjJDEjJDAjJDgz,14,피부과,0,0,강남라렌의원,의원,강남구
JDQ4MTg4MSM1MSMkMiMkNCMkMDAkNTgxOTYxIzExIyQxIyQzIyQxMyQ0NjE0ODEjNjEjJDEjJDAjJDgz,23,가정의학과,2,0,강남라렌의원,의원,강남구
JDQ4MTg4MSM1MSMkMiMkNCMkMDAkNTgxOTYxIzExIyQxIyQzIyQ2MiQyNjE4MzIjNzEjJDEjJDgjJDgz,10,산부인과,1,0,강남라이프산부인과의원,의원,서초구
JDQ4MTg4MSM1MSMkMiMkNCMkMDAkNTgxOTYxIzIxIyQxIyQ5IyQ3MiQyNjE4MzIjNDEjJDEjJDQjJDgz,1,내과,0,0,강남라해의원,의원,강남구
JDQ4MTg4MSM1MSMkMiMkNCMkMDAkNTgxOTYxIzIxIyQxIyQ5IyQ3MiQyNjE4MzIjNDEjJDEjJDQjJDgz,8,성형외과,0,0,강남라해의원,의원,강남구
JDQ4MTg4MSM1MSMkMiMkNCMkMDAkNTgxOTYxIzIxIyQxIyQ5IyQ3MiQyNjE4MzIjNDEjJDEjJDQjJDgz,14,피부과,0,0,강남라해의원,의원,강남구
JDQ4MTg4MSM1MSMkMiMkNCMkMDAkMzgxOTYxIzIxIyQxIyQ5IyQ4OSQ0NjE0ODEjODEjJDEjJDIjJDgz,8,성형외과,0,0,강남로미모의원,의원,강남구
JDQ4MTg4MSM1MSMkMiMkNCMkMDAkMzgxOTYxIzIxIyQxIyQ5IyQ4OSQ0NjE0ODEjODEjJDEjJDIjJDgz,14,피부과,0,0,강남로미모의원,의원,강남구
JDQ4MTg4MSM1MSMkMiMkNCMkMDAkNDgxMTkxIzMxIyQxIyQzIyQwMyQyNjEwMDIjNjEjJDEjJDQjJDgz,4,외과,0,0,강남르셀의원,의원,강남구
JDQ4MTg4MSM1MSMkMiMkNCMkMDAkNDgxMTkxIzMxIyQxIyQzIyQwMyQyNjEwMDIjNjEjJDEjJDQjJDgz,8,성형외과,0,0,강남르셀의원,의원,강남구
JDQ4MTg4MSM1MSMkMiMkNCMkMDAkNDgxMTkxIzMxIyQxIyQzIyQwMyQyNjEwMDIjNjEjJDEjJDQjJDgz,9,마취통증의학과,0,0,강남르셀의원,의원,강남구
JDQ4MTg4MSM1MSMkMiMkNCMkMDAkNDgxMTkxIzMxIyQxIyQzIyQwMyQyNjEwMDIjNjEjJDEjJDQjJDgz,10,산부인과,1,0,강남르셀의원,의원,강남구
JDQ4MTg4MSM1MSMkMiMkNCMkMDAkNDgxMTkxIzMxIyQxIyQzIyQwMyQyNjEwMDIjNjEjJDEjJDQjJDgz,14,피부과,0,0,강남르셀의원,의원,강남구
JDQ4MTg4MSM1MSMkMiMkOCMkMDAkMzgxOTYxIzIxIyQxIyQ5IyQ5MiQzNjE4MzIjNzEjJDEjJDgjJDgz,9,마취통증의학과,1,0,강남르시엘여성의원,의원,서초구
JDQ4MTg4MSM1MSMkMiMkOCMkMDAkMzgxOTYxIzIxIyQxIyQ5IyQ5MiQzNjE4MzIjNzEjJDEjJDgjJDgz,10,산부인과,3,0,강남르시엘여성의원,의원,서초구
JDQ4MTg4MSM1MSMkMiMkOCMkMDAkMzgxOTYxIzUxIyQxIyQ1IyQ2MiQ0NjEwMDIjNTEjJDEjJDYjJDgz,5,정형외과,1,0,강남리더스정형외과의원,의원,서초구
JDQ4MTg4MSM1MSMkMiMkOCMkMDAkMzgxOTYxIzUxIyQxIyQ1IyQ2MiQ0NjEwMDIjNTEjJDEjJDYjJDgz,6,신경외과,1,0,강남리더스정형외과의원,의원,서초구
JDQ4MTg4MSM1MSMkMiMkOCMkMDAkMzgxOTYxIzUxIyQxIyQ1IyQ2MiQ0NjEwMDIjNTEjJDEjJDYjJDgz,9,마취통증의학과,0,0,강남리더스정형외과의원,의원,서초구
JDQ4MTg4MSM1MSMkMiMkOCMkMDAkMzgxOTYxIzUxIyQxIyQ1IyQ2MiQ0NjEwMDIjNTEjJDEjJDYjJDgz,21,재활의학과,1,0,강남리더스정형외과의원,의원,서초구
JDQ4MTg4MSM1MSMkMiMkNCMkMDAkNTgxOTYxIzUxIyQxIyQ1IyQ4OSQyNjE0ODEjODEjJDEjJDIjJDgz,1,내과,0,0,강남리슬림의원,의원,서초구
JDQ4MTg4MSM1MSMkMiMkNCMkMDAkNTgxOTYxIzUxIyQxIyQ1IyQ4OSQyNjE0ODEjODEjJDEjJDIjJDgz,3,정신건강의학과,0,0,강남리슬림의원,의원,서초구
JDQ4MTg4MSM1MSMkMiMkNCMkMDAkNTgxOTYxIzUxIyQxIyQ1IyQ4OSQyNjE0ODEjODEjJDEjJDIjJDgz,4,외과,0,0,강남리슬림의원,의원,서초구
JDQ4MTg4MSM1MSMkMiMkNCMkMDAkNTgxOTYxIzUxIyQxIyQ1IyQ4OSQyNjE0ODEjODEjJDEjJDIjJDgz,8,성형외과,0,0,강남리슬림의원,의원,서초구
JDQ4MTg4MSM1MSMkMiMkNCMkMDAkNTgxOTYxIzUxIyQxIyQ1IyQ4OSQyNjE0ODEjODEjJDEjJDIjJDgz,10,산부인과,0,0,강남리슬림의원,의원,서초구
JDQ4MTg4MSM1MSMkMiMkNCMkMDAkNTgxOTYxIzUxIyQxIyQ1IyQ4OSQyNjE0ODEjODEjJDEjJDIjJDgz,11,소아청소년과,0,0,강남리슬림의원,의원,서초구
JDQ4MTg4MSM1MSMkMiMkNCMkMDAkNTgxOTYxIzUxIyQxIyQ1IyQ4OSQyNjE0ODEjODEjJDEjJDIjJDgz,14,피부과,0,0,강남리슬림의원,의원,서초구
JDQ4MTg4MSM1MSMkMiMkNCMkMDAkNTgxOTYxIzUxIyQxIyQ1IyQ4OSQyNjE0ODEjODEjJDEjJDIjJDgz,15,비뇨의학과,1,0,강남리슬림의원,의원,서초구
JDQ4MTg4MSM1MSMkMiMkNCMkMDAkNDgxOTYxIzIxIyQxIyQxIyQ4OSQzNjE4MzIjODEjJDEjJDYjJDgz,10,산부인과,1,0,강남리즈산부인과의원,의원,강남구
JDQ4MTg4MSM1MSMkMiMkNCMkMDAkNDgxMTkxIzMxIyQxIyQ3IyQ3OSQyNjEwMDIjNTEjJDEjJDYjJDgz,1,내과,0,0,강남리즈의료생활협동조합 강남리즈의원,의원,구로구
JDQ4MTg4MSM1MSMkMiMkNCMkMDAkNDgxMTkxIzMxIyQxIyQ3IyQ3OSQyNjEwMDIjNTEjJDEjJDYjJDgz,8,성형외과,0,0,강남리즈의료생활협동조합 강남리즈의원,의원,구로구
JDQ4MTg4MSM1MSMkMiMkNCMkMDAkNDgxMTkxIzMxIyQxIyQ3IyQ3OSQyNjEwMDIjNTEjJDEjJDYjJDgz,14,피부과,0,0,강남리즈의료생활협동조합 강남리즈의원,의원,구로구
JDQ4MTg4MSM1MSMkMiMkNCMkMDAkNDgxMTkxIzMxIyQxIyQ3IyQ3OSQyNjEwMDIjNTEjJDEjJDYjJDgz,23,가정의학과,0,0,강남리즈의료생활협동조합 강남리즈의원,의원,구로구
JDQ4MTg4MSM1MSMkMiMkOCMkMDAkMzgxMTkxIzUxIyQxIyQxIyQ4MiQzNjE4MzIjNDEjJDEjJDgjJDgz,1,내과,0,0,강남마취통증의학과의원,의원,강남구
JDQ4MTg4MSM1MSMkMiMkOCMkMDAkMzgxMTkxIzUxIyQxIyQxIyQ4MiQzNjE4MzIjNDEjJDEjJDgjJDgz,2,신경과,0,0,강남마취통증의학과의원,의원,강남구
JDQ4MTg4MSM1MSMkMiMkOCMkMDAkMzgxMTkxIzUxIyQxIyQxIyQ4MiQzNjE4MzIjNDEjJDEjJDgjJDgz,3,정신건강의학과,0,0,강남마취통증의학과의원,의원,강남구
JDQ4MTg4MSM1MSMkMiMkOCMkMDAkMzgxMTkxIzUxIyQxIyQxIyQ4MiQzNjE4MzIjNDEjJDEjJDgjJDgz,5,정형외과,0,0,강남마취통증의학과의원,의원,강남구
JDQ4MTg4MSM1MSMkMiMkOCMkMDAkMzgxMTkxIzUxIyQxIyQxIyQ4MiQzNjE4MzIjNDEjJDEjJDgjJDgz,6,신경외과,0,0,강남마취통증의학과의원,의원,강남구
JDQ4MTg4MSM1MSMkMiMkOCMkMDAkMzgxMTkxIzUxIyQxIyQxIyQ4MiQzNjE4MzIjNDEjJDEjJDgjJDgz,9,마취통증의학과,1,0,강남마취통증의학과의원,의원,강남구
JDQ4MTg4MSM1MSMkMiMkOCMkMDAkMzgxMTkxIzUxIyQxIyQxIyQ4MiQzNjE4MzIjNDEjJDEjJDgjJDgz,14,피부과,0,0,강남마취통증의학과의원,의원,강남구
JDQ4MTg4MSM1MSMkMiMkOCMkMDAkMzgxMTkxIzUxIyQxIyQxIyQ4MiQzNjE4MzIjNDEjJDEjJDgjJDgz,21,재활의학과,0,0,강남마취통증의학과의원,의원,강남구
JDQ4MTg4MSM1MSMkMiMkOCMkMDAkMzgxMTkxIzUxIyQxIyQxIyQ4MiQzNjE4MzIjNDEjJDEjJDgjJDgz,23,가정의학과,0,0,강남마취통증의학과의원,의원,강남구
JDQ4MTg4MSM1MSMkMiMkNCMkMDAkNDgxMzUxIzUxIyQxIyQ1IyQ4OSQzNjEyMjIjNDEjJDEjJDQjJDgz,15,비뇨의학과,1,0,강남맨포스비뇨기과의원,의원,서초구
JDQ4MTg4MSM1MSMkMiMkOCMkMDAkMzgxOTYxIzUxIyQxIyQ1IyQ4OSQyNjE4MzIjNTEjJDEjJDIjJDgz,14,피부과,0,0,강남메이퓨어의원,의원,강남구
JDQ4MTg4MSM1MSMkMiMkOCMkMDAkMzgxMzUxIzUxIyQyIyQ1IyQwMCQzNjE0ODEjNDEjJDEjJDQjJDgz,16,영상의학과,1,0,강남미래영상의학과의원,의원,강남구
JDQ4MTg4MSM1MSMkMiMkNCMkMDAkNDgxOTYxIzIxIyQxIyQ5IyQ3MiQzNjEwMDIjNjEjJDEjJDAjJDgz,8,성형외과,0,0,강남미의원,의원,강남구
JDQ4MTg4MSM1MSMkMiMkNCMkMDAkNDgxOTYxIzIxIyQxIyQ5IyQ3MiQzNjEwMDIjNjEjJDEjJDAjJDgz,14,피부과,0,0,강남미의원,의원,강남구
JDQ4MTg4MSM1MSMkMiMkNCMkMDAkNDgxOTYxIzMxIyQxIyQzIyQxMyQyNjE4MzIjNTEjJDEjJDYjJDgz,10,산부인과,1,0,강남미즈힐산부인과의원,의원,강남구
JDQ4MTg4MSM1MSMkMiMkMCMkMDAkNDgxMzUxIzUxIyQxIyQ1IyQ5OSQzNjE4MzIjNDEjJDEjJDgjJDgz,8,성형외과,0,0,강남미켈란의원,의원,강남구
JDQ4MTg4MSM1MSMkMiMkMCMkMDAkNDgxMzUxIzUxIyQxIyQ1IyQ5OSQzNjE4MzIjNDEjJDEjJDgjJDgz,14,피부과,0,0,강남미켈란의원,의원,강남구
JDQ4MTg4MSM1MSMkMiMkMCMkMDAkNDgxMzUxIzUxIyQxIyQ1IyQ5OSQzNjE4MzIjNDEjJDEjJDgjJDgz,15,비뇨의학과,0,0,강남미켈란의원,의원,강남구
JDQ4MTg4MSM1MSMkMiMkOCMkMDAkMzgxMzUxIzExIyQxIyQzIyQ4MiQ0NjEwMDIjNjEjJDEjJDQjJDgz,1,내과,1,0,강남바른내과의원,의원,강남구
JDQ4MTg4MSM1MSMkMiMkOCMkMDAkMzgxMzUxIzExIyQxIyQzIyQ4MiQ0NjEwMDIjNjEjJDEjJDQjJDgz,2,신경과,0,0,강남바른내과의원,의원,강남구
JDQ4MTg4MSM1MSMkMiMkOCMkMDAkMzgxMzUxIzExIyQxIyQzIyQ4MiQ0NjEwMDIjNjEjJDEjJDQjJDgz,3,정신건강의학과,0,0,강남바른내과의원,의원,강남구
JDQ4MTg4MSM1MSMkMiMkOCMkMDAkMzgxMzUxIzExIyQxIyQzIyQ4MiQ0NjEwMDIjNjEjJDEjJDQjJDgz,4,외과,0,0,강남바른내과의원,의원,강남구
JDQ4MTg4MSM1MSMkMiMkOCMkMDAkMzgxMzUxIzExIyQxIyQzIyQ4MiQ0NjEwMDIjNjEjJDEjJDQjJDgz,5,정형외과,0,0,강남바른내과의원,의원,강남구
JDQ4MTg4MSM1MSMkMiMkOCMkMDAkMzgxMzUxIzExIyQxIyQzIyQ4MiQ0NjEwMDIjNjEjJDEjJDQjJDgz,6,신경외과,0,0,강남바른내과의원,의원,강남구
JDQ4MTg4MSM1MSMkMiMkOCMkMDAkMzgxMzUxIzExIyQxIyQzIyQ4MiQ0NjEwMDIjNjEjJDEjJDQjJDgz,10,산부인과,0,0,강남바른내과의원,의원,강남구
JDQ4MTg4MSM1MSMkMiMkOCMkMDAkMzgxMzUxIzExIyQxIyQzIyQ4MiQ0NjEwMDIjNjEjJDEjJDQjJDgz,11,소아청소년과,0,0,강남바른내과의원,의원,강남구
JDQ4MTg4MSM1MSMkMiMkOCMkMDAkMzgxMzUxIzExIyQxIyQzIyQ4MiQ0NjEwMDIjNjEjJDEjJDQjJDgz,12,안과,0,0,강남바른내과의원,의원,강남구
JDQ4MTg4MSM1MSMkMiMkOCMkMDAkMzgxMzUxIzExIyQxIyQzIyQ4MiQ0NjEwMDIjNjEjJDEjJDQjJDgz,13,이비인후과,0,0,강남바른내과의원,의원,강남구
JDQ4MTg4MSM1MSMkMiMkOCMkMDAkMzgxMzUxIzExIyQxIyQzIyQ4MiQ0NjEwMDIjNjEjJDEjJDQjJDgz,14,피부과,0,0,강남바른내과의원,의원,강남구
JDQ4MTg4MSM1MSMkMiMkOCMkMDAkMzgxMzUxIzExIyQxIyQzIyQ4MiQ0NjEwMDIjNjEjJDEjJDQjJDgz,15,비뇨의학과,0,0,강남바른내과의원,의원,강남구
JDQ4MTg4MSM1MSMkMiMkOCMkMDAkMzgxMzUxIzExIyQxIyQzIyQ4MiQ0NjEwMDIjNjEjJDEjJDQjJDgz,20,결핵과,0,0,강남바른내과의원,의원,강남구
JDQ4MTg4MSM1MSMkMiMkOCMkMDAkMzgxMzUxIzExIyQxIyQzIyQ4MiQ0NjEwMDIjNjEjJDEjJDQjJDgz,23,가정의학과,0,0,강남바른내과의원,의원,강남구
JDQ4MTg4MSM1MSMkMiMkOCMkMDAkMzgxMzUxIzExIyQxIyQzIyQ4MiQ0NjEwMDIjNjEjJDEjJDQjJDgz,26,예방의학과,0,0,강남바른내과의원,의원,강남구
JDQ4MTg4MSM1MSMkMiMkNCMkMDAkNDgxNzAyIzExIyQxIyQ3IyQ3MiQzNjEyMjIjNjEjJDEjJDAjJDgz,5,정형외과,1,0,강남바른정형외과의원,의원,강남구
JDQ4MTg4MSM1MSMkMiMkNCMkMDAkNTgxOTYxIzMxIyQxIyQ3IyQ2MiQzNjE4MzIjODEjJDEjJDIjJDgz,1,내과,1,0,강남박내과의원,의원,강남구
JDQ4MTg4MSM1MSMkMiMkNCMkMDAkNTgxOTYxIzMxIyQxIyQ3IyQ2MiQzNjE4MzIjODEjJDEjJDIjJDgz,11,소아청소년과,0,0,강남박내과의원,의원,강남구
JDQ4MTg4MSM1MSMkMiMkNCMkMDAkNTgxOTYxIzMxIyQxIyQ3IyQ2MiQzNjE4MzIjODEjJDEjJDIjJDgz,13,이비인후과,0,0,강남박내과의원,의원,강남구
JDQ4MTg4MSM1MSMkMiMkNCMkMDAkNTgxOTYxIzMxIyQxIyQ3IyQ2MiQzNjE4MzIjODEjJDEjJDIjJDgz,14,피부과,0,0,강남박내과의원,의원,강남구
JDQ4MTg4MSM1MSMkMiMkNCMkMDAkNTgxOTYxIzMxIyQxIyQ3IyQ2MiQzNjE4MzIjODEjJDEjJDIjJDgz,15,비뇨의학과,0,0,강남박내과의원,의원,강남구
JDQ4MTg4MSM1MSMkMiMkNCMkMDAkNTgxOTYxIzMxIyQxIyQ3IyQ2MiQzNjE4MzIjODEjJDEjJDIjJDgz,23,가정의학과,1,0,강남박내과의원,의원,강남구
JDQ4MTg4MSM1MSMkMiMkNCMkMDAkMzgxNzAyIzIxIyQxIyQxIyQ4MiQyNjE0ODEjNzEjJDEjJDgjJDgz,12,안과,1,0,강남밝은명안과의원,의원,서초구
JDQ4MTg4MSM1MSMkMiMkNCMkMDAkNTgxMzUxIzExIyQxIyQzIyQ3MiQyNjE4MzIjODEjJDEjJDYjJDgz,12,안과,3,0,강남밝은미소안과의원,의원,강남구
JDQ4MTg4MSM1MSMkMiMkMCMkMDAkNTgxOTYxIzUxIyQxIyQxIyQ3OSQzNjE0ODEjNTEjJDEjJDYjJDgz,12,안과,1,0,강남밝은빛안과의원,의원,관악구
JDQ4MTg4MSM1MSMkMiMkOCMkMDAkMzgxMTkxIzIxIyQxIyQ5IyQ5OSQ0NjEwMDIjNTEjJDEjJDIjJDgz,8,성형외과,0,0,강남밴스의원,의원,서초구
JDQ4MTg4MSM1MSMkMiMkOCMkMDAkMzgxMTkxIzIxIyQxIyQ5IyQ5OSQ0NjEwMDIjNTEjJDEjJDIjJDgz,14,피부과,0,0,강남밴스의원,의원,서초구
JDQ4MTg4MSM1MSMkMiMkNCMkMDAkNDgxMTkxIzIxIyQxIyQxIyQxMyQzNjE0ODEjODEjJDEjJDIjJDgz,1,내과,4,0,강남베스트내과의원,의원,강남구
JDQ4MTg4MSM1MSMkMiMkNCMkMDAkNDgxMTkxIzIxIyQxIyQxIyQxMyQzNjE0ODEjODEjJDEjJDIjJDgz,5,정형외과,0,0,강남베스트내과의원,의원,강남구
JDQ4MTg4MSM1MSMkMiMkNCMkMDAkNDgxMTkxIzIxIyQxIyQxIyQxMyQzNjE0ODEjODEjJDEjJDIjJDgz,6,신경외과,0,0,강남베스트내과의원,의원,강남구
JDQ4MTg4MSM1MSMkMiMkNCMkMDAkNDgxMTkxIzIxIyQxIyQxIyQxMyQzNjE0ODEjODEjJDEjJDIjJDgz,9,마취통증의학과,0,0,강남베스트내과의원,의원,강남구
JDQ4MTg4MSM1MSMkMiMkNCMkMDAkMzgxMzUxIzQxIyQxIyQ3IyQ5OSQyNjEyMjIjNDEjJDEjJDQjJDgz,12,안과,1,0,강남베스트성모안과의원,의원,강남구
JDQ4MTg4MSM1MSMkMiMkNCMkMDAkNDgxNzAyIzMxIyQxIyQ3IyQ3MiQ0NjE0ODEjNTEjJDEjJDIjJDgz,1,내과,0,0,강남본정형외과의원,의원,송파구
JDQ4MTg4MSM1MSMkMiMkNCMkMDAkNDgxNzAyIzMxIyQxIyQ3IyQ3MiQ0NjE0ODEjNTEjJDEjJDIjJDgz,5,정형외과,2,0,강남본정형외과의원,의원,송파구
JDQ4MTg4MSM1MSMkMiMkNCMkMDAkNDgxNzAyIzMxIyQxIyQ3IyQ3MiQ0NjE0ODEjNTEjJDEjJDIjJDgz,6,신경외과,0,0,강남본정형외과의원,의원,송파구
JDQ4MTg4MSM1MSMkMiMkNCMkMDAkNDgxNzAyIzMxIyQxIyQ3IyQ3MiQ0NjE0ODEjNTEjJDEjJDIjJDgz,7,심장혈관흉부외과,0,0,강남본정형외과의원,의원,송파구
JDQ4MTg4MSM1MSMkMiMkNCMkMDAkNDgxNzAyIzMxIyQxIyQ3IyQ3MiQ0NjE0ODEjNTEjJDEjJDIjJDgz,9,마취통증의학과,0,0,강남본정형외과의원,의원,송파구
JDQ4MTg4MSM1MSMkMiMkNCMkMDAkNDgxNzAyIzMxIyQxIyQ3IyQ3MiQ0NjE0ODEjNTEjJDEjJDIjJDgz,16,영상의학과,1,0,강남본정형외과의원,의원,송파구
JDQ4MTg4MSM1MSMkMiMkNCMkMDAkNDgxNzAyIzMxIyQxIyQ3IyQ3MiQ0NjE0ODEjNTEjJDEjJDIjJDgz,21,재활의학과,1,0,강남본정형외과의원,의원,송파구
JDQ4MTg4MSM1MSMkMiMkOCMkMDAkMzgxMzUxIzExIyQxIyQzIyQ4MiQyNjE0ODEjNDEjJDEjJDgjJDgz,12,안과,4,0,강남브랜드안과의원,의원,서초구
JDQ4MTg4MSM1MSMkMiMkOCMkMDAkMzgxMTkxIzIxIyQxIyQ5IyQ2MiQyNjEyMjIjNDEjJDEjJDQjJDgz,5,정형외과,0,0,강남브엘의원,의원,강남구
JDQ4MTg4MSM1MSMkMiMkOCMkMDAkMzgxMTkxIzIxIyQxIyQ5IyQ2MiQyNjEyMjIjNDEjJDEjJDQjJDgz,9,마취통증의학과,0,0,강남브엘의원,의원,강남구
JDQ4MTg4MSM1MSMkMiMkOCMkMDAkMzgxMTkxIzIxIyQxIyQ5IyQ2MiQyNjEyMjIjNDEjJDEjJDQjJDgz,10,산부인과,0,0,강남브엘의원,의원,강남구
JDQ4MTg4MSM1MSMkMiMkOCMkMDAkMzgxMTkxIzIxIyQxIyQ5IyQ2MiQyNjEyMjIjNDEjJDEjJDQjJDgz,14,피부과,0,0,강남브엘의원,의원,강남구
JDQ4MTg4MSM1MSMkMiMkOCMkMDAkMzgxMTkxIzIxIyQxIyQ5IyQ2MiQyNjEyMjIjNDEjJDEjJDQjJDgz,15,비뇨의학과,0,0,강남브엘의원,의원,강남구
JDQ4MTg4MSM1MSMkMiMkOCMkMDAkMzgxMTkxIzIxIyQxIyQ5IyQ2MiQyNjEyMjIjNDEjJDEjJDQjJDgz,23,가정의학과,0,0,강남브엘의원,의원,강남구
JDQ4MTg4MSM1MSMkMiMkNCMkMDAkNTgxOTYxIzExIyQxIyQ3IyQwMyQyNjEyMjIjNjEjJDEjJDAjJDgz,8,성형외과,0,0,강남브이에스(VS)라인의원,의원,강남구
JDQ4MTg4MSM1MSMkMiMkNCMkMDAkNTgxOTYxIzExIyQxIyQ3IyQwMyQyNjEyMjIjNjEjJDEjJDAjJDgz,14,피부과,0,0,강남브이에스(VS)라인의원,의원,강남구
JDQ4MTg4MSM1MSMkMiMkNCMkMDAkNTgxOTYxIzExIyQxIyQ3IyQwMyQyNjEyMjIjNjEjJDEjJDAjJDgz,23,가정의학과,1,0,강남브이에스(VS)라인의원,의원,강남구
JDQ4MTg4MSM1MSMkMiMkOCMkMDAkMzgxOTYxIzExIyQxIyQzIyQxMyQ0NjEwMDIjNTEjJDEjJDIjJDgz,14,피부과,0,0,강남비비의원,의원,서초구
JDQ4MTg4MSM1MSMkMiMkNCMkMDAkNTgxMzUxIzExIyQxIyQ3IyQxMyQyNjE4MzIjNjEjJDEjJDAjJDgz,8,성형외과,0,0,강남비앤비의원,의원,강남구
JDQ4MTg4MSM1MSMkMiMkNCMkMDAkNTgxMzUxIzExIyQxIyQ3IyQxMyQyNjE4MzIjNjEjJDEjJDAjJDgz,14,피부과,0,0,강남비앤비의원,의원,강남구
JDQ4MTg4MSM1MSMkMiMkOCMkMDAkMzgxMTkxIzMxIyQxIyQzIyQxMyQ0NjE0ODEjNDEjJDEjJDgjJDgz,2,신경과,0,0,강남비엘에스의원,의원,강남구
JDQ4MTg4MSM1MSMkMiMkOCMkMDAkMzgxMTkxIzMxIyQxIyQzIyQxMyQ0NjE0ODEjNDEjJDEjJDgjJDgz,14,피부과,0,0,강남비엘에스의원,의원,강남구
JDQ4MTg4MSM1MSMkMiMkNCMkMDAkMzgxNzAyIzUxIyQxIyQ1IyQ4MiQyNjEyMjIjODEjJDEjJDIjJDgz,1,내과,0,0,강남산소의원,의원,서초구
JDQ4MTg4MSM1MSMkMiMkNCMkMDAkMzgxNzAyIzUxIyQxIyQ1IyQ4MiQyNjEyMjIjODEjJDEjJDIjJDgz,17,방사선종양학과,1,0,강남산소의원,의원,서초구
JDQ4MTg4MSM1MSMkMiMkNCMkMDAkNTgxMzUxIzIxIyQxIyQ5IyQ3MiQzNjE4MzIjNzEjJDEjJDgjJDgz,1,내과,1,0,강남삼성내과의원,의원,강남구
JDQ4MTg4MSM1MSMkMiMkNCMkMDAkNTgxMzUxIzIxIyQxIyQ5IyQ3MiQzNjE4MzIjNzEjJDEjJDgjJDgz,14,피부과,0,0,강남삼성내과의원,의원,강남구
JDQ4MTg4MSM1MSMkMiMkNCMkMDAkNTgxMzUxIzIxIyQxIyQ5IyQ3MiQzNjE4MzIjNzEjJDEjJDgjJDgz,23,가정의학과,0,0,강남삼성내과의원,의원,강남구
JDQ4MTg4MSM1MSMkMiMkNCMkMDAkNDgxOTYxIzQxIyQxIyQ3IyQ4OSQzNjE4MzIjNDEjJDEjJDgjJDgz,8,성형외과,0,0,강남삼성드림이비인후과의원,의원,강남구
JDQ4MTg4MSM1MSMkMiMkNCMkMDAkNDgxOTYxIzQxIyQxIyQ3IyQ4OSQzNjE4MzIjNDEjJDEjJDgjJDgz,11,소아청소년과,0,0,강남삼성드림이비인후과의원,의원,강남구
JDQ4MTg4MSM1MSMkMiMkNCMkMDAkNDgxOTYxIzQxIyQxIyQ3IyQ4OSQzNjE4MzIjNDEjJDEjJDgjJDgz,13,이비인후과,3,0,강남삼성드림이비인후과의원,의원,강남구
JDQ4MTg4MSM1MSMkMiMkNCMkMDAkNDgxOTYxIzQxIyQxIyQ3IyQ4OSQzNjE4MzIjNDEjJDEjJDgjJDgz,14,피부과,0,0,강남삼성드림이비인후과의원,의원,강남구
JDQ4MTg4MSM1MSMkMiMkNCMkMDAkNDgxOTYxIzQxIyQxIyQ3IyQ4OSQzNjE4MzIjNDEjJDEjJDgjJDgz,23,가정의학과,0,0,강남삼성드림이비인후과의원,의원,강남구
JDQ4MTg4MSM1MSMkMiMkNCMkMDAkMzgxMTkxIzUxIyQxIyQ1IyQ3OSQyNjEwMDIjNDEjJDEjJDgjJDgz,8,성형외과,1,0,강남삼성성형외과의원,의원,강남구
JDQ4MTg4MSM1MSMkMiMkNCMkMDAkMzgxMTkxIzUxIyQxIyQ1IyQ3OSQyNjEwMDIjNDEjJDEjJDgjJDgz,14,피부과,0,0,강남삼성성형외과의원,의원,강남구
JDQ4MTg4MSM1MSMkMiMkNCMkMDAkNDgxMTkxIzUxIyQxIyQ1IyQ4OSQzNjE0ODEjNjEjJDEjJDAjJDgz,5,정형외과,0,0,강남삼성신경외과의원,의원,구로구
JDQ4MTg4MSM1MSMkMiMkNCMkMDAkNDgxMTkxIzUxIyQxIyQ1IyQ4OSQzNjE0ODEjNjEjJDEjJDAjJDgz,6,신경외과,1,0,강남삼성신경외과의원,의원,구로구
JDQ4MTg4MSM1MSMkMiMkNCMkMDAkNDgxMTkxIzUxIyQxIyQ1IyQ4OSQzNjE0ODEjNjEjJDEjJDAjJDgz,9,마취통증의학과,1,0,강남삼성신경외과의원,의원,구로구
JDQ4MTg4MSM1MSMkMiMkNCMkMDAkNDgxMTkxIzUxIyQxIyQ1IyQ4OSQzNjE0ODEjNjEjJDEjJDAjJDgz,23,가정의학과,0,0,강남삼성신경외과의원,의원,구로구
JDQ4MTg4MSM1MSMkMiMkNCMkMDAkNDgxOTYxIzExIyQxIyQzIyQ4OSQzNjEwMDIjNDEjJDEjJDQjJDgz,12,안과,1,0,강남삼성안과의원,의원,서초구
JDQ4MTg4MSM1MSMkMiMkNCMkMDAkNDgxMzUxIzIxIyQxIyQ1IyQwMyQzNjE0ODEjNjEjJDEjJDgjJDgz,1,내과,0,0,강남삼성정형외과의원,의원,송파구
JDQ4MTg4MSM1MSMkMiMkNCMkMDAkNDgxMzUxIzIxIyQxIyQ1IyQwMyQzNjE0ODEjNjEjJDEjJDgjJDgz,5,정형외과,1,0,강남삼성정형외과의원,의원,송파구
JDQ4MTg4MSM1MSMkMiMkNCMkMDAkNDgxMzUxIzIxIyQxIyQ1IyQwMyQzNjE0ODEjNjEjJDEjJDgjJDgz,6,신경외과,0,0,강남삼성정형외과의원,의원,송파구
JDQ4MTg4MSM1MSMkMiMkNCMkMDAkNDgxMzUxIzIxIyQxIyQ1IyQwMyQzNjE0ODEjNjEjJDEjJDgjJDgz,11,소아청소년과,0,0,강남삼성정형외과의원,의원,송파구
JDQ4MTg4MSM1MSMkMiMkNCMkMDAkNDgxMzUxIzIxIyQxIyQ1IyQwMyQzNjE0ODEjNjEjJDEjJDgjJDgz,15,비뇨의학과,0,0,강남삼성정형외과의원,의원,송파구
JDQ4MTg4MSM1MSMkMiMkNCMkMDAkNDgxMzUxIzIxIyQxIyQ1IyQwMyQzNjE0ODEjNjEjJDEjJDgjJDgz,21,재활의학과,0,0,강남삼성정형외과의원,의원,송파구
JDQ4MTg4MSM1MSMkMiMkOCMkMDAkMzgxMzUxIzIxIyQxIyQ1IyQ2MiQ0NjEwMDIjNDEjJDEjJDQjJDgz,5,정형외과,1,0,강남삼성정형외과의원,의원,관악구
JDQ4MTg4MSM1MSMkMiMkOCMkMDAkMzgxMzUxIzIxIyQxIyQ1IyQ2MiQ0NjEwMDIjNDEjJDEjJDQjJDgz,6,신경외과,0,0,강남삼성정형외과의원,의원,관악구
JDQ4MTg4MSM1MSMkMiMkOCMkMDAkMzgxMzUxIzIxIyQxIyQ1IyQ2MiQ0NjEwMDIjNDEjJDEjJDQjJDgz,9,마취통증의학과,1,0,강남삼성정형외과의원,의원,관악구
JDQ4MTg4MSM1MSMkMiMkOCMkMDAkMzgxMzUxIzIxIyQxIyQ1IyQ2MiQ0NjEwMDIjNDEjJDEjJDQjJDgz,21,재활의학과,1,0,강남삼성정형외과의원,의원,관악구
JDQ4MTg4MSM1MSMkMiMkNCMkMDAkNDgxOTYxIzIxIyQyIyQ5IyQwMCQzNjEwMDIjNDEjJDEjJDQjJDgz,12,안과,1,0,강남샤인안과의원,의원,서초구
JDQ4MTg4MSM1MSMkMiMkNCMkMDAkNDgxNzAyIzExIyQxIyQ3IyQwMyQzNjE4MzIjNjEjJDEjJDAjJDgz,8,성형외과,1,0,강남서연성형외과의원,의원,강남구
JDQ4MTg4MSM1MSMkMiMkNCMkMDAkNDgxNzAyIzExIyQxIyQ3IyQwMyQzNjE4MzIjNjEjJDEjJDAjJDgz,23,가정의학과,1,0,강남서연성형외과의원,의원,강남구
JDQ4MTg4MSM1MSMkMiMkNCMkMDAkMzgxNzAyIzMxIyQxIyQzIyQ3MiQyNjE0ODEjODEjJDEjJDYjJDgz,12,안과,3,0,강남서울밝은안과의원,의원,강남구
JDQ4MTg4MSM1MSMkMiMkNCMkMDAkMzgxMTkxIzIxIyQxIyQ1IyQ3OSQ0NjEwMDIjODEjJDEjJDIjJDgz,12,안과,1,0,강남서울안과의원,의원,서초구
JDQ4MTg4MSM1MSMkMiMkNCMkMDAkNDgxOTYxIzIxIyQxIyQ1IyQ4MiQyNjE4MzIjODEjJDEjJDYjJDgz,1,내과,0,0,강남서울외과의원,의원,서초구
JDQ4MTg4MSM1MSMkMiMkNCMkMDAkNDgxOTYxIzIxIyQxIyQ1IyQ4MiQyNjE4MzIjODEjJDEjJDYjJDgz,4,외과,2,0,강남서울외과의원,의원,서초구
JDQ4MTg4MSM1MSMkMiMkOCMkMDAkMzgxMzUxIzIxIyQxIyQ5IyQwMyQyNjEwMDIjNDEjJDEjJDQjJDgz,1,내과,0,0,강남서울이비인후과의원,의원,서초구
JDQ4MTg4MSM1MSMkMiMkOCMkMDAkMzgxMzUxIzIxIyQxIyQ5IyQwMyQyNjEwMDIjNDEjJDEjJDQjJDgz,2,신경과,0,0,강남서울이비인후과의원,의원,서초구
JDQ4MTg4MSM1MSMkMiMkOCMkMDAkMzgxMzUxIzIxIyQxIyQ5IyQwMyQyNjEwMDIjNDEjJDEjJDQjJDgz,11,소아청소년과,0,0,강남서울이비인후과의원,의원,서초구
JDQ4MTg4MSM1MSMkMiMkOCMkMDAkMzgxMzUxIzIxIyQxIyQ5IyQwMyQyNjEwMDIjNDEjJDEjJDQjJDgz,12,안과,0,0,강남서울이비인후과의원,의원,서초구
JDQ4MTg4MSM1MSMkMiMkOCMkMDAkMzgxMzUxIzIxIyQxIyQ5IyQwMyQyNjEwMDIjNDEjJDEjJDQjJDgz,13,이비인후과,1,0,강남서울이비인후과의원,의원,서초구
JDQ4MTg4MSM1MSMkMiMkOCMkMDAkMzgxMzUxIzIxIyQxIyQ5IyQwMyQyNjEwMDIjNDEjJDEjJDQjJDgz,23,가정의학과,0,0,강남서울이비인후과의원,의원,서초구
JDQ4MTg4MSM1MSMkMiMkNCMkMDAkMzgxMzUxIzQxIyQxIyQ3IyQxMyQyNjEwMDIjNTEjJDEjJDIjJDgz,1,내과,1,0,강남성모내과의원,의원,동작구
JDQ4MTg4MSM1MSMkMiMkNCMkMDAkMzgxMzUxIzQxIyQxIyQ3IyQxMyQyNjEwMDIjNTEjJDEjJDIjJDgz,2,신경과,0,0,강남성모내과의원,의원,동작구
JDQ4MTg4MSM1MSMkMiMkNCMkMDAkMzgxMzUxIzQxIyQxIyQ3IyQxMyQyNjEwMDIjNTEjJDEjJDIjJDgz,3,정신건강의학과,0,0,강남성모내과의원,의원,동작구
JDQ4MTg4MSM1MSMkMiMkNCMkMDAkMzgxMzUxIzQxIyQxIyQ3IyQxMyQyNjEwMDIjNTEjJDEjJDIjJDgz,4,외과,0,0,강남성모내과의원,의원,동작구
JDQ4MTg4MSM1MSMkMiMkNCMkMDAkMzgxMzUxIzQxIyQxIyQ3IyQxMyQyNjEwMDIjNTEjJDEjJDIjJDgz,5,정형외과,0,0,강남성모내과의원,의원,동작구
JDQ4MTg4MSM1MSMkMiMkNCMkMDAkMzgxMzUxIzQxIyQxIyQ3IyQxMyQyNjEwMDIjNTEjJDEjJDIjJDgz,6,신경외과,0,0,강남성모내과의원,의원,동작구
JDQ4MTg4MSM1MSMkMiMkNCMkMDAkMzgxMzUxIzQxIyQxIyQ3IyQxMyQyNjEwMDIjNTEjJDEjJDIjJDgz,7,심장혈관흉부외과,0,0,강남성모내과의원,의원,동작구
JDQ4MTg4MSM1MSMkMiMkNCMkMDAkMzgxMzUxIzQxIyQxIyQ3IyQxMyQyNjEwMDIjNTEjJDEjJDIjJDgz,11,소아청소년과,0,0,강남성모내과의원,의원,동작구
JDQ4MTg4MSM1MSMkMiMkNCMkMDAkMzgxMzUxIzQxIyQxIyQ3IyQxMyQyNjEwMDIjNTEjJDEjJDIjJDgz,13,이비인후과,0,0,강남성모내과의원,의원,동작구
JDQ4MTg4MSM1MSMkMiMkNCMkMDAkMzgxMzUxIzQxIyQxIyQ3IyQxMyQyNjEwMDIjNTEjJDEjJDIjJDgz,14,피부과,0,0,강남성모내과의원,의원,동작구
JDQ4MTg4MSM1MSMkMiMkNCMkMDAkMzgxMzUxIzQxIyQxIyQ3IyQxMyQyNjEwMDIjNTEjJDEjJDIjJDgz,15,비뇨의학과,0,0,강남성모내과의원,의원,동작구
JDQ4MTg4MSM1MSMkMiMkNCMkMDAkMzgxMzUxIzQxIyQxIyQ3IyQxMyQyNjEwMDIjNTEjJDEjJDIjJDgz,18,병리과,0,0,강남성모내과의원,의원,동작구
JDQ4MTg4MSM1MSMkMiMkNCMkMDAkMzgxMzUxIzQxIyQxIyQ3IyQxMyQyNjEwMDIjNTEjJDEjJDIjJDgz,19,진단검사의학과,0,0,강남성모내과의원,의원,동작구
JDQ4MTg4MSM1MSMkMiMkNCMkMDAkNTgxMzUxIzExIyQxIyQ3IyQxMyQzNjE4MzIjNzEjJDEjJDgjJDgz,1,내과,1,0,강남성모내과의원,의원,강남구
JDQ4MTg4MSM1MSMkMiMkNCMkMDAkNTgxMzUxIzExIyQxIyQ3IyQxMyQzNjE4MzIjNzEjJDEjJDgjJDgz,2,신경과,0,0,강남성모내과의원,의원,강남구
JDQ4MTg4MSM1MSMkMiMkNCMkMDAkNTgxMzUxIzExIyQxIyQ3IyQxMyQzNjE4MzIjNzEjJDEjJDgjJDgz,11,소아청소년과,0,0,강남성모내과의원,의원,강남구
JDQ4MTg4MSM1MSMkMiMkNCMkMDAkNTgxMzUxIzExIyQxIyQ3IyQxMyQzNjE4MzIjNzEjJDEjJDgjJDgz,13,이비인후과,0,0,강남성모내과의원,의원,강남구
JDQ4MTg4MSM1MSMkMiMkNCMkMDAkNTgxMzUxIzExIyQxIyQ3IyQxMyQzNjE4MzIjNzEjJDEjJDgjJDgz,14,피부과,0,0,강남성모내과의원,의원,강남구
JDQ4MTg4MSM1MSMkMiMkNCMkMDAkNTgxMzUxIzExIyQxIyQ3IyQxMyQzNjE4MzIjNzEjJDEjJDgjJDgz,15,비뇨의학과,0,0,강남성모내과의원,의원,강남구
JDQ4MTg4MSM1MSMkMiMkNCMkMDAkNTgxMzUxIzExIyQxIyQ3IyQxMyQzNjE4MzIjNzEjJDEjJDgjJDgz,23,가정의학과,0,0,강남성모내과의원,의원,강남구
JDQ4MTg4MSM1MSMkMiMkOCMkMDAkMzgxOTYxIzExIyQxIyQ3IyQ5OSQyNjE4MzIjODEjJDEjJDYjJDgz,15,비뇨의학과,1,0,강남성모비뇨의학과의원,의원,서초구
JDQ4MTg4MSM1MSMkMiMkNCMkMDAkMzgxNzAyIzMxIyQxIyQzIyQ2MiQzNjE0ODEjNjEjJDEjJDAjJDgz,12,안과,1,0,강남성모안과의원,의원,동대문구
JDQ4MTg4MSM1MSMkMiMkOCMkMDAkMzgxMzUxIzIxIyQxIyQxIyQ5MiQzNjE4MzIjODEjJDEjJDYjJDgz,12,안과,1,0,강남성모안과의원,의원,서대문구
JDQ4MTg4MSM1MSMkMiMkOCMkMDAkMzgxMTkxIzExIyQxIyQzIyQwMyQzNjE0ODEjNDEjJDEjJDQjJDgz,12,안과,1,0,강남성모안과의원,의원,강남구
JDQ4MTg4MSM1MSMkMiMkOCMkMDAkMzgxMzUxIzMxIyQyIyQzIyQwMCQyNjE4MzIjNjEjJDEjJDgjJDgz,12,안과,3,0,강남성모원안과의원,의원,서초구
JDQ4MTg4MSM1MSMkMiMkNCMkMDAkNDgxMTkxIzExIyQxIyQ3IyQ3OSQ0NjE0ODEjODEjJDEjJDYjJDgz,1,내과,0,0,강남성모이비인후과의원,의원,강남구
JDQ4MTg4MSM1MSMkMiMkNCMkMDAkNDgxMTkxIzExIyQxIyQ3IyQ3OSQ0NjE0ODEjODEjJDEjJDYjJDgz,5,정형외과,0,0,강남성모이비인후과의원,의원,강남구
JDQ4MTg4MSM1MSMkMiMkNCMkMDAkNDgxMTkxIzExIyQxIyQ3IyQ3OSQ0NjE0ODEjODEjJDEjJDYjJDgz,11,소아청소년과,0,0,강남성모이비인후과의원,의원,강남구
JDQ4MTg4MSM1MSMkMiMkNCMkMDAkNDgxMTkxIzExIyQxIyQ3IyQ3OSQ0NjE0ODEjODEjJDEjJDYjJDgz,12,안과,0,0,강남성모이비인후과의원,의원,강남구
JDQ4MTg4MSM1MSMkMiMkNCMkMDAkNDgxMTkxIzExIyQxIyQ3IyQ3OSQ0NjE0ODEjODEjJDEjJDYjJDgz,13,이비인후과,1,0,강남성모이비인후과의원,의원,강남구
JDQ4MTg4MSM1MSMkMiMkNCMkMDAkNDgxMTkxIzExIyQxIyQ3IyQ3OSQ0NjE0ODEjODEjJDEjJDYjJDgz,14,피부과,0,0,강남성모이비인후과의원,의원,강남구
JDQ4MTg4MSM1MSMkMiMkNCMkMDAkNDgxMTkxIzExIyQxIyQ3IyQ3OSQ0NjE0ODEjODEjJDEjJDYjJDgz,15,비뇨의학과,0,0,강남성모이비인후과의원,의원,강남구
JDQ4MTg4MSM1MSMkMiMkNCMkMDAkNDgxMTkxIzIxIyQyIyQ5IyQwMCQzNjEyMjIjNTEjJDEjJDYjJDgz,1,내과,0,0,강남성모정형외과의원,의원,강남구
JDQ4MTg4MSM1MSMkMiMkNCMkMDAkNDgxMTkxIzIxIyQyIyQ5IyQwMCQzNjEyMjIjNTEjJDEjJDYjJDgz,2,신경과,0,0,강남성모정형외과의원,의원,강남구
JDQ4MTg4MSM1MSMkMiMkNCMkMDAkNDgxMTkxIzIxIyQyIyQ5IyQwMCQzNjEyMjIjNTEjJDEjJDYjJDgz,4,외과,0,0,강남성모정형외과의원,의원,강남구
JDQ4MTg4MSM1MSMkMiMkNCMkMDAkNDgxMTkxIzIxIyQyIyQ5IyQwMCQzNjEyMjIjNTEjJDEjJDYjJDgz,5,정형외과,1,0,강남성모정형외과의원,의원,강남구
JDQ4MTg4MSM1MSMkMiMkNCMkMDAkNDgxMTkxIzIxIyQyIyQ5IyQwMCQzNjEyMjIjNTEjJDEjJDYjJDgz,6,신경외과,0,0,강남성모정형외과의원,의원,강남구
JDQ4MTg4MSM1MSMkMiMkNCMkMDAkNDgxMTkxIzIxIyQyIyQ5IyQwMCQzNjEyMjIjNTEjJDEjJDYjJDgz,7,심장혈관흉부외과,0,0,강남성모정형외과의원,의원,강남구
JDQ4MTg4MSM1MSMkMiMkNCMkMDAkNDgxMTkxIzIxIyQyIyQ5IyQwMCQzNjEyMjIjNTEjJDEjJDYjJDgz,9,마취통증의학과,0,0,강남성모정형외과의원,의원,강남구
JDQ4MTg4MSM1MSMkMiMkNCMkMDAkNDgxMTkxIzIxIyQyIyQ5IyQwMCQzNjEyMjIjNTEjJDEjJDYjJDgz,14,피부과,0,0,강남성모정형외과의원,의원,강남구
JDQ4MTg4MSM1MSMkMiMkNCMkMDAkNDgxMTkxIzIxIyQyIyQ5IyQwMCQzNjEyMjIjNTEjJDEjJDYjJDgz,16,영상의학과,0,0,강남성모정형외과의원,의원,강남구
JDQ4MTg4MSM1MSMkMiMkNCMkMDAkNDgxMTkxIzIxIyQyIyQ5IyQwMCQzNjEyMjIjNTEjJDEjJDYjJDgz,21,재활의학과,0,0,강남성모정형외과의원,의원,강남구
JDQ4MTg4MSM1MSMkMiMkNCMkMDAkNDgxMTkxIzIxIyQyIyQ5IyQwMCQzNjEyMjIjNTEjJDEjJDYjJDgz,23,가정의학과,0,0,강남성모정형외과의원,의원,강남구
JDQ4MTg4MSM1MSMkMiMkMCMkMDAkNTgxOTYxIzIxIyQxIyQxIyQ4OSQyNjE0ODEjNDEjJDEjJDQjJDgz,1,내과,0,0,강남성원의원,의원,강남구
JDQ4MTg4MSM1MSMkMiMkNCMkMDAkMzgxMTkxIzExIyQyIyQzIyQwMCQzNjE4MzIjNjEjJDEjJDAjJDgz,5,정형외과,0,0,강남세란의원,의원,서초구
JDQ4MTg4MSM1MSMkMiMkNCMkMDAkMzgxMTkxIzExIyQyIyQzIyQwMCQzNjE4MzIjNjEjJDEjJDAjJDgz,9,마취통증의학과,0,0,강남세란의원,의원,서초구
JDQ4MTg4MSM1MSMkMiMkNCMkMDAkMzgxMTkxIzExIyQyIyQzIyQwMCQzNjE4MzIjNjEjJDEjJDAjJDgz,21,재활의학과,0,0,강남세란의원,의원,서초구
JDQ4MTg4MSM1MSMkMiMkOCMkMDAkMzgxMTkxIzMxIyQxIyQ3IyQ4MiQyNjEwMDIjODEjJDEjJDYjJDgz,10,산부인과,2,0,강남세렌여성의원,의원,서초구
JDQ4MTg4MSM1MSMkMiMkNCMkMDAkNTgxOTYxIzUxIyQxIyQ1IyQ4OSQyNjEyMjIjNjEjJDEjJDAjJDgz,12,안과,3,0,강남센트럴안과의원,의원,강남구
JDQ4MTg4MSM1MSMkMiMkOCMkMDAkMzgxMzUxIzMxIyQxIyQzIyQ3OSQ0NjE0ODEjNjEjJDEjJDQjJDgz,1,내과,0,0,강남센트럴의원,의원,서초구
JDQ4MTg4MSM1MSMkMiMkOCMkMDAkMzgxMzUxIzMxIyQxIyQzIyQ3OSQ0NjE0ODEjNjEjJDEjJDQjJDgz,5,정형외과,0,0,강남센트럴의원,의원,서초구
JDQ4MTg4MSM1MSMkMiMkOCMkMDAkMzgxMzUxIzMxIyQxIyQzIyQ3OSQ0NjE0ODEjNjEjJDEjJDQjJDgz,9,마취통증의학과,0,0,강남센트럴의원,의원,서초구
JDQ4MTg4MSM1MSMkMiMkOCMkMDAkMzgxMzUxIzMxIyQxIyQzIyQ3OSQ0NjE0ODEjNjEjJDEjJDQjJDgz,21,재활의학과,0,0,강남센트럴의원,의원,서초구
JDQ4MTg4MSM1MSMkMiMkNCMkMDAkMzgxMTkxIzUxIyQxIyQxIyQ3MiQzNjEyMjIjNDEjJDEjJDgjJDgz,1,내과,0,0,강남셀리팅의원,의원,강남구
JDQ4MTg4MSM1MSMkMiMkNCMkMDAkMzgxMTkxIzUxIyQxIyQxIyQ3MiQzNjEyMjIjNDEjJDEjJDgjJDgz,8,성형외과,0,0,강남셀리팅의원,의원,강남구
JDQ4MTg4MSM1MSMkMiMkNCMkMDAkMzgxMTkxIzUxIyQxIyQxIyQ3MiQzNjEyMjIjNDEjJDEjJDgjJDgz,14,피부과,0,0,강남셀리팅의원,의원,강남구
JDQ4MTg4MSM1MSMkMiMkNCMkMDAkNDgxMzUxIzMxIyQyIyQzIyQwMCQ0NjEwMDIjNTEjJDEjJDYjJDgz,4,외과,1,0,강남송도외과의원,의원,강남구
JDQ4MTg4MSM1MSMkMiMkOCMkMDAkMzgxMTkxIzMxIyQxIyQzIyQ3MiQ0NjEwMDIjNDEjJDEjJDgjJDgz,1,내과,1,0,강남수내과의원,의원,강남구
JDQ4MTg4MSM1MSMkMiMkNCMkMDAkMzgxNzAyIzUxIyQxIyQxIyQ3MiQyNjE4MzIjNTEjJDEjJDIjJDgz,5,정형외과,0,0,강남수재활의학과의원,의원,서초구
JDQ4MTg4MSM1MSMkMiMkNCMkMDAkMzgxNzAyIzUxIyQxIyQxIyQ3MiQyNjE4MzIjNTEjJDEjJDIjJDgz,21,재활의학과,1,0,강남수재활의학과의원,의원,서초구
JDQ4MTg4MSM1MSMkMiMkOCMkMDAkMzgxMzUxIzIxIyQxIyQ5IyQxMyQ0NjE0ODEjNjEjJDEjJDAjJDgz,3,정신건강의학과,3,0,강남숲정신건강의학과의원,의원,강남구
JDQ4MTg4MSM1MSMkMiMkNCMkMDAkNTgxOTYxIzExIyQyIyQzIyQwMCQzNjEwMDIjNjEjJDEjJDgjJDgz,12,안과,4,0,강남스마일안과의원,의원,서초구
JDQ4MTg4MSM1MSMkMiMkOCMkMDAkMzgxOTYxIzMxIyQxIyQ3IyQ4MiQyNjEyMjIjNDEjJDEjJDgjJDgz,1,내과,0,0,강남스마트신경과의원,의원,서초구
JDQ4MTg4MSM1MSMkMiMkOCMkMDAkMzgxOTYxIzMxIyQxIyQ3IyQ4MiQyNjEyMjIjNDEjJDEjJDgjJDgz,2,신경과,1,0,강남스마트신경과의원,의원,서초구
JDQ4MTg4MSM1MSMkMiMkOCMkMDAkMzgxOTYxIzMxIyQxIyQ3IyQ4MiQyNjEyMjIjNDEjJDEjJDgjJDgz,6,신경외과,0,0,강남스마트신경과의원,의원,서초구
JDQ4MTg4MSM1MSMkMiMkOCMkMDAkMzgxMzUxIzUxIyQxIyQ1IyQ5MiQzNjEyMjIjNjEjJDEjJDQjJDgz,5,정형외과,1,0,강남스탠다드정형외과의원,의원,서초구
JDQ4MTg4MSM1MSMkMiMkOCMkMDAkMzgxMzUxIzUxIyQxIyQ1IyQ5MiQzNjEyMjIjNjEjJDEjJDQjJDgz,21,재활의학과,0,0,강남스탠다드정형외과의원,의원,서초구
JDQ4MTg4MSM1MSMkMiMkNCMkMDAkNTgxMzUxIzUxIyQxIyQxIyQxMyQyNjEwMDIjNTEjJDEjJDIjJDgz,1,내과,1,0,강남신내과의원,의원,강남구
JDQ4MTg4MSM1MSMkMiMkOCMkMDAkMzgxMzUxIzIxIyQxIyQxIyQ5MiQzNjEyMjIjNDEjJDEjJDgjJDgz,5,정형외과,0,0,강남신논현본튼튼의원,의원,서초구
JDQ4MTg4MSM1MSMkMiMkNCMkMDAkNTgxOTYxIzUxIyQxIyQxIyQxMyQyNjEyMjIjNjEjJDEjJDgjJDgz,12,안과,1,0,강남신세계안과의원,의원,강남구
JDQ4MTg4MSM1MSMkMiMkOCMkMDAkMzgxMzUxIzExIyQxIyQzIyQ5MiQyNjE0ODEjODEjJDEjJDYjJDgz,1,내과,0,0,강남쏘울의원,의원,강남구
JDQ4MTg4MSM1MSMkMiMkOCMkMDAkMzgxMzUxIzExIyQxIyQzIyQ5MiQyNjE0ODEjODEjJDEjJDYjJDgz,3,정신건강의학과,0,0,강남쏘울의원,의원,강남구
JDQ4MTg4MSM1MSMkMiMkOCMkMDAkMzgxMzUxIzExIyQxIyQzIyQ5MiQyNjE0ODEjODEjJDEjJDYjJDgz,8,성형외과,1,0,강남쏘울의원,의원,강남구
JDQ4MTg4MSM1MSMkMiMkOCMkMDAkMzgxMzUxIzExIyQxIyQzIyQ5MiQyNjE0ODEjODEjJDEjJDYjJDgz,9,마취통증의학과,0,0,강남쏘울의원,의원,강남구
JDQ4MTg4MSM1MSMkMiMkOCMkMDAkMzgxMzUxIzExIyQxIyQzIyQ5MiQyNjE0ODEjODEjJDEjJDYjJDgz,11,소아청소년과,1,0,강남쏘울의원,의원,강남구
JDQ4MTg4MSM1MSMkMiMkOCMkMDAkMzgxMzUxIzExIyQxIyQzIyQ5MiQyNjE0ODEjODEjJDEjJDYjJDgz,14,피부과,0,0,강남쏘울의원,의원,강남구
JDQ4MTg4MSM1MSMkMiMkOCMkMDAkMzgxMzUxIzExIyQxIyQzIyQ5MiQyNjE0ODEjODEjJDEjJDYjJDgz,21,재활의학과,0,0,강남쏘울의원,의원,강남구
JDQ4MTg4MSM1MSMkMiMkOCMkMDAkMzgxMzUxIzExIyQxIyQzIyQ5MiQyNjE0ODEjODEjJDEjJDYjJDgz,23,가정의학과,0,0,강남쏘울의원,의원,강남구
JDQ4MTg4MSM1MSMkMiMkOCMkMDAkMzgxMzUxIzExIyQxIyQzIyQ5MiQyNjE0ODEjODEjJDEjJDYjJDgz,26,예방의학과,0,0,강남쏘울의원,의원,강남구
JDQ4MTg4MSM1MSMkMiMkNCMkMDAkNTgxMzUxIzIxIyQxIyQxIyQ3OSQ0NjEwMDIjNjEjJDEjJDAjJDgz,4,외과,1,0,강남아름다운유외과의원,의원,강남구
JDQ4MTg4MSM1MSMkMiMkNCMkMDAkNTgxMzUxIzIxIyQxIyQxIyQ3OSQ0NjEwMDIjNjEjJDEjJDAjJDgz,8,성형외과,0,0,강남아름다운유외과의원,의원,강남구
JDQ4MTg4MSM1MSMkMiMkNCMkMDAkNDgxMTkxIzUxIyQxIyQ1IyQ2MiQyNjE0ODEjNTEjJDEjJDYjJDgz,21,재활의학과,1,0,강남아산재활의학과의원,의원,강남구
JDQ4MTg4MSM1MSMkMiMkOCMkMDAkMzgxOTYxIzMxIyQxIyQzIyQ3OSQyNjE4MzIjNDEjJDEjJDQjJDgz,8,성형외과,0,0,강남아이디의원,의원,서초구
JDQ4MTg4MSM1MSMkMiMkOCMkMDAkMzgxOTYxIzMxIyQxIyQzIyQ3OSQyNjE4MzIjNDEjJDEjJDQjJDgz,14,피부과,0,0,강남아이디의원,의원,서초구
JDQ4MTg4MSM1MSMkMiMkOCMkMDAkMzgxOTYxIzMxIyQxIyQzIyQ3OSQyNjE4MzIjNDEjJDEjJDQjJDgz,23,가정의학과,0,0,강남아이디의원,의원,서초구
JDQ4MTg4MSM1MSMkMiMkMCMkMDAkNTgxMzUxIzUxIyQxIyQxIyQ5OSQyNjEyMjIjNjEjJDEjJDgjJDgz,12,안과,2,0,강남아이메디안과의원,의원,강남구
JDQ4MTg4MSM1MSMkMiMkOCMkMDAkMzgxMzUxIzIxIyQxIyQxIyQ4OSQyNjE4MzIjNTEjJDEjJDIjJDgz,12,안과,1,0,강남아이오케이안과의원,의원,서초구
JDQ4MTg4MSM1MSMkMiMkOCMkMDAkMzgxMzUxIzExIyQxIyQzIyQ4OSQyNjE0ODEjNjEjJDEjJDQjJDgz,12,안과,1,0,강남아이원스안과의원,의원,서초구
JDQ4MTg4MSM1MSMkMiMkOCMkMDAkMzgxMTkxIzUxIyQxIyQxIyQwMyQzNjEyMjIjNzEjJDEjJDgjJDgz,8,성형외과,0,0,강남아쥬르의원,의원,강남구
JDQ4MTg4MSM1MSMkMiMkOCMkMDAkMzgxMTkxIzUxIyQxIyQxIyQwMyQzNjEyMjIjNzEjJDEjJDgjJDgz,14,피부과,0,0,강남아쥬르의원,의원,강남구
JDQ4MTg4MSM1MSMkMiMkNCMkMDAkNDgxMzUxIzIxIyQxIyQ5IyQ4OSQzNjE0ODEjNDEjJDEjJDgjJDgz,8,성형외과,1,0,강남안성형외과의원,의원,강남구
JDQ4MTg4MSM1MSMkMiMkNCMkMDAkNDgxMzUxIzIxIyQxIyQ5IyQ4OSQzNjE0ODEjNDEjJDEjJDgjJDgz,13,이비인후과,0,0,강남안성형외과의원,의원,강남구
JDQ4MTg4MSM1MSMkMiMkOCMkMDAkMzgxMzUxIzMxIyQxIyQ3IyQ3MiQ0NjEwMDIjNjEjJDEjJDgjJDgz,1,내과,0,0,강남에스터산부인과의원,의원,서초구
JDQ4MTg4MSM1MSMkMiMkOCMkMDAkMzgxMzUxIzMxIyQxIyQ3IyQ3MiQ0NjEwMDIjNjEjJDEjJDgjJDgz,10,산부인과,1,0,강남에스터산부인과의원,의원,서초구
JDQ4MTg4MSM1MSMkMiMkOCMkMDAkMzgxMzUxIzMxIyQxIyQ3IyQ3MiQ0NjEwMDIjNjEjJDEjJDgjJDgz,14,피부과,0,0,강남에스터산부인과의원,의원,서초구
JDQ4MTg4MSM1MSMkMiMkOCMkMDAkMzgxMzUxIzMxIyQxIyQ3IyQ3MiQ0NjEwMDIjNjEjJDEjJDgjJDgz,15,비뇨의학과,0,0,강남에스터산부인과의원,의원,서초구
JDQ4MTg4MSM1MSMkMiMkOCMkMDAkMzgxMzUxIzExIyQxIyQ3IyQ5OSQyNjEwMDIjNzEjJDEjJDgjJDgz,12,안과,2,0,강남에이스안과의원,의원,강남구
JDQ4MTg4MSM1MSMkMiMkOCMkMDAkMzgxOTYxIzIxIyQxIyQ1IyQ2MiQzNjEyMjIjNDEjJDEjJDgjJDgz,1,내과,0,0,강남에프엠의원,의원,강남구
JDQ4MTg4MSM1MSMkMiMkOCMkMDAkMzgxOTYxIzIxIyQxIyQ1IyQ2MiQzNjEyMjIjNDEjJDEjJDgjJDgz,11,소아청소년과,2,0,강남에프엠의원,의원,강남구
JDQ4MTg4MSM1MSMkMiMkOCMkMDAkMzgxOTYxIzIxIyQxIyQ1IyQ2MiQzNjEyMjIjNDEjJDEjJDgjJDgz,23,가정의학과,0,0,강남에프엠의원,의원,강남구
JDQ4MTg4MSM1MSMkMiMkOCMkMDAkMzgxOTYxIzMxIyQxIyQ3IyQ5MiQzNjEyMjIjNDEjJDEjJDgjJDgz,1,내과,1,0,강남엔도내과의원,의원,강남구
JDQ4MTg4MSM1MSMkMiMkNCMkMDAkNTgxMzUxIzQxIyQxIyQ3IyQ2MiQyNjEyMjIjODEjJDEjJDIjJDgz,8,성형외과,0,0,강남엔비의원,의원,서초구
JDQ4MTg4MSM1MSMkMiMkNCMkMDAkNTgxMzUxIzQxIyQxIyQ3IyQ2MiQyNjEyMjIjODEjJDEjJDIjJDgz,14,피부과,0,0,강남엔비의원,의원,서초구
JDQ4MTg4MSM1MSMkMiMkNCMkMDAkNDgxMTkxIzExIyQxIyQ3IyQ4MiQyNjEyMjIjNTEjJDEjJDYjJDgz,8,성형외과,0,0,강남연세라인의원,의원,강남구
JDQ4MTg4MSM1MSMkMiMkNCMkMDAkNDgxMTkxIzExIyQxIyQ3IyQ4MiQyNjEyMjIjNTEjJDEjJDYjJDgz,14,피부과,0,0,강남연세라인의원,의원,강남구
JDQ4MTg4MSM1MSMkMiMkNCMkMDAkNTgxMzUxIzUxIyQxIyQ1IyQ2MiQyNjEyMjIjNDEjJDEjJDgjJDgz,15,비뇨의학과,1,0,강남연세비뇨의학과의원,의원,강남구
JDQ4MTg4MSM1MSMkMiMkNCMkMDAkMzgxNzAyIzUxIyQxIyQ1IyQxMyQzNjEwMDIjNjEjJDEjJDAjJDgz,1,내과,0,0,강남연세소아과의원,의원,강남구
JDQ4MTg4MSM1MSMkMiMkNCMkMDAkMzgxNzAyIzUxIyQxIyQ1IyQxMyQzNjEwMDIjNjEjJDEjJDAjJDgz,11,소아청소년과,1,0,강남연세소아과의원,의원,강남구
JDQ4MTg4MSM1MSMkMiMkNCMkMDAkMzgxNzAyIzUxIyQxIyQ1IyQxMyQzNjEwMDIjNjEjJDEjJDAjJDgz,13,이비인후과,0,0,강남연세소아과의원,의원,강남구
JDQ4MTg4MSM1MSMkMiMkNCMkMDAkMzgxNzAyIzUxIyQxIyQ1IyQxMyQzNjEwMDIjNjEjJDEjJDAjJDgz,14,피부과,0,0,강남연세소아과의원,의원,강남구
JDQ4MTg4MSM1MSMkMiMkNCMkMDAkMzgxNzAyIzUxIyQxIyQ1IyQxMyQzNjEwMDIjNjEjJDEjJDAjJDgz,23,가정의학과,0,0,강남연세소아과의원,의원,강남구
JDQ4MTg4MSM1MSMkMiMkMCMkMDAkNTgxMzUxIzUxIyQxIyQxIyQxMyQyNjE4MzIjNjEjJDEjJDQjJDgz,9,마취통증의학과,1,0,강남연세신통의원,의원,강남구
JDQ4MTg4MSM1MSMkMiMkOCMkMDAkMzgxMzUxIzIxIyQxIyQxIyQ5MiQ0NjE0ODEjNzEjJDEjJDgjJDgz,12,안과,1,0,강남연세안과의원,의원,강남구
JDQ4MTg4MSM1MSMkMiMkOCMkMDAkMzgxOTYxIzMxIyQxIyQ3IyQ3MiQzNjEyMjIjNzEjJDEjJDgjJDgz,4,외과,1,0,강남연세외과의원,의원,서초구
JDQ4MTg4MSM1MSMkMiMkOCMkMDAkMzgxOTYxIzMxIyQxIyQ3IyQ3MiQzNjEyMjIjNzEjJDEjJDgjJDgz,8,성형외과,0,0,강남연세외과의원,의원,서초구
JDQ4MTg4MSM1MSMkMiMkOCMkMDAkMzgxOTYxIzMxIyQxIyQ3IyQ3MiQzNjEyMjIjNzEjJDEjJDgjJDgz,14,피부과,0,0,강남연세외과의원,의원,서초구
JDQ4MTg4MSM1MSMkMiMkNCMkMDAkMzgxMTkxIzIxIyQxIyQxIyQ4OSQyNjE4MzIjNDEjJDEjJDQjJDgz,15,비뇨의학과,1,0,강남연세우노비뇨기과의원,의원,강남구
JDQ4MTg4MSM1MSMkMiMkNCMkMDAkNDgxNzAyIzIxIyQyIyQ5IyQwMCQzNjEwMDIjNDEjJDEjJDgjJDgz,13,이비인후과,1,0,강남연세이비인후과의원,의원,강남구
JDQ4MTg4MSM1MSMkMiMkMCMkMDAkNTgxOTYxIzIxIyQxIyQ5IyQ3OSQzNjEyMjIjNjEjJDEjJDAjJDgz,1,내과,0,0,강남연세재활의학과의원,의원,서초구
JDQ4MTg4MSM1MSMkMiMkMCMkMDAkNTgxOTYxIzIxIyQxIyQ5IyQ3OSQzNjEyMjIjNjEjJDEjJDAjJDgz,2,신경과,0,0,강남연세재활의학과의원,의원,서초구
JDQ4MTg4MSM1MSMkMiMkMCMkMDAkNTgxOTYxIzIxIyQxIyQ5IyQ3OSQzNjEyMjIjNjEjJDEjJDAjJDgz,4,외과,0,0,강남연세재활의학과의원,의원,서초구
JDQ4MTg4MSM1MSMkMiMkMCMkMDAkNTgxOTYxIzIxIyQxIyQ5IyQ3OSQzNjEyMjIjNjEjJDEjJDAjJDgz,5,정형외과,0,0,강남연세재활의학과의원,의원,서초구
JDQ4MTg4MSM1MSMkMiMkMCMkMDAkNTgxOTYxIzIxIyQxIyQ5IyQ3OSQzNjEyMjIjNjEjJDEjJDAjJDgz,6,신경외과,0,0,강남연세재활의학과의원,의원,서초구
JDQ4MTg4MSM1MSMkMiMkMCMkMDAkNTgxOTYxIzIxIyQxIyQ5IyQ3OSQzNjEyMjIjNjEjJDEjJDAjJDgz,9,마취통증의학과,0,0,강남연세재활의학과의원,의원,서초구
JDQ4MTg4MSM1MSMkMiMkMCMkMDAkNTgxOTYxIzIxIyQxIyQ5IyQ3OSQzNjEyMjIjNjEjJDEjJDAjJDgz,11,소아청소년과,0,0,강남연세재활의학과의원,의원,서초구
JDQ4MTg4MSM1MSMkMiMkMCMkMDAkNTgxOTYxIzIxIyQxIyQ5IyQ3OSQzNjEyMjIjNjEjJDEjJDAjJDgz,13,이비인후과,0,0,강남연세재활의학과의원,의원,서초구
JDQ4MTg4MSM1MSMkMiMkMCMkMDAkNTgxOTYxIzIxIyQxIyQ5IyQ3OSQzNjEyMjIjNjEjJDEjJDAjJDgz,14,피부과,0,0,강남연세재활의학과의원,의원,서초구
JDQ4MTg4MSM1MSMkMiMkMCMkMDAkNTgxOTYxIzIxIyQxIyQ5IyQ3OSQzNjEyMjIjNjEjJDEjJDAjJDgz,15,비뇨의학과,0,0,강남연세재활의학과의원,의원,서초구
JDQ4MTg4MSM1MSMkMiMkMCMkMDAkNTgxOTYxIzIxIyQxIyQ5IyQ3OSQzNjEyMjIjNjEjJDEjJDAjJDgz,16,영상의학과,0,0,강남연세재활의학과의원,의원,서초구
JDQ4MTg4MSM1MSMkMiMkMCMkMDAkNTgxOTYxIzIxIyQxIyQ5IyQ3OSQzNjEyMjIjNjEjJDEjJDAjJDgz,18,병리과,0,0,강남연세재활의학과의원,의원,서초구
JDQ4MTg4MSM1MSMkMiMkMCMkMDAkNTgxOTYxIzIxIyQxIyQ5IyQ3OSQzNjEyMjIjNjEjJDEjJDAjJDgz,19,진단검사의학과,0,0,강남연세재활의학과의원,의원,서초구
JDQ4MTg4MSM1MSMkMiMkMCMkMDAkNTgxOTYxIzIxIyQxIyQ5IyQ3OSQzNjEyMjIjNjEjJDEjJDAjJDgz,21,재활의학과,1,0,강남연세재활의학과의원,의원,서초구
JDQ4MTg4MSM1MSMkMiMkMCMkMDAkNTgxOTYxIzIxIyQxIyQ5IyQ3OSQzNjEyMjIjNjEjJDEjJDAjJDgz,23,가정의학과,0,0,강남연세재활의학과의원,의원,서초구
JDQ4MTg4MSM1MSMkMiMkMCMkMDAkNTgxOTYxIzIxIyQxIyQ5IyQ3OSQzNjEyMjIjNjEjJDEjJDAjJDgz,24,응급의학과,0,0,강남연세재활의학과의원,의원,서초구
JDQ4MTg4MSM1MSMkMiMkMCMkMDAkNTgxOTYxIzIxIyQxIyQ5IyQ3OSQzNjEyMjIjNjEjJDEjJDAjJDgz,26,예방의학과,0,0,강남연세재활의학과의원,의원,서초구
JDQ4MTg4MSM1MSMkMiMkNCMkMDAkNTgxOTYxIzIxIyQxIyQ1IyQ2MiQzNjEwMDIjNTEjJDEjJDIjJDgz,3,정신건강의학과,2,0,강남연세정신건강의학과의원,의원,강남구
JDQ4MTg4MSM1MSMkMiMkOCMkMDAkMzgxMTkxIzIxIyQxIyQxIyQ5OSQyNjE4MzIjNDEjJDEjJDgjJDgz,4,외과,0,0,강남연세정형외과의원,의원,송파구
JDQ4MTg4MSM1MSMkMiMkOCMkMDAkMzgxMTkxIzIxIyQxIyQxIyQ5OSQyNjE4MzIjNDEjJDEjJDgjJDgz,5,정형외과,2,0,강남연세정형외과의원,의원,송파구
JDQ4MTg4MSM1MSMkMiMkOCMkMDAkMzgxMTkxIzIxIyQxIyQxIyQ5OSQyNjE4MzIjNDEjJDEjJDgjJDgz,6,신경외과,0,0,강남연세정형외과의원,의원,송파구
JDQ4MTg4MSM1MSMkMiMkOCMkMDAkMzgxMTkxIzIxIyQxIyQxIyQ5OSQyNjE4MzIjNDEjJDEjJDgjJDgz,9,마취통증의학과,1,0,강남연세정형외과의원,의원,송파구
JDQ4MTg4MSM1MSMkMiMkOCMkMDAkMzgxMTkxIzIxIyQxIyQxIyQ5OSQyNjE4MzIjNDEjJDEjJDgjJDgz,21,재활의학과,1,0,강남연세정형외과의원,의원,송파구
JDQ4MTg4MSM1MSMkMiMkNCMkMDAkMzgxMTkxIzExIyQyIyQ3IyQwMCQzNjE0ODEjNjEjJDEjJDgjJDgz,7,심장혈관흉부외과,1,0,강남연세흉부외과의원,의원,강남구
JDQ4MTg4MSM1MSMkMiMkMCMkMDAkNTgxOTYxIzExIyQxIyQ3IyQ5MiQzNjE0ODEjNDEjJDEjJDQjJDgz,3,정신건강의학과,1,0,강남연정신건강의학과의원,의원,강남구
JDQ4MTg4MSM1MSMkMiMkMCMkMDAkNDgxMTkxIzIxIyQxIyQ5IyQ5OSQzNjE0ODEjNjEjJDEjJDgjJDgz,16,영상의학과,12,0,강남영상의학과의원,의원,서초구
JDQ4MTg4MSM1MSMkMiMkOCMkMDAkMzgxMTkxIzIxIyQxIyQ1IyQ3OSQ0NjEwMDIjNDEjJDEjJDgjJDgz,4,외과,1,0,강남예스외과의원,의원,서초구
JDQ4MTg4MSM1MSMkMiMkOCMkMDAkMzgxMTkxIzIxIyQxIyQ1IyQ3OSQ0NjEwMDIjNDEjJDEjJDgjJDgz,9,마취통증의학과,1,0,강남예스외과의원,의원,서초구
JDQ4MTg4MSM1MSMkMiMkNCMkMDAkMzgxMTkxIzExIyQxIyQ3IyQ3MiQzNjE4MzIjNjEjJDEjJDQjJDgz,4,외과,1,0,강남예일미의원,의원,강남구
JDQ4MTg4MSM1MSMkMiMkNCMkMDAkNTgxMzUxIzMxIyQyIyQzIyQwMCQzNjEwMDIjNTEjJDEjJDIjJDgz,5,정형외과,0,0,강남올바른신경외과의원,의원,서초구
JDQ4MTg4MSM1MSMkMiMkNCMkMDAkNTgxMzUxIzMxIyQyIyQzIyQwMCQzNjEwMDIjNTEjJDEjJDIjJDgz,6,신경외과,1,0,강남올바른신경외과의원,의원,서초구
JDQ4MTg4MSM1MSMkMiMkNCMkMDAkNTgxMzUxIzMxIyQyIyQzIyQwMCQzNjEwMDIjNTEjJDEjJDIjJDgz,9,마취통증의학과,0,0,강남올바른신경외과의원,의원,서초구
JDQ4MTg4MSM1MSMkMiMkNCMkMDAkNTgxMzUxIzMxIyQyIyQzIyQwMCQzNjEwMDIjNTEjJDEjJDIjJDgz,11,소아청소년과,0,0,강남올바른신경외과의원,의원,서초구
JDQ4MTg4MSM1MSMkMiMkNCMkMDAkNTgxMzUxIzMxIyQyIyQzIyQwMCQzNjEwMDIjNTEjJDEjJDIjJDgz,21,재활의학과,0,0,강남올바른신경외과의원,의원,서초구
JDQ4MTg4MSM1MSMkMiMkNCMkMDAkNTgxOTYxIzIxIyQxIyQxIyQ5OSQyNjE0ODEjNDEjJDEjJDgjJDgz,8,성형외과,0,0,강남올샤인의원,의원,서초구
JDQ4MTg4MSM1MSMkMiMkNCMkMDAkNTgxOTYxIzIxIyQxIyQxIyQ5OSQyNjE0ODEjNDEjJDEjJDgjJDgz,14,피부과,0,0,강남올샤인의원,의원,서초구
JDQ4MTg4MSM1MSMkMiMkNCMkMDAkNTgxOTYxIzIxIyQxIyQxIyQ5OSQyNjE0ODEjNDEjJDEjJDgjJDgz,15,비뇨의학과,1,0,강남올샤인의원,의원,서초구
JDQ4MTg4MSM1MSMkMiMkMCMkMDAkNTgxMzUxIzQxIyQxIyQ3IyQ5OSQzNjE4MzIjNDEjJDEjJDgjJDgz,1,내과,0,0,강남우리집의원,의원,강남구
JDQ4MTg4MSM1MSMkMiMkMCMkMDAkNTgxMzUxIzQxIyQxIyQ3IyQ5OSQzNjE4MzIjNDEjJDEjJDgjJDgz,11,소아청소년과,0,0,강남우리집의원,의원,강남구
JDQ4MTg4MSM1MSMkMiMkMCMkMDAkNTgxMzUxIzQxIyQxIyQ3IyQ5OSQzNjE4MzIjNDEjJDEjJDgjJDgz,14,피부과,0,0,강남우리집의원,의원,강남구
JDQ4MTg4MSM1MSMkMiMkMCMkMDAkNTgxMzUxIzQxIyQxIyQ3IyQ5OSQzNjE4MzIjNDEjJDEjJDgjJDgz,23,가정의학과,1,0,강남우리집의원,의원,강남구
JDQ4MTg4MSM1MSMkMiMkNCMkMDAkMzgxMzUxIzIxIyQyIyQxIyQwMCQzNjE4MzIjNjEjJDEjJDgjJDgz,14,피부과,1,0,강남우태하피부과의원,의원,강남구
JDQ4MTg4MSM1MSMkMiMkNCMkMDAkNDgxMzUxIzUxIyQxIyQxIyQ4OSQ0NjEwMDIjODEjJDEjJDIjJDgz,1,내과,0,0,강남원의원,의원,강남구
JDQ4MTg4MSM1MSMkMiMkNCMkMDAkNDgxMzUxIzUxIyQxIyQxIyQ4OSQ0NjEwMDIjODEjJDEjJDIjJDgz,13,이비인후과,0,0,강남원의원,의원,강남구
JDQ4MTg4MSM1MSMkMiMkNCMkMDAkNDgxMzUxIzUxIyQxIyQxIyQ4OSQ0NjEwMDIjODEjJDEjJDIjJDgz,14,피부과,0,0,강남원의원,의원,강남구
JDQ4MTg4MSM1MSMkMiMkNCMkMDAkNDgxMzUxIzUxIyQxIyQxIyQ4OSQ0NjEwMDIjODEjJDEjJDIjJDgz,21,재활의학과,0,0,강남원의원,의원,강남구
JDQ4MTg4MSM1MSMkMiMkNCMkMDAkNDgxMzUxIzUxIyQxIyQxIyQ4OSQ0NjEwMDIjODEjJDEjJDIjJDgz,23,가정의학과,0,0,강남원의원,의원,강남구
JDQ4MTg4MSM1MSMkMiMkMCMkMDAkMzgxOTYxIzExIyQxIyQ3IyQ5MiQzNjE0ODEjNjEjJDEjJDgjJDgz,14,피부과,0,0,강남웰남성의원,의원,강남구
JDQ4MTg4MSM1MSMkMiMkMCMkMDAkMzgxOTYxIzExIyQxIyQ3IyQ5MiQzNjE0ODEjNjEjJDEjJDgjJDgz,15,비뇨의학과,0,0,강남웰남성의원,의원,강남구
JDQ4MTg4MSM1MSMkMiMkOCMkMDAkMzgxOTYxIzMxIyQxIyQ3IyQ5OSQyNjE4MzIjNDEjJDEjJDgjJDgz,1,내과,2,0,강남웰니스내과의원,의원,강남구
JDQ4MTg4MSM1MSMkMiMkOCMkMDAkMzgxOTYxIzMxIyQxIyQ3IyQ5OSQyNjE4MzIjNDEjJDEjJDgjJDgz,23,가정의학과,1,0,강남웰니스내과의원,의원,강남구
JDQ4MTg4MSM1MSMkMiMkNCMkMDAkNTgxMzUxIzQxIyQxIyQ3IyQ5MiQyNjEwMDIjNDEjJDEjJDgjJDgz,1,내과,1,0,강남위튼내과의원,의원,금천구
JDQ4MTg4MSM1MSMkMiMkNCMkMDAkNTgxMzUxIzQxIyQxIyQ3IyQ5MiQyNjEwMDIjNDEjJDEjJDgjJDgz,2,신경과,0,0,강남위튼내과의원,의원,금천구
JDQ4MTg4MSM1MSMkMiMkNCMkMDAkNTgxMzUxIzQxIyQxIyQ3IyQ5MiQyNjEwMDIjNDEjJDEjJDgjJDgz,4,외과,0,0,강남위튼내과의원,의원,금천구
JDQ4MTg4MSM1MSMkMiMkNCMkMDAkNTgxMzUxIzQxIyQxIyQ3IyQ5MiQyNjEwMDIjNDEjJDEjJDgjJDgz,11,소아청소년과,0,0,강남위튼내과의원,의원,금천구
JDQ4MTg4MSM1MSMkMiMkNCMkMDAkNTgxMzUxIzQxIyQxIyQ3IyQ5MiQyNjEwMDIjNDEjJDEjJDgjJDgz,13,이비인후과,0,0,강남위튼내과의원,의원,금천구
JDQ4MTg4MSM1MSMkMiMkNCMkMDAkNTgxMzUxIzQxIyQxIyQ3IyQ5MiQyNjEwMDIjNDEjJDEjJDgjJDgz,14,피부과,0,0,강남위튼내과의원,의원,금천구
JDQ4MTg4MSM1MSMkMiMkNCMkMDAkNTgxMzUxIzQxIyQxIyQ3IyQ5MiQyNjEwMDIjNDEjJDEjJDgjJDgz,15,비뇨의학과,0,0,강남위튼내과의원,의원,금천구
JDQ4MTg4MSM1MSMkMiMkNCMkMDAkNTgxMzUxIzQxIyQxIyQ3IyQ5MiQyNjEwMDIjNDEjJDEjJDgjJDgz,16,영상의학과,0,0,강남위튼내과의원,의원,금천구
JDQ4MTg4MSM1MSMkMiMkNCMkMDAkNTgxMzUxIzQxIyQxIyQ3IyQ5MiQyNjEwMDIjNDEjJDEjJDgjJDgz,19,진단검사의학과,0,0,강남위튼내과의원,의원,금천구
JDQ4MTg4MSM1MSMkMiMkNCMkMDAkNTgxMzUxIzQxIyQxIyQ3IyQ5MiQyNjEwMDIjNDEjJDEjJDgjJDgz,26,예방의학과,0,0,강남위튼내과의원,의원,금천구
JDQ4MTg4MSM1MSMkMiMkMCMkMDAkNDgxNzAyIzUxIyQxIyQ1IyQwMyQzNjEwMDIjNjEjJDEjJDQjJDgz,15,비뇨의학과,1,0,강남유로비뇨의학과의원,의원,서초구
JDQ4MTg4MSM1MSMkMiMkNCMkMDAkNDgxOTYxIzMxIyQxIyQ3IyQ3OSQ0NjE0ODEjNjEjJDEjJDQjJDgz,14,피부과,0,0,강남유앤아이의원,의원,강남구
JDQ4MTg4MSM1MSMkMiMkMCMkMDAkNDgxOTYxIzExIyQxIyQzIyQ5MiQzNjEyMjIjODEjJDEjJDIjJDgz,4,외과,0,0,강남의원,의원,종로구
JDQ4MTg4MSM1MSMkMiMkMCMkMDAkNDgxOTYxIzExIyQxIyQzIyQ5MiQzNjEyMjIjODEjJDEjJDIjJDgz,14,피부과,0,0,강남의원,의원,종로구
JDQ4MTg4MSM1MSMkMiMkMCMkMDAkNDgxOTYxIzExIyQxIyQzIyQ5MiQzNjEyMjIjODEjJDEjJDIjJDgz,16,영상의학과,1,0,강남의원,의원,종로구
JDQ4MTg4MSM1MSMkMiMkMCMkMDAkNDgxOTYxIzExIyQxIyQzIyQ5MiQzNjEyMjIjODEjJDEjJDIjJDgz,23,가정의학과,0,0,강남의원,의원,종로구
JDQ4MTg4MSM1MSMkMiMkNCMkMDAkMzgxMzUxIzIxIyQxIyQ1IyQ2MiQ0NjEwMDIjNjEjJDEjJDgjJDgz,1,내과,0,0,강남의원,의원,강북구
JDQ4MTg4MSM1MSMkMiMkNCMkMDAkMzgxMzUxIzIxIyQxIyQ1IyQ2MiQ0NjEwMDIjNjEjJDEjJDgjJDgz,4,외과,1,0,강남의원,의원,강북구
JDQ4MTg4MSM1MSMkMiMkNCMkMDAkMzgxMzUxIzIxIyQxIyQ1IyQ2MiQ0NjEwMDIjNjEjJDEjJDgjJDgz,5,정형외과,0,0,강남의원,의원,강북구
JDQ4MTg4MSM1MSMkMiMkNCMkMDAkMzgxMzUxIzIxIyQxIyQ1IyQ2MiQ0NjEwMDIjNjEjJDEjJDgjJDgz,14,피부과,0,0,강남의원,의원,강북구
JDQ4MTg4MSM1MSMkMiMkNCMkMDAkMzgxMzUxIzIxIyQxIyQ1IyQ2MiQ0NjEwMDIjNjEjJDEjJDgjJDgz,15,비뇨의학과,0,0,강남의원,의원,강북구
JDQ4MTg4MSM1MSMkMiMkNCMkMDAkNDgxOTYxIzIxIyQxIyQ5IyQ3OSQyNjEyMjIjNTEjJDEjJDYjJDgz,1,내과,0,0,강남의원,의원,송파구
JDQ4MTg4MSM1MSMkMiMkNCMkMDAkNDgxOTYxIzIxIyQxIyQ5IyQ3OSQyNjEyMjIjNTEjJDEjJDYjJDgz,4,외과,0,0,강남의원,의원,송파구
JDQ4MTg4MSM1MSMkMiMkNCMkMDAkNDgxOTYxIzIxIyQxIyQ5IyQ3OSQyNjEyMjIjNTEjJDEjJDYjJDgz,5,정형외과,0,0,강남의원,의원,송파구
JDQ4MTg4MSM1MSMkMiMkNCMkMDAkNDgxOTYxIzIxIyQxIyQ5IyQ3OSQyNjEyMjIjNTEjJDEjJDYjJDgz,8,성형외과,0,0,강남의원,의원,송파구
JDQ4MTg4MSM1MSMkMiMkNCMkMDAkNDgxOTYxIzIxIyQxIyQ5IyQ3OSQyNjEyMjIjNTEjJDEjJDYjJDgz,9,마취통증의학과,0,0,강남의원,의원,송파구
JDQ4MTg4MSM1MSMkMiMkNCMkMDAkNDgxOTYxIzIxIyQxIyQ5IyQ3OSQyNjEyMjIjNTEjJDEjJDYjJDgz,10,산부인과,1,0,강남의원,의원,송파구
JDQ4MTg4MSM1MSMkMiMkNCMkMDAkNDgxOTYxIzIxIyQxIyQ5IyQ3OSQyNjEyMjIjNTEjJDEjJDYjJDgz,11,소아청소년과,0,0,강남의원,의원,송파구
JDQ4MTg4MSM1MSMkMiMkNCMkMDAkNDgxOTYxIzIxIyQxIyQ5IyQ3OSQyNjEyMjIjNTEjJDEjJDYjJDgz,14,피부과,0,0,강남의원,의원,송파구
JDQ4MTg4MSM1MSMkMiMkNCMkMDAkNDgxOTYxIzIxIyQxIyQ5IyQ3OSQyNjEyMjIjNTEjJDEjJDYjJDgz,23,가정의학과,0,0,강남의원,의원,송파구
JDQ4MTg4MSM1MSMkMiMkNCMkMDAkNDgxMTkxIzIxIyQxIyQ1IyQ4OSQ0NjEwMDIjNzEjJDEjJDgjJDgz,12,안과,1,0,강남이룸안과의원,의원,강남구
JDQ4MTg4MSM1MSMkMiMkNCMkMDAkMzgxOTYxIzIxIyQyIyQxIyQwMCQyNjE0ODEjNjEjJDEjJDAjJDgz,12,안과,6,0,강남이오스안과의원,의원,서초구
JDQ4MTg4MSM1MSMkMiMkMCMkMDAkNDgxNzAyIzExIyQxIyQzIyQ5OSQyNjE0ODEjNTEjJDEjJDYjJDgz,21,재활의학과,1,0,강남재활의학과의원,의원,강남구
JDQ4MTg4MSM1MSMkMiMkNCMkMDAkNDgxMTkxIzExIyQxIyQ3IyQ5MiQzNjE0ODEjNzEjJDEjJDgjJDgz,3,정신건강의학과,1,0,강남정신건강의학과의원,의원,서초구
JDQ4MTg4MSM1MSMkMiMkMCMkMDAkNDgxMTkxIzMxIyQxIyQzIyQwMyQyNjEyMjIjNDEjJDEjJDQjJDgz,2,신경과,1,0,강남정신과의원,의원,강동구
JDQ4MTg4MSM1MSMkMiMkMCMkMDAkNDgxMTkxIzMxIyQxIyQzIyQwMyQyNjEyMjIjNDEjJDEjJDQjJDgz,3,정신건강의학과,2,0,강남정신과의원,의원,강동구
JDQ4MTg4MSM1MSMkMiMkMCMkMDAkNTgxMzUxIzMxIyQxIyQzIyQ4OSQyNjE0ODEjNTEjJDEjJDYjJDgz,15,비뇨의학과,2,0,강남제이비뇨기과의원,의원,강남구
JDQ4MTg4MSM1MSMkMiMkNCMkMDAkMzgxMTkxIzUxIyQxIyQxIyQ5MiQ0NjE0ODEjNTEjJDEjJDIjJDgz,1,내과,1,0,강남조앤조내과소아과의원,의원,강남구
JDQ4MTg4MSM1MSMkMiMkNCMkMDAkMzgxMTkxIzUxIyQxIyQxIyQ5MiQ0NjE0ODEjNTEjJDEjJDIjJDgz,11,소아청소년과,1,0,강남조앤조내과소아과의원,의원,강남구
JDQ4MTg4MSM1MSMkMiMkNCMkMDAkMzgxMTkxIzUxIyQxIyQxIyQ5MiQ0NjE0ODEjNTEjJDEjJDIjJDgz,13,이비인후과,0,0,강남조앤조내과소아과의원,의원,강남구
JDQ4MTg4MSM1MSMkMiMkNCMkMDAkMzgxMTkxIzUxIyQxIyQxIyQ5MiQ0NjE0ODEjNTEjJDEjJDIjJDgz,14,피부과,0,0,강남조앤조내과소아과의원,의원,강남구
JDQ4MTg4MSM1MSMkMiMkNCMkMDAkMzgxNzAyIzIxIyQxIyQxIyQ5OSQzNjEwMDIjODEjJDEjJDYjJDgz,12,안과,3,0,강남조은눈안과의원,의원,강남구
JDQ4MTg4MSM1MSMkMiMkNCMkMDAkMzgxNzAyIzIxIyQxIyQxIyQ5OSQzNjEwMDIjODEjJDEjJDYjJDgz,14,피부과,0,0,강남조은눈안과의원,의원,강남구
JDQ4MTg4MSM1MSMkMiMkNCMkMDAkMzgxMzUxIzQxIyQxIyQ3IyQ3MiQzNjE0ODEjODEjJDEjJDIjJDgz,8,성형외과,1,0,강남준성형외과의원,의원,강서구
JDQ4MTg4MSM1MSMkMiMkNCMkMDAkMzgxMzUxIzQxIyQxIyQ3IyQ3MiQzNjE0ODEjODEjJDEjJDIjJDgz,14,피부과,0,0,강남준성형외과의원,의원,강서구
JDQ4MTg4MSM1MSMkMiMkOCMkMDAkMzgxOTYxIzUxIyQxIyQ1IyQxMyQ0NjEwMDIjNDEjJDEjJDQjJDgz,5,정형외과,1,0,강남진정형외과의원,의원,강남구
JDQ4MTg4MSM1MSMkMiMkOCMkMDAkMzgxOTYxIzUxIyQxIyQ1IyQxMyQ0NjEwMDIjNDEjJDEjJDQjJDgz,6,신경외과,0,0,강남진정형외과의원,의원,강남구
JDQ4MTg4MSM1MSMkMiMkOCMkMDAkMzgxOTYxIzUxIyQxIyQ1IyQxMyQ0NjEwMDIjNDEjJDEjJDQjJDgz,9,마취통증의학과,0,0,강남진정형외과의원,의원,강남구
JDQ4MTg4MSM1MSMkMiMkOCMkMDAkMzgxOTYxIzUxIyQxIyQ1IyQxMyQ0NjEwMDIjNDEjJDEjJDQjJDgz,21,재활의학과,0,0,강남진정형외과의원,의원,강남구
JDQ4MTg4MSM1MSMkMiMkOCMkMDAkMzgxMTkxIzMxIyQxIyQ3IyQ5OSQyNjEwMDIjNDEjJDEjJDQjJDgz,1,내과,0,0,강남채원의원,의원,서초구
JDQ4MTg4MSM1MSMkMiMkOCMkMDAkMzgxMTkxIzMxIyQxIyQ3IyQ5OSQyNjEwMDIjNDEjJDEjJDQjJDgz,11,소아청소년과,0,0,강남채원의원,의원,서초구
JDQ4MTg4MSM1MSMkMiMkOCMkMDAkMzgxMTkxIzMxIyQxIyQ3IyQ5OSQyNjEwMDIjNDEjJDEjJDQjJDgz,13,이비인후과,0,0,강남채원의원,의원,서초구
JDQ4MTg4MSM1MSMkMiMkOCMkMDAkMzgxMTkxIzMxIyQxIyQ3IyQ5OSQyNjEwMDIjNDEjJDEjJDQjJDgz,14,피부과,0,0,강남채원의원,의원,서초구
JDQ4MTg4MSM1MSMkMiMkOCMkMDAkMzgxMTkxIzMxIyQxIyQ3IyQ5OSQyNjEwMDIjNDEjJDEjJDQjJDgz,23,가정의학과,1,0,강남채원의원,의원,서초구
JDQ4MTg4MSM1MSMkMiMkOCMkMDAkMzgxOTYxIzExIyQxIyQzIyQ4MiQ0NjEwMDIjNDEjJDEjJDgjJDgz,5,정형외과,1,0,강남챔피언정형외과의원,의원,송파구
JDQ4MTg4MSM1MSMkMiMkOCMkMDAkMzgxOTYxIzExIyQxIyQzIyQ4MiQ0NjEwMDIjNDEjJDEjJDgjJDgz,6,신경외과,0,0,강남챔피언정형외과의원,의원,송파구
JDQ4MTg4MSM1MSMkMiMkOCMkMDAkMzgxOTYxIzExIyQxIyQzIyQ4MiQ0NjEwMDIjNDEjJDEjJDgjJDgz,9,마취통증의학과,0,0,강남챔피언정형외과의원,의원,송파구
JDQ4MTg4MSM1MSMkMiMkOCMkMDAkMzgxOTYxIzExIyQxIyQzIyQ4MiQ0NjEwMDIjNDEjJDEjJDgjJDgz,21,재활의학과,0,0,강남챔피언정형외과의원,의원,송파구
JDQ4MTg4MSM1MSMkMiMkOCMkMDAkMzgxMTkxIzUxIyQxIyQxIyQ3MiQyNjEyMjIjNTEjJDEjJDIjJDgz,1,내과,0,0,강남초이스의원,의원,강남구
JDQ4MTg4MSM1MSMkMiMkOCMkMDAkMzgxMTkxIzUxIyQxIyQxIyQ3MiQyNjEyMjIjNTEjJDEjJDIjJDgz,8,성형외과,0,0,강남초이스의원,의원,강남구
JDQ4MTg4MSM1MSMkMiMkOCMkMDAkMzgxMTkxIzUxIyQxIyQxIyQ3MiQyNjEyMjIjNTEjJDEjJDIjJDgz,14,피부과,0,0,강남초이스의원,의원,강남구
JDQ4MTg4MSM1MSMkMiMkNCMkMDAkNDgxMTkxIzIxIyQxIyQ5IyQ4MiQzNjEwMDIjNzEjJDEjJDgjJDgz,1,내과,0,0,강남초이스정형외과의원,의원,영등포구
JDQ4MTg4MSM1MSMkMiMkNCMkMDAkNDgxMTkxIzIxIyQxIyQ5IyQ4MiQzNjEwMDIjNzEjJDEjJDgjJDgz,4,외과,0,0,강남초이스정형외과의원,의원,영등포구
JDQ4MTg4MSM1MSMkMiMkNCMkMDAkNDgxMTkxIzIxIyQxIyQ5IyQ4MiQzNjEwMDIjNzEjJDEjJDgjJDgz,5,정형외과,1,0,강남초이스정형외과의원,의원,영등포구
JDQ4MTg4MSM1MSMkMiMkNCMkMDAkNDgxMTkxIzIxIyQxIyQ5IyQ4MiQzNjEwMDIjNzEjJDEjJDgjJDgz,6,신경외과,0,0,강남초이스정형외과의원,의원,영등포구
JDQ4MTg4MSM1MSMkMiMkNCMkMDAkNDgxMTkxIzIxIyQxIyQ5IyQ4MiQzNjEwMDIjNzEjJDEjJDgjJDgz,9,마취통증의학과,0,0,강남초이스정형외과의원,의원,영등포구
JDQ4MTg4MSM1MSMkMiMkNCMkMDAkNDgxMTkxIzIxIyQxIyQ5IyQ4MiQzNjEwMDIjNzEjJDEjJDgjJDgz,21,재활의학과,0,0,강남초이스정형외과의원,의원,영등포구
JDQ4MTg4MSM1MSMkMiMkNCMkMDAkNDgxOTYxIzIxIyQyIyQ1IyQwMCQ0NjEwMDIjNjEjJDEjJDgjJDgz,1,내과,0,0,강남코모키이비인후과의원,의원,강남구
JDQ4MTg4MSM1MSMkMiMkNCMkMDAkNDgxOTYxIzIxIyQyIyQ1IyQwMCQ0NjEwMDIjNjEjJDEjJDgjJDgz,8,성형외과,0,0,강남코모키이비인후과의원,의원,강남구
JDQ4MTg4MSM1MSMkMiMkNCMkMDAkNDgxOTYxIzIxIyQyIyQ1IyQwMCQ0NjEwMDIjNjEjJDEjJDgjJDgz,11,소아청소년과,0,0,강남코모키이비인후과의원,의원,강남구
JDQ4MTg4MSM1MSMkMiMkNCMkMDAkNDgxOTYxIzIxIyQyIyQ1IyQwMCQ0NjEwMDIjNjEjJDEjJDgjJDgz,12,안과,0,0,강남코모키이비인후과의원,의원,강남구
JDQ4MTg4MSM1MSMkMiMkNCMkMDAkNDgxOTYxIzIxIyQyIyQ1IyQwMCQ0NjEwMDIjNjEjJDEjJDgjJDgz,13,이비인후과,2,0,강남코모키이비인후과의원,의원,강남구
JDQ4MTg4MSM1MSMkMiMkNCMkMDAkNDgxOTYxIzIxIyQyIyQ1IyQwMCQ0NjEwMDIjNjEjJDEjJDgjJDgz,14,피부과,0,0,강남코모키이비인후과의원,의원,강남구
JDQ4MTg4MSM1MSMkMiMkOCMkMDAkMzgxMTkxIzExIyQxIyQ3IyQ4OSQyNjEyMjIjODEjJDEjJDYjJDgz,1,내과,0,0,강남코아이비인후과의원,의원,강남구
JDQ4MTg4MSM1MSMkMiMkOCMkMDAkMzgxMTkxIzExIyQxIyQ3IyQ4OSQyNjEyMjIjODEjJDEjJDYjJDgz,11,소아청소년과,0,0,강남코아이비인후과의원,의원,강남구
JDQ4MTg4MSM1MSMkMiMkOCMkMDAkMzgxMTkxIzExIyQxIyQ3IyQ4OSQyNjEyMjIjODEjJDEjJDYjJDgz,13,이비인후과,1,0,강남코아이비인후과의원,의원,강남구
JDQ4MTg4MSM1MSMkMiMkOCMkMDAkMzgxMTkxIzExIyQxIyQ3IyQ4OSQyNjEyMjIjODEjJDEjJDYjJDgz,14,피부과,0,0,강남코아이비인후과의원,의원,강남구
JDQ4MTg4MSM1MSMkMiMkOCMkMDAkMzgxMTkxIzExIyQxIyQ3IyQ4OSQyNjEyMjIjODEjJDEjJDYjJDgz,23,가정의학과,0,0,강남코아이비인후과의원,의원,강남구
JDQ4MTg4MSM1MSMkMiMkNCMkMDAkNTgxOTYxIzUxIyQxIyQxIyQ4OSQyNjEwMDIjNDEjJDEjJDQjJDgz,12,안과,1,0,강남큐브안과의원,의원,강남구
JDQ4MTg4MSM1MSMkMiMkNCMkMDAkNDgxMzUxIzQxIyQxIyQ3IyQ4MiQzNjE0ODEjNzEjJDEjJDgjJDgz,1,내과,0,0,강남킴스의원,의원,서초구
JDQ4MTg4MSM1MSMkMiMkNCMkMDAkNDgxMzUxIzQxIyQxIyQ3IyQ4MiQzNjE0ODEjNzEjJDEjJDgjJDgz,9,마취통증의학과,0,0,강남킴스의원,의원,서초구
JDQ4MTg4MSM1MSMkMiMkNCMkMDAkNDgxMzUxIzQxIyQxIyQ3IyQ4MiQzNjE0ODEjNzEjJDEjJDgjJDgz,11,소아청소년과,0,0,강남킴스의원,의원,서초구
JDQ4MTg4MSM1MSMkMiMkNCMkMDAkNDgxMzUxIzQxIyQxIyQ3IyQ4MiQzNjE0ODEjNzEjJDEjJDgjJDgz,13,이비인후과,0,0,강남킴스의원,의원,서초구
JDQ4MTg4MSM1MSMkMiMkNCMkMDAkNDgxMzUxIzQxIyQxIyQ3IyQ4MiQzNjE0ODEjNzEjJDEjJDgjJDgz,14,피부과,0,0,강남킴스의원,의원,서초구
JDQ4MTg4MSM1MSMkMiMkNCMkMDAkNDgxMzUxIzQxIyQxIyQ3IyQ4MiQzNjE0ODEjNzEjJDEjJDgjJDgz,23,가정의학과,1,0,강남킴스의원,의원,서초구
JDQ4MTg4MSM1MSMkMiMkOCMkMDAkMzgxMzUxIzMxIyQxIyQ3IyQ4OSQzNjE4MzIjNDEjJDEjJDgjJDgz,14,피부과,0,0,강남타임의원,의원,강남구
JDQ4MTg4MSM1MSMkMiMkOCMkMDAkMzgxMzUxIzMxIyQxIyQ3IyQ4OSQzNjE4MzIjNDEjJDEjJDgjJDgz,23,가정의학과,2,0,강남타임의원,의원,강남구
JDQ4MTg4MSM1MSMkMiMkNCMkMDAkNTgxOTYxIzUxIyQxIyQxIyQ3OSQyNjE0ODEjNjEjJDEjJDAjJDgz,1,내과,1,0,강남탑내과의원,의원,서초구
JDQ4MTg4MSM1MSMkMiMkNCMkMDAkNTgxOTYxIzUxIyQxIyQxIyQ3OSQyNjE0ODEjNjEjJDEjJDAjJDgz,11,소아청소년과,0,0,강남탑내과의원,의원,서초구
JDQ4MTg4MSM1MSMkMiMkNCMkMDAkNTgxOTYxIzUxIyQxIyQxIyQ3OSQyNjE0ODEjNjEjJDEjJDAjJDgz,13,이비인후과,0,0,강남탑내과의원,의원,서초구
JDQ4MTg4MSM1MSMkMiMkNCMkMDAkNTgxOTYxIzUxIyQxIyQxIyQ3OSQyNjE0ODEjNjEjJDEjJDAjJDgz,16,영상의학과,0,0,강남탑내과의원,의원,서초구
JDQ4MTg4MSM1MSMkMiMkNCMkMDAkNTgxOTYxIzUxIyQxIyQxIyQ3OSQyNjE0ODEjNjEjJDEjJDAjJDgz,23,가정의학과,0,0,강남탑내과의원,의원,서초구
JDQ4MTg4MSM1MSMkMiMkOCMkMDAkMzgxMzUxIzExIyQxIyQzIyQxMyQyNjEwMDIjNDEjJDEjJDgjJDgz,2,신경과,0,0,강남퍼스트재활의학과의원,의원,강남구
JDQ4MTg4MSM1MSMkMiMkOCMkMDAkMzgxMzUxIzExIyQxIyQzIyQxMyQyNjEwMDIjNDEjJDEjJDgjJDgz,5,정형외과,0,0,강남퍼스트재활의학과의원,의원,강남구
JDQ4MTg4MSM1MSMkMiMkOCMkMDAkMzgxMzUxIzExIyQxIyQzIyQxMyQyNjEwMDIjNDEjJDEjJDgjJDgz,6,신경외과,0,0,강남퍼스트재활의학과의원,의원,강남구
JDQ4MTg4MSM1MSMkMiMkOCMkMDAkMzgxMzUxIzExIyQxIyQzIyQxMyQyNjEwMDIjNDEjJDEjJDgjJDgz,9,마취통증의학과,0,0,강남퍼스트재활의학과의원,의원,강남구
JDQ4MTg4MSM1MSMkMiMkOCMkMDAkMzgxMzUxIzExIyQxIyQzIyQxMyQyNjEwMDIjNDEjJDEjJDgjJDgz,21,재활의학과,1,0,강남퍼스트재활의학과의원,의원,강남구
JDQ4MTg4MSM1MSMkMiMkNCMkMDAkNDgxMTkxIzUxIyQxIyQ1IyQ4OSQyNjE0ODEjNDEjJDEjJDgjJDgz,1,내과,0,0,강남펜타힐의원,의원,서초구
JDQ4MTg4MSM1MSMkMiMkNCMkMDAkNDgxMTkxIzUxIyQxIyQ1IyQ4OSQyNjE0ODEjNDEjJDEjJDgjJDgz,2,신경과,0,0,강남펜타힐의원,의원,서초구
JDQ4MTg4MSM1MSMkMiMkNCMkMDAkNDgxMTkxIzUxIyQxIyQ1IyQ4OSQyNjE0ODEjNDEjJDEjJDgjJDgz,5,정형외과,0,0,강남펜타힐의원,의원,서초구
JDQ4MTg4MSM1MSMkMiMkNCMkMDAkNDgxMTkxIzUxIyQxIyQ1IyQ4OSQyNjE0ODEjNDEjJDEjJDgjJDgz,11,소아청소년과,0,0,강남펜타힐의원,의원,서초구
JDQ4MTg4MSM1MSMkMiMkNCMkMDAkNDgxMTkxIzUxIyQxIyQ1IyQ4OSQyNjE0ODEjNDEjJDEjJDgjJDgz,13,이비인후과,0,0,강남펜타힐의원,의원,서초구
JDQ4MTg4MSM1MSMkMiMkNCMkMDAkNDgxMTkxIzUxIyQxIyQ1IyQ4OSQyNjE0ODEjNDEjJDEjJDgjJDgz,14,피부과,0,0,강남펜타힐의원,의원,서초구
JDQ4MTg4MSM1MSMkMiMkNCMkMDAkNDgxMTkxIzUxIyQxIyQ1IyQ4OSQyNjE0ODEjNDEjJDEjJDgjJDgz,15,비뇨의학과,0,0,강남펜타힐의원,의원,서초구
JDQ4MTg4MSM1MSMkMiMkNCMkMDAkNDgxMTkxIzUxIyQxIyQ1IyQ4OSQyNjE0ODEjNDEjJDEjJDgjJDgz,23,가정의학과,1,0,강남펜타힐의원,의원,서초구
JDQ4MTg4MSM1MSMkMiMkNCMkMDAkNTgxOTYxIzUxIyQxIyQ1IyQ5OSQ0NjE0ODEjNDEjJDEjJDgjJDgz,7,심장혈관흉부외과,1,0,강남편하지의원,의원,강남구
JDQ4MTg4MSM1MSMkMiMkNCMkMDAkMzgxOTYxIzExIyQxIyQ3IyQ2MiQzNjE4MzIjNTEjJDEjJDIjJDgz,8,성형외과,0,0,강남포도여성의원,의원,강남구
JDQ4MTg4MSM1MSMkMiMkNCMkMDAkMzgxOTYxIzExIyQxIyQ3IyQ2MiQzNjE4MzIjNTEjJDEjJDIjJDgz,10,산부인과,3,0,강남포도여성의원,의원,강남구
JDQ4MTg4MSM1MSMkMiMkNCMkMDAkMzgxOTYxIzExIyQxIyQ3IyQ2MiQzNjE4MzIjNTEjJDEjJDIjJDgz,23,가정의학과,0,0,강남포도여성의원,의원,강남구
JDQ4MTg4MSM1MSMkMiMkNCMkMDAkNTgxMzUxIzQxIyQxIyQ3IyQ3MiQzNjEyMjIjODEjJDEjJDIjJDgz,3,정신건강의학과,2,0,강남푸른정신건강의학과의원,의원,서초구
JDQ4MTg4MSM1MSMkMiMkMCMkMDAkNDgxNzAyIzIxIyQxIyQ5IyQ4OSQyNjE4MzIjNjEjJDEjJDgjJDgz,1,내과,0,0,강남푸른정형외과의원,의원,강남구
JDQ4MTg4MSM1MSMkMiMkMCMkMDAkNDgxNzAyIzIxIyQxIyQ5IyQ4OSQyNjE4MzIjNjEjJDEjJDgjJDgz,4,외과,0,0,강남푸른정형외과의원,의원,강남구
JDQ4MTg4MSM1MSMkMiMkMCMkMDAkNDgxNzAyIzIxIyQxIyQ5IyQ4OSQyNjE4MzIjNjEjJDEjJDgjJDgz,5,정형외과,1,0,강남푸른정형외과의원,의원,강남구
JDQ4MTg4MSM1MSMkMiMkMCMkMDAkNDgxNzAyIzIxIyQxIyQ5IyQ4OSQyNjE4MzIjNjEjJDEjJDgjJDgz,6,신경외과,0,0,강남푸른정형외과의원,의원,강남구
JDQ4MTg4MSM1MSMkMiMkMCMkMDAkNDgxNzAyIzIxIyQxIyQ5IyQ4OSQyNjE4MzIjNjEjJDEjJDgjJDgz,14,피부과,0,0,강남푸른정형외과의원,의원,강남구
JDQ4MTg4MSM1MSMkMiMkMCMkMDAkNDgxNzAyIzIxIyQxIyQ5IyQ4OSQyNjE4MzIjNjEjJDEjJDgjJDgz,15,비뇨의학과,0,0,강남푸른정형외과의원,의원,강남구
JDQ4MTg4MSM1MSMkMiMkOCMkMDAkMzgxMzUxIzUxIyQxIyQ1IyQxMyQzNjEyMjIjNDEjJDEjJDQjJDgz,8,성형외과,0,0,강남플랜에스의원,의원,강남구
JDQ4MTg4MSM1MSMkMiMkOCMkMDAkMzgxMzUxIzUxIyQxIyQ1IyQxMyQzNjEyMjIjNDEjJDEjJDQjJDgz,14,피부과,0,0,강남플랜에스의원,의원,강남구
JDQ4MTg4MSM1MSMkMiMkOCMkMDAkMzgxMzUxIzUxIyQxIyQ1IyQxMyQzNjEyMjIjNDEjJDEjJDQjJDgz,23,가정의학과,0,0,강남플랜에스의원,의원,강남구
JDQ4MTg4MSM1MSMkMiMkNCMkMDAkNDgxOTYxIzMxIyQxIyQ3IyQ4OSQzNjE4MzIjNjEjJDEjJDAjJDgz,8,성형외과,0,0,강남피어리의원,의원,강남구
JDQ4MTg4MSM1MSMkMiMkNCMkMDAkNDgxOTYxIzMxIyQxIyQ3IyQ4OSQzNjE4MzIjNjEjJDEjJDAjJDgz,13,이비인후과,0,0,강남피어리의원,의원,강남구
JDQ4MTg4MSM1MSMkMiMkNCMkMDAkNDgxOTYxIzMxIyQxIyQ3IyQ4OSQzNjE4MzIjNjEjJDEjJDAjJDgz,14,피부과,0,0,강남피어리의원,의원,강남구
JDQ4MTg4MSM1MSMkMiMkOCMkMDAkMzgxMTkxIzIxIyQxIyQ1IyQ5MiQzNjE4MzIjNjEjJDEjJDgjJDgz,8,성형외과,0,0,강남피어봄의원,의원,서초구
JDQ4MTg4MSM1MSMkMiMkOCMkMDAkMzgxMTkxIzIxIyQxIyQ1IyQ5MiQzNjE4MzIjNjEjJDEjJDgjJDgz,14,피부과,0,0,강남피어봄의원,의원,서초구
JDQ4MTg4MSM1MSMkMiMkOCMkMDAkMzgxMTkxIzIxIyQxIyQ1IyQ5MiQzNjE4MzIjNjEjJDEjJDgjJDgz,23,가정의학과,0,0,강남피어봄의원,의원,서초구
JDQ4MTg4MSM1MSMkMiMkNCMkMDAkNTgxOTYxIzIxIyQxIyQxIyQ3MiQ0NjE0ODEjODEjJDEjJDIjJDgz,3,정신건강의학과,3,0,강남하늘정신건강의학과의원,의원,강남구
JDQ4MTg4MSM1MSMkMiMkMCMkMDAkNDgxNzAyIzExIyQxIyQzIyQ5OSQzNjE0ODEjNjEjJDEjJDgjJDgz,1,내과,9,0,강남하트스캔의원,의원,강남구
JDQ4MTg4MSM1MSMkMiMkMCMkMDAkNDgxNzAyIzExIyQxIyQzIyQ5OSQzNjE0ODEjNjEjJDEjJDgjJDgz,2,신경과,0,0,강남하트스캔의원,의원,강남구
JDQ4MTg4MSM1MSMkMiMkMCMkMDAkNDgxNzAyIzExIyQxIyQzIyQ5OSQzNjE0ODEjNjEjJDEjJDgjJDgz,3,정신건강의학과,1,0,강남하트스캔의원,의원,강남구
JDQ4MTg4MSM1MSMkMiMkMCMkMDAkNDgxNzAyIzExIyQxIyQzIyQ5OSQzNjE0ODEjNjEjJDEjJDgjJDgz,4,외과,1,0,강남하트스캔의원,의원,강남구
JDQ4MTg4MSM1MSMkMiMkMCMkMDAkNDgxNzAyIzExIyQxIyQzIyQ5OSQzNjE0ODEjNjEjJDEjJDgjJDgz,14,피부과,0,0,강남하트스캔의원,의원,강남구
JDQ4MTg4MSM1MSMkMiMkMCMkMDAkNDgxNzAyIzExIyQxIyQzIyQ5OSQzNjE0ODEjNjEjJDEjJDgjJDgz,15,비뇨의학과,0,0,강남하트스캔의원,의원,강남구
JDQ4MTg4MSM1MSMkMiMkMCMkMDAkNDgxNzAyIzExIyQxIyQzIyQ5OSQzNjE0ODEjNjEjJDEjJDgjJDgz,16,영상의학과,2,0,강남하트스캔의원,의원,강남구
JDQ4MTg4MSM1MSMkMiMkNCMkMDAkMzgxOTYxIzMxIyQxIyQ3IyQ4OSQyNjE4MzIjNDEjJDEjJDQjJDgz,1,내과,0,0,강남항외과의원,의원,서초구
JDQ4MTg4MSM1MSMkMiMkNCMkMDAkMzgxOTYxIzMxIyQxIyQ3IyQ4OSQyNjE4MzIjNDEjJDEjJDQjJDgz,2,신경과,0,0,강남항외과의원,의원,서초구
JDQ4MTg4MSM1MSMkMiMkNCMkMDAkMzgxOTYxIzMxIyQxIyQ3IyQ4OSQyNjE4MzIjNDEjJDEjJDQjJDgz,4,외과,1,0,강남항외과의원,의원,서초구
JDQ4MTg4MSM1MSMkMiMkNCMkMDAkMzgxOTYxIzMxIyQxIyQ3IyQ4OSQyNjE4MzIjNDEjJDEjJDQjJDgz,5,정형외과,0,0,강남항외과의원,의원,서초구
JDQ4MTg4MSM1MSMkMiMkNCMkMDAkMzgxOTYxIzMxIyQxIyQ3IyQ4OSQyNjE4MzIjNDEjJDEjJDQjJDgz,6,신경외과,0,0,강남항외과의원,의원,서초구
JDQ4MTg4MSM1MSMkMiMkNCMkMDAkMzgxOTYxIzMxIyQxIyQ3IyQ4OSQyNjE4MzIjNDEjJDEjJDQjJDgz,7,심장혈관흉부외과,0,0,강남항외과의원,의원,서초구
JDQ4MTg4MSM1MSMkMiMkNCMkMDAkMzgxOTYxIzMxIyQxIyQ3IyQ4OSQyNjE4MzIjNDEjJDEjJDQjJDgz,8,성형외과,0,0,강남항외과의원,의원,서초구
JDQ4MTg4MSM1MSMkMiMkNCMkMDAkMzgxOTYxIzMxIyQxIyQ3IyQ4OSQyNjE4MzIjNDEjJDEjJDQjJDgz,9,마취통증의학과,0,0,강남항외과의원,의원,서초구
JDQ4MTg4MSM1MSMkMiMkNCMkMDAkMzgxOTYxIzMxIyQxIyQ3IyQ4OSQyNjE4MzIjNDEjJDEjJDQjJDgz,10,산부인과,0,0,강남항외과의원,의원,서초구
JDQ4MTg4MSM1MSMkMiMkNCMkMDAkMzgxOTYxIzMxIyQxIyQ3IyQ4OSQyNjE4MzIjNDEjJDEjJDQjJDgz,11,소아청소년과,0,0,강남항외과의원,의원,서초구
JDQ4MTg4MSM1MSMkMiMkNCMkMDAkMzgxOTYxIzMxIyQxIyQ3IyQ4OSQyNjE4MzIjNDEjJDEjJDQjJDgz,14,피부과,0,0,강남항외과의원,의원,서초구
JDQ4MTg4MSM1MSMkMiMkNCMkMDAkMzgxOTYxIzMxIyQxIyQ3IyQ4OSQyNjE4MzIjNDEjJDEjJDQjJDgz,15,비뇨의학과,0,0,강남항외과의원,의원,서초구
JDQ4MTg4MSM1MSMkMiMkNCMkMDAkMzgxOTYxIzMxIyQxIyQ3IyQ4OSQyNjE4MzIjNDEjJDEjJDQjJDgz,21,재활의학과,0,0,강남항외과의원,의원,서초구
JDQ4MTg4MSM1MSMkMiMkNCMkMDAkMzgxOTYxIzMxIyQxIyQ3IyQ4OSQyNjE4MzIjNDEjJDEjJDQjJDgz,23,가정의학과,0,0,강남항외과의원,의원,서초구
JDQ4MTg4MSM1MSMkMiMkOCMkMDAkMzgxOTYxIzMxIyQxIyQ3IyQ2MiQzNjEyMjIjNDEjJDEjJDQjJDgz,8,성형외과,1,0,강남헤라성형외과의원,의원,서초구
JDQ4MTg4MSM1MSMkMiMkOCMkMDAkMzgxOTYxIzMxIyQxIyQ3IyQ2MiQzNjEyMjIjNDEjJDEjJDQjJDgz,14,피부과,0,0,강남헤라성형외과의원,의원,서초구
JDQ4MTg4MSM1MSMkMiMkNCMkMDAkNDgxNzAyIzMxIyQxIyQ3IyQ3OSQ0NjEwMDIjNjEjJDEjJDAjJDgz,23,가정의학과,1,0,강남헬스케어의원,의원,서초구
JDQ4MTg4MSM1MSMkMiMkOCMkMDAkMzgxOTYxIzMxIyQxIyQzIyQwMyQyNjE4MzIjODEjJDEjJDIjJDgz,1,내과,0,0,강남현비뇨의학과의원,의원,강남구
JDQ4MTg4MSM1MSMkMiMkOCMkMDAkMzgxOTYxIzMxIyQxIyQzIyQwMyQyNjE4MzIjODEjJDEjJDIjJDgz,4,외과,0,0,강남현비뇨의학과의원,의원,강남구
JDQ4MTg4MSM1MSMkMiMkOCMkMDAkMzgxOTYxIzMxIyQxIyQzIyQwMyQyNjE4MzIjODEjJDEjJDIjJDgz,10,산부인과,0,0,강남현비뇨의학과의원,의원,강남구
JDQ4MTg4MSM1MSMkMiMkOCMkMDAkMzgxOTYxIzMxIyQxIyQzIyQwMyQyNjE4MzIjODEjJDEjJDIjJDgz,14,피부과,0,0,강남현비뇨의학과의원,의원,강남구
JDQ4MTg4MSM1MSMkMiMkOCMkMDAkMzgxOTYxIzMxIyQxIyQzIyQwMyQyNjE4MzIjODEjJDEjJDIjJDgz,15,비뇨의학과,1,0,강남현비뇨의학과의원,의원,강남구
JDQ4MTg4MSM1MSMkMiMkOCMkMDAkMzgxOTYxIzMxIyQxIyQzIyQwMyQyNjE4MzIjODEjJDEjJDIjJDgz,23,가정의학과,0,0,강남현비뇨의학과의원,의원,강남구
JDQ4MTg4MSM1MSMkMiMkOCMkMDAkMzgxOTYxIzIxIyQxIyQ5IyQwMyQyNjEyMjIjNTEjJDEjJDYjJDgz,12,안과,1,0,강남현안과의원,의원,강남구
JDQ4MTg4MSM1MSMkMiMkOCMkMDAkMzgxOTYxIzExIyQxIyQzIyQwMyQyNjE4MzIjNjEjJDEjJDgjJDgz,1,내과,0,0,강남호랑이마취통증의학과의원,의원,성동구
JDQ4MTg4MSM1MSMkMiMkOCMkMDAkMzgxOTYxIzExIyQxIyQzIyQwMyQyNjE4MzIjNjEjJDEjJDgjJDgz,2,신경과,0,0,강남호랑이마취통증의학과의원,의원,성동구
JDQ4MTg4MSM1MSMkMiMkOCMkMDAkMzgxOTYxIzExIyQxIyQzIyQwMyQyNjE4MzIjNjEjJDEjJDgjJDgz,4,외과,0,0,강남호랑이마취통증의학과의원,의원,성동구
JDQ4MTg4MSM1MSMkMiMkOCMkMDAkMzgxOTYxIzExIyQxIyQzIyQwMyQyNjE4MzIjNjEjJDEjJDgjJDgz,5,정형외과,0,0,강남호랑이마취통증의학과의원,의원,성동구
JDQ4MTg4MSM1MSMkMiMkOCMkMDAkMzgxOTYxIzExIyQxIyQzIyQwMyQyNjE4MzIjNjEjJDEjJDgjJDgz,6,신경외과,0,0,강남호랑이마취통증의학과의원,의원,성동구
JDQ4MTg4MSM1MSMkMiMkOCMkMDAkMzgxOTYxIzExIyQxIyQzIyQwMyQyNjE4MzIjNjEjJDEjJDgjJDgz,9,마취통증의학과,1,0,강남호랑이마취통증의학과의원,의원,성동구
JDQ4MTg4MSM1MSMkMiMkOCMkMDAkMzgxOTYxIzExIyQxIyQzIyQwMyQyNjE4MzIjNjEjJDEjJDgjJDgz,11,소아청소년과,0,0,강남호랑이마취통증의학과의원,의원,성동구
JDQ4MTg4MSM1MSMkMiMkOCMkMDAkMzgxOTYxIzExIyQxIyQzIyQwMyQyNjE4MzIjNjEjJDEjJDgjJDgz,13,이비인후과,0,0,강남호랑이마취통증의학과의원,의원,성동구
JDQ4MTg4MSM1MSMkMiMkOCMkMDAkMzgxOTYxIzExIyQxIyQzIyQwMyQyNjE4MzIjNjEjJDEjJDgjJDgz,14,피부과,0,0,강남호랑이마취통증의학과의원,의원,성동구
JDQ4MTg4MSM1MSMkMiMkOCMkMDAkMzgxOTYxIzExIyQxIyQzIyQwMyQyNjE4MzIjNjEjJDEjJDgjJDgz,21,재활의학과,0,0,강남호랑이마취통증의학과의원,의원,성동구
JDQ4MTg4MSM1MSMkMiMkOCMkMDAkMzgxOTYxIzExIyQxIyQzIyQwMyQyNjE4MzIjNjEjJDEjJDgjJDgz,23,가정의학과,0,0,강남호랑이마취통증의학과의원,의원,성동구
JDQ4MTg4MSM1MSMkMiMkNCMkMDAkNDgxMzUxIzExIyQxIyQ3IyQxMyQzNjEyMjIjNzEjJDEjJDgjJDgz,1,내과,1,0,강남훈내과의원,의원,광진구
JDQ4MTg4MSM1MSMkMiMkNCMkMDAkNDgxMzUxIzExIyQxIyQ3IyQxMyQzNjEyMjIjNzEjJDEjJDgjJDgz,5,정형외과,0,0,강남훈내과의원,의원,광진구
JDQ4MTg4MSM1MSMkMiMkNCMkMDAkNDgxMzUxIzExIyQxIyQ3IyQxMyQzNjEyMjIjNzEjJDEjJDgjJDgz,11,소아청소년과,0,0,강남훈내과의원,의원,광진구
JDQ4MTg4MSM1MSMkMiMkNCMkMDAkNDgxMzUxIzExIyQxIyQ3IyQxMyQzNjEyMjIjNzEjJDEjJDgjJDgz,13,이비인후과,0,0,강남훈내과의원,의원,광진구
JDQ4MTg4MSM1MSMkMiMkNCMkMDAkNDgxMzUxIzExIyQxIyQ3IyQxMyQzNjEyMjIjNzEjJDEjJDgjJDgz,14,피부과,0,0,강남훈내과의원,의원,광진구
JDQ4MTg4MSM1MSMkMiMkNCMkMDAkNDgxMzUxIzExIyQxIyQ3IyQxMyQzNjEyMjIjNzEjJDEjJDgjJDgz,15,비뇨의학과,0,0,강남훈내과의원,의원,광진구
JDQ4MTg4MSM1MSMkMiMkMCMkMDAkNDgxMzUxIzIxIyQxIyQ5IyQxMyQzNjE0ODEjNjEjJDEjJDgjJDgz,1,내과,1,0,강내과의원,의원,성동구
JDQ4MTg4MSM1MSMkMiMkMCMkMDAkNDgxMzUxIzIxIyQxIyQ5IyQxMyQzNjE0ODEjNjEjJDEjJDgjJDgz,5,정형외과,0,0,강내과의원,의원,성동구
JDQ4MTg4MSM1MSMkMiMkMCMkMDAkNDgxMzUxIzIxIyQxIyQ5IyQxMyQzNjE0ODEjNjEjJDEjJDgjJDgz,11,소아청소년과,0,0,강내과의원,의원,성동구
JDQ4MTg4MSM1MSMkMiMkMCMkMDAkNDgxMzUxIzIxIyQxIyQ5IyQxMyQzNjE0ODEjNjEjJDEjJDgjJDgz,13,이비인후과,0,0,강내과의원,의원,성동구
JDQ4MTg4MSM1MSMkMiMkMCMkMDAkNDgxMzUxIzIxIyQxIyQ5IyQxMyQzNjE0ODEjNjEjJDEjJDgjJDgz,14,피부과,0,0,강내과의원,의원,성동구
JDQ4MTg4MSM1MSMkMiMkMCMkMDAkNDgxMzUxIzIxIyQxIyQ5IyQxMyQzNjE0ODEjNjEjJDEjJDgjJDgz,15,비뇨의학과,0,0,강내과의원,의원,성동구
JDQ4MTg4MSM1MSMkMiMkMCMkMDAkNDgxMzUxIzIxIyQxIyQ5IyQxMyQzNjE0ODEjNjEjJDEjJDgjJDgz,18,병리과,0,0,강내과의원,의원,성동구
JDQ4MTg4MSM1MSMkMiMkMCMkMDAkNDgxMzUxIzIxIyQxIyQ5IyQxMyQzNjE0ODEjNjEjJDEjJDgjJDgz,21,재활의학과,0,0,강내과의원,의원,성동구
JDQ4MTg4MSM1MSMkMiMkMCMkMDAkNDgxMzUxIzQxIyQxIyQ3IyQxMyQzNjEyMjIjNDEjJDEjJDgjJDgz,1,내과,1,0,강내과의원,의원,구로구
JDQ4MTg4MSM1MSMkMiMkMCMkMDAkNDgxMTkxIzIxIyQyIyQ5IyQwMCQzNjEyMjIjNDEjJDEjJDQjJDgz,1,내과,1,0,강덕내과의원,의원,동대문구
JDQ4MTg4MSM1MSMkMiMkMCMkMDAkNDgxMTkxIzIxIyQyIyQ5IyQwMCQzNjEyMjIjNDEjJDEjJDQjJDgz,11,소아청소년과,0,0,강덕내과의원,의원,동대문구
JDQ4MTg4MSM1MSMkMiMkOCMkMDAkMzgxMTkxIzMxIyQxIyQzIyQwMyQyNjE0ODEjODEjJDEjJDYjJDgz,3,정신건강의학과,1,0,강도형정신건강의학과의원,의원,강남구
JDQ4MTg4MSM1MSMkMiMkNCMkMDAkNTgxMzUxIzUxIyQyIyQ1IyQwMCQyNjEwMDIjNjEjJDEjJDQjJDgz,1,내과,0,0,강동가톨릭정형외과의원,의원,강동구
JDQ4MTg4MSM1MSMkMiMkNCMkMDAkNTgxMzUxIzUxIyQyIyQ1IyQwMCQyNjEwMDIjNjEjJDEjJDQjJDgz,5,정형외과,1,0,강동가톨릭정형외과의원,의원,강동구
JDQ4MTg4MSM1MSMkMiMkNCMkMDAkNTgxMzUxIzUxIyQyIyQ1IyQwMCQyNjEwMDIjNjEjJDEjJDQjJDgz,6,신경외과,0,0,강동가톨릭정형외과의원,의원,강동구
JDQ4MTg4MSM1MSMkMiMkNCMkMDAkNTgxMzUxIzUxIyQyIyQ1IyQwMCQyNjEwMDIjNjEjJDEjJDQjJDgz,9,마취통증의학과,0,0,강동가톨릭정형외과의원,의원,강동구
JDQ4MTg4MSM1MSMkMiMkNCMkMDAkNTgxMzUxIzUxIyQyIyQ1IyQwMCQyNjEwMDIjNjEjJDEjJDQjJDgz,21,재활의학과,0,0,강동가톨릭정형외과의원,의원,강동구
JDQ4MTg4MSM1MSMkMiMkNCMkMDAkNTgxMzUxIzUxIyQyIyQ1IyQwMCQyNjEwMDIjNjEjJDEjJDQjJDgz,23,가정의학과,0,0,강동가톨릭정형외과의원,의원,강동구
JDQ4MTg4MSM1MSMkMiMkNCMkMDAkMzgxMzUxIzIxIyQxIyQ1IyQ2MiQyNjEwMDIjNDEjJDEjJDgjJDgz,1,내과,0,0,강동고려가정의원,의원,강동구
JDQ4MTg4MSM1MSMkMiMkNCMkMDAkMzgxMzUxIzIxIyQxIyQ1IyQ2MiQyNjEwMDIjNDEjJDEjJDgjJDgz,11,소아청소년과,0,0,강동고려가정의원,의원,강동구
JDQ4MTg4MSM1MSMkMiMkNCMkMDAkMzgxMzUxIzIxIyQxIyQ1IyQ2MiQyNjEwMDIjNDEjJDEjJDgjJDgz,13,이비인후과,0,0,강동고려가정의원,의원,강동구
JDQ4MTg4MSM1MSMkMiMkNCMkMDAkMzgxMzUxIzIxIyQxIyQ1IyQ2MiQyNjEwMDIjNDEjJDEjJDgjJDgz,23,가정의학과,1,0,강동고려가정의원,의원,강동구
JDQ4MTg4MSM1MSMkMiMkMCMkMDAkMzgxNzAyIzUxIyQxIyQ1IyQ5MiQzNjEyMjIjNjEjJDEjJDAjJDgz,1,내과,0,0,강동고려의원,의원,강동구
JDQ4MTg4MSM1MSMkMiMkMCMkMDAkMzgxNzAyIzUxIyQxIyQ1IyQ5MiQzNjEyMjIjNjEjJDEjJDAjJDgz,4,외과,0,0,강동고려의원,의원,강동구
JDQ4MTg4MSM1MSMkMiMkMCMkMDAkMzgxNzAyIzUxIyQxIyQ1IyQ5MiQzNjEyMjIjNjEjJDEjJDAjJDgz,5,정형외과,0,0,강동고려의원,의원,강동구
JDQ4MTg4MSM1MSMkMiMkMCMkMDAkMzgxNzAyIzUxIyQxIyQ1IyQ5MiQzNjEyMjIjNjEjJDEjJDAjJDgz,7,심장혈관흉부외과,1,0,강동고려의원,의원,강동구
JDQ4MTg4MSM1MSMkMiMkMCMkMDAkMzgxNzAyIzUxIyQxIyQ1IyQ5MiQzNjEyMjIjNjEjJDEjJDAjJDgz,9,마취통증의학과,0,0,강동고려의원,의원,강동구
JDQ4MTg4MSM1MSMkMiMkNCMkMDAkNDgxMzUxIzQxIyQxIyQ3IyQ5MiQyNjE0ODEjNDEjJDEjJDgjJDgz,11,소아청소년과,0,0,강동굿모닝이비인후과의원,의원,강동구
JDQ4MTg4MSM1MSMkMiMkNCMkMDAkNDgxMzUxIzQxIyQxIyQ3IyQ5MiQyNjE0ODEjNDEjJDEjJDgjJDgz,13,이비인후과,1,0,강동굿모닝이비인후과의원,의원,강동구
JDQ4MTg4MSM1MSMkMiMkOCMkMDAkMzgxMzUxIzIxIyQxIyQxIyQ3MiQzNjE4MzIjNjEjJDEjJDAjJDgz,2,신경과,0,0,강동굿본재활의학과의원,의원,강동구
JDQ4MTg4MSM1MSMkMiMkOCMkMDAkMzgxMzUxIzIxIyQxIyQxIyQ3MiQzNjE4MzIjNjEjJDEjJDAjJDgz,5,정형외과,0,0,강동굿본재활의학과의원,의원,강동구
JDQ4MTg4MSM1MSMkMiMkOCMkMDAkMzgxMzUxIzIxIyQxIyQxIyQ3MiQzNjE4MzIjNjEjJDEjJDAjJDgz,9,마취통증의학과,0,0,강동굿본재활의학과의원,의원,강동구
JDQ4MTg4MSM1MSMkMiMkOCMkMDAkMzgxMzUxIzIxIyQxIyQxIyQ3MiQzNjE4MzIjNjEjJDEjJDAjJDgz,21,재활의학과,1,0,강동굿본재활의학과의원,의원,강동구
JDQ4MTg4MSM1MSMkMiMkNCMkMDAkNDgxMzUxIzIxIyQxIyQ1IyQ3MiQ0NjEwMDIjNjEjJDEjJDQjJDgz,1,내과,1,0,강동김내과의원,의원,강동구
JDQ4MTg4MSM1MSMkMiMkNCMkMDAkNDgxMzUxIzIxIyQxIyQ1IyQ3MiQ0NjEwMDIjNjEjJDEjJDQjJDgz,2,신경과,0,0,강동김내과의원,의원,강동구
JDQ4MTg4MSM1MSMkMiMkNCMkMDAkNDgxMzUxIzIxIyQxIyQ1IyQ3MiQ0NjEwMDIjNjEjJDEjJDQjJDgz,3,정신건강의학과,0,0,강동김내과의원,의원,강동구
JDQ4MTg4MSM1MSMkMiMkNCMkMDAkNDgxMzUxIzIxIyQxIyQ1IyQ3MiQ0NjEwMDIjNjEjJDEjJDQjJDgz,4,외과,0,0,강동김내과의원,의원,강동구
JDQ4MTg4MSM1MSMkMiMkNCMkMDAkNDgxMzUxIzIxIyQxIyQ1IyQ3MiQ0NjEwMDIjNjEjJDEjJDQjJDgz,5,정형외과,1,0,강동김내과의원,의원,강동구
JDQ4MTg4MSM1MSMkMiMkNCMkMDAkNDgxMzUxIzIxIyQxIyQ1IyQ3MiQ0NjEwMDIjNjEjJDEjJDQjJDgz,6,신경외과,0,0,강동김내과의원,의원,강동구
JDQ4MTg4MSM1MSMkMiMkNCMkMDAkNDgxMzUxIzIxIyQxIyQ1IyQ3MiQ0NjEwMDIjNjEjJDEjJDQjJDgz,7,심장혈관흉부외과,0,0,강동김내과의원,의원,강동구
JDQ4MTg4MSM1MSMkMiMkNCMkMDAkNDgxMzUxIzIxIyQxIyQ1IyQ3MiQ0NjEwMDIjNjEjJDEjJDQjJDgz,8,성형외과,0,0,강동김내과의원,의원,강동구
JDQ4MTg4MSM1MSMkMiMkNCMkMDAkNDgxMzUxIzIxIyQxIyQ1IyQ3MiQ0NjEwMDIjNjEjJDEjJDQjJDgz,9,마취통증의학과,0,0,강동김내과의원,의원,강동구
JDQ4MTg4MSM1MSMkMiMkNCMkMDAkNDgxMzUxIzIxIyQxIyQ1IyQ3MiQ0NjEwMDIjNjEjJDEjJDQjJDgz,10,산부인과,0,0,강동김내과의원,의원,강동구
JDQ4MTg4MSM1MSMkMiMkNCMkMDAkNDgxMzUxIzIxIyQxIyQ1IyQ3MiQ0NjEwMDIjNjEjJDEjJDQjJDgz,11,소아청소년과,0,0,강동김내과의원,의원,강동구
JDQ4MTg4MSM1MSMkMiMkNCMkMDAkNDgxMzUxIzIxIyQxIyQ1IyQ3MiQ0NjEwMDIjNjEjJDEjJDQjJDgz,12,안과,0,0,강동김내과의원,의원,강동구
JDQ4MTg4MSM1MSMkMiMkNCMkMDAkNDgxMzUxIzIxIyQxIyQ1IyQ3MiQ0NjEwMDIjNjEjJDEjJDQjJDgz,13,이비인후과,0,0,강동김내과의원,의원,강동구
JDQ4MTg4MSM1MSMkMiMkNCMkMDAkNDgxMzUxIzIxIyQxIyQ1IyQ3MiQ0NjEwMDIjNjEjJDEjJDQjJDgz,14,피부과,0,0,강동김내과의원,의원,강동구
JDQ4MTg4MSM1MSMkMiMkNCMkMDAkNDgxMzUxIzIxIyQxIyQ1IyQ3MiQ0NjEwMDIjNjEjJDEjJDQjJDgz,15,비뇨의학과,0,0,강동김내과의원,의원,강동구
JDQ4MTg4MSM1MSMkMiMkNCMkMDAkNDgxMzUxIzExIyQxIyQ3IyQwMyQzNjE0ODEjNTEjJDEjJDYjJDgz,1,내과,0,0,강동김안과의원,의원,강동구
JDQ4MTg4MSM1MSMkMiMkNCMkMDAkNDgxMzUxIzExIyQxIyQ3IyQwMyQzNjE0ODEjNTEjJDEjJDYjJDgz,4,외과,0,0,강동김안과의원,의원,강동구
JDQ4MTg4MSM1MSMkMiMkNCMkMDAkNDgxMzUxIzExIyQxIyQ3IyQwMyQzNjE0ODEjNTEjJDEjJDYjJDgz,8,성형외과,0,0,강동김안과의원,의원,강동구
JDQ4MTg4MSM1MSMkMiMkNCMkMDAkNDgxMzUxIzExIyQxIyQ3IyQwMyQzNjE0ODEjNTEjJDEjJDYjJDgz,12,안과,1,0,강동김안과의원,의원,강동구
JDQ4MTg4MSM1MSMkMiMkNCMkMDAkNDgxMzUxIzExIyQxIyQ3IyQwMyQzNjE0ODEjNTEjJDEjJDYjJDgz,14,피부과,0,0,강동김안과의원,의원,강동구
JDQ4MTg4MSM1MSMkMiMkNCMkMDAkMzgxOTYxIzIxIyQxIyQ5IyQ4OSQ0NjEwMDIjNjEjJDEjJDgjJDgz,1,내과,2,0,강동내과의원,의원,강동구
JDQ4MTg4MSM1MSMkMiMkNCMkMDAkMzgxOTYxIzIxIyQxIyQ5IyQ4OSQ0NjEwMDIjNjEjJDEjJDgjJDgz,16,영상의학과,1,0,강동내과의원,의원,강동구
JDQ4MTg4MSM1MSMkMiMkNCMkMDAkNTgxMzUxIzQxIyQxIyQ3IyQ4MiQyNjE4MzIjNDEjJDEjJDgjJDgz,10,산부인과,3,0,강동드림산부인과의원,의원,강동구
JDQ4MTg4MSM1MSMkMiMkNCMkMDAkNTgxMzUxIzQxIyQxIyQ3IyQ4MiQyNjE4MzIjNDEjJDEjJDgjJDgz,11,소아청소년과,1,0,강동드림산부인과의원,의원,강동구
JDQ4MTg4MSM1MSMkMiMkNCMkMDAkNTgxMzUxIzQxIyQxIyQ3IyQ4MiQyNjE4MzIjNDEjJDEjJDgjJDgz,23,가정의학과,0,0,강동드림산부인과의원,의원,강동구
JDQ4MTg4MSM1MSMkMiMkNCMkMDAkNTgxMzUxIzUxIyQxIyQ1IyQ3OSQzNjE4MzIjNTEjJDEjJDIjJDgz,1,내과,1,0,강동맑은내과의원,의원,강동구
JDQ4MTg4MSM1MSMkMiMkNCMkMDAkNTgxMzUxIzUxIyQxIyQ1IyQ3OSQzNjE4MzIjNTEjJDEjJDIjJDgz,2,신경과,0,0,강동맑은내과의원,의원,강동구
JDQ4MTg4MSM1MSMkMiMkNCMkMDAkNTgxMzUxIzUxIyQxIyQ1IyQ3OSQzNjE4MzIjNTEjJDEjJDIjJDgz,5,정형외과,0,0,강동맑은내과의원,의원,강동구
JDQ4MTg4MSM1MSMkMiMkNCMkMDAkNTgxMzUxIzUxIyQxIyQ1IyQ3OSQzNjE4MzIjNTEjJDEjJDIjJDgz,11,소아청소년과,0,0,강동맑은내과의원,의원,강동구
JDQ4MTg4MSM1MSMkMiMkNCMkMDAkNTgxMzUxIzUxIyQxIyQ1IyQ3OSQzNjE4MzIjNTEjJDEjJDIjJDgz,12,안과,0,0,강동맑은내과의원,의원,강동구
JDQ4MTg4MSM1MSMkMiMkNCMkMDAkNTgxMzUxIzUxIyQxIyQ1IyQ3OSQzNjE4MzIjNTEjJDEjJDIjJDgz,13,이비인후과,0,0,강동맑은내과의원,의원,강동구
JDQ4MTg4MSM1MSMkMiMkNCMkMDAkNTgxMzUxIzUxIyQxIyQ1IyQ3OSQzNjE4MzIjNTEjJDEjJDIjJDgz,14,피부과,0,0,강동맑은내과의원,의원,강동구
JDQ4MTg4MSM1MSMkMiMkNCMkMDAkNTgxMzUxIzUxIyQxIyQ1IyQ3OSQzNjE4MzIjNTEjJDEjJDIjJDgz,15,비뇨의학과,0,0,강동맑은내과의원,의원,강동구
JDQ4MTg4MSM1MSMkMiMkNCMkMDAkNTgxMzUxIzUxIyQxIyQ1IyQ3OSQzNjE4MzIjNTEjJDEjJDIjJDgz,16,영상의학과,0,0,강동맑은내과의원,의원,강동구
JDQ4MTg4MSM1MSMkMiMkOCMkMDAkMzgxMzUxIzExIyQxIyQzIyQ5MiQzNjEyMjIjODEjJDEjJDIjJDgz,16,영상의학과,1,0,강동맘유의원,의원,강동구
JDQ4MTg4MSM1MSMkMiMkOCMkMDAkMzgxOTYxIzExIyQxIyQ3IyQxMyQzNjE0ODEjODEjJDEjJDIjJDgz,1,내과,0,0,강동명일활기찬재활의학과의원,의원,강동구
JDQ4MTg4MSM1MSMkMiMkOCMkMDAkMzgxOTYxIzExIyQxIyQ3IyQxMyQzNjE0ODEjODEjJDEjJDIjJDgz,5,정형외과,0,0,강동명일활기찬재활의학과의원,의원,강동구
JDQ4MTg4MSM1MSMkMiMkOCMkMDAkMzgxOTYxIzExIyQxIyQ3IyQxMyQzNjE0ODEjODEjJDEjJDIjJDgz,6,신경외과,0,0,강동명일활기찬재활의학과의원,의원,강동구
JDQ4MTg4MSM1MSMkMiMkOCMkMDAkMzgxOTYxIzExIyQxIyQ3IyQxMyQzNjE0ODEjODEjJDEjJDIjJDgz,9,마취통증의학과,0,0,강동명일활기찬재활의학과의원,의원,강동구
JDQ4MTg4MSM1MSMkMiMkOCMkMDAkMzgxOTYxIzExIyQxIyQ3IyQxMyQzNjE0ODEjODEjJDEjJDIjJDgz,21,재활의학과,1,0,강동명일활기찬재활의학과의원,의원,강동구
JDQ4MTg4MSM1MSMkMiMkNCMkMDAkNTgxOTYxIzQxIyQxIyQ3IyQ3MiQ0NjEwMDIjODEjJDEjJDIjJDgz,1,내과,0,0,강동본터치정형외과의원,의원,강동구
JDQ4MTg4MSM1MSMkMiMkNCMkMDAkNTgxOTYxIzQxIyQxIyQ3IyQ3MiQ0NjEwMDIjODEjJDEjJDIjJDgz,2,신경과,0,0,강동본터치정형외과의원,의원,강동구
JDQ4MTg4MSM1MSMkMiMkNCMkMDAkNTgxOTYxIzQxIyQxIyQ3IyQ3MiQ0NjEwMDIjODEjJDEjJDIjJDgz,3,정신건강의학과,0,0,강동본터치정형외과의원,의원,강동구
JDQ4MTg4MSM1MSMkMiMkNCMkMDAkNTgxOTYxIzQxIyQxIyQ3IyQ3MiQ0NjEwMDIjODEjJDEjJDIjJDgz,4,외과,1,0,강동본터치정형외과의원,의원,강동구
JDQ4MTg4MSM1MSMkMiMkNCMkMDAkNTgxOTYxIzQxIyQxIyQ3IyQ3MiQ0NjEwMDIjODEjJDEjJDIjJDgz,5,정형외과,1,0,강동본터치정형외과의원,의원,강동구
JDQ4MTg4MSM1MSMkMiMkNCMkMDAkNTgxOTYxIzQxIyQxIyQ3IyQ3MiQ0NjEwMDIjODEjJDEjJDIjJDgz,6,신경외과,0,0,강동본터치정형외과의원,의원,강동구
JDQ4MTg4MSM1MSMkMiMkNCMkMDAkNTgxOTYxIzQxIyQxIyQ3IyQ3MiQ0NjEwMDIjODEjJDEjJDIjJDgz,7,심장혈관흉부외과,0,0,강동본터치정형외과의원,의원,강동구
JDQ4MTg4MSM1MSMkMiMkNCMkMDAkNTgxOTYxIzQxIyQxIyQ3IyQ3MiQ0NjEwMDIjODEjJDEjJDIjJDgz,8,성형외과,0,0,강동본터치정형외과의원,의원,강동구
JDQ4MTg4MSM1MSMkMiMkNCMkMDAkNTgxOTYxIzQxIyQxIyQ3IyQ3MiQ0NjEwMDIjODEjJDEjJDIjJDgz,9,마취통증의학과,0,0,강동본터치정형외과의원,의원,강동구
JDQ4MTg4MSM1MSMkMiMkNCMkMDAkNTgxOTYxIzQxIyQxIyQ3IyQ3MiQ0NjEwMDIjODEjJDEjJDIjJDgz,10,산부인과,0,0,강동본터치정형외과의원,의원,강동구
JDQ4MTg4MSM1MSMkMiMkNCMkMDAkNTgxOTYxIzQxIyQxIyQ3IyQ3MiQ0NjEwMDIjODEjJDEjJDIjJDgz,11,소아청소년과,0,0,강동본터치정형외과의원,의원,강동구
JDQ4MTg4MSM1MSMkMiMkNCMkMDAkNTgxOTYxIzQxIyQxIyQ3IyQ3MiQ0NjEwMDIjODEjJDEjJDIjJDgz,12,안과,0,0,강동본터치정형외과의원,의원,강동구
JDQ4MTg4MSM1MSMkMiMkNCMkMDAkNTgxOTYxIzQxIyQxIyQ3IyQ3MiQ0NjEwMDIjODEjJDEjJDIjJDgz,13,이비인후과,0,0,강동본터치정형외과의원,의원,강동구
JDQ4MTg4MSM1MSMkMiMkNCMkMDAkNTgxOTYxIzQxIyQxIyQ3IyQ3MiQ0NjEwMDIjODEjJDEjJDIjJDgz,14,피부과,0,0,강동본터치정형외과의원,의원,강동구
JDQ4MTg4MSM1MSMkMiMkNCMkMDAkNTgxOTYxIzQxIyQxIyQ3IyQ3MiQ0NjEwMDIjODEjJDEjJDIjJDgz,15,비뇨의학과,0,0,강동본터치정형외과의원,의원,강동구
JDQ4MTg4MSM1MSMkMiMkNCMkMDAkNTgxOTYxIzQxIyQxIyQ3IyQ3MiQ0NjEwMDIjODEjJDEjJDIjJDgz,16,영상의학과,0,0,강동본터치정형외과의원,의원,강동구
JDQ4MTg4MSM1MSMkMiMkNCMkMDAkNTgxOTYxIzQxIyQxIyQ3IyQ3MiQ0NjEwMDIjODEjJDEjJDIjJDgz,19,진단검사의학과,0,0,강동본터치정형외과의원,의원,강동구
JDQ4MTg4MSM1MSMkMiMkNCMkMDAkNTgxOTYxIzQxIyQxIyQ3IyQ3MiQ0NjEwMDIjODEjJDEjJDIjJDgz,21,재활의학과,1,0,강동본터치정형외과의원,의원,강동구
JDQ4MTg4MSM1MSMkMiMkNCMkMDAkNTgxOTYxIzQxIyQxIyQ3IyQ3MiQ0NjEwMDIjODEjJDEjJDIjJDgz,23,가정의학과,0,0,강동본터치정형외과의원,의원,강동구
JDQ4MTg4MSM1MSMkMiMkOCMkMDAkMzgxMzUxIzUxIyQxIyQxIyQ5MiQyNjE0ODEjNDEjJDEjJDQjJDgz,4,외과,0,0,강동뼈선생정형외과의원,의원,강동구
JDQ4MTg4MSM1MSMkMiMkOCMkMDAkMzgxMzUxIzUxIyQxIyQxIyQ5MiQyNjE0ODEjNDEjJDEjJDQjJDgz,5,정형외과,1,0,강동뼈선생정형외과의원,의원,강동구
JDQ4MTg4MSM1MSMkMiMkOCMkMDAkMzgxMzUxIzUxIyQxIyQxIyQ5MiQyNjE0ODEjNDEjJDEjJDQjJDgz,9,마취통증의학과,0,0,강동뼈선생정형외과의원,의원,강동구
JDQ4MTg4MSM1MSMkMiMkOCMkMDAkMzgxMzUxIzUxIyQxIyQxIyQ5MiQyNjE0ODEjNDEjJDEjJDQjJDgz,21,재활의학과,0,0,강동뼈선생정형외과의원,의원,강동구
JDQ4MTg4MSM1MSMkMiMkOCMkMDAkMzgxOTYxIzUxIyQxIyQ1IyQ3MiQzNjE4MzIjNjEjJDEjJDAjJDgz,10,산부인과,1,0,강동삼성산부인과의원,의원,강동구
JDQ4MTg4MSM1MSMkMiMkNCMkMDAkNDgxMzUxIzMxIyQxIyQ3IyQ4MiQyNjEyMjIjNjEjJDEjJDAjJDgz,12,안과,1,0,강동삼성안과의원,의원,강동구
JDQ4MTg4MSM1MSMkMiMkOCMkMDAkMzgxMTkxIzUxIyQxIyQxIyQwMyQzNjE0ODEjNDEjJDEjJDgjJDgz,13,이비인후과,1,0,강동새록이비인후과의원,의원,강동구
JDQ4MTg4MSM1MSMkMiMkNCMkMDAkNDgxOTYxIzUxIyQxIyQxIyQ5OSQyNjEwMDIjNjEjJDEjJDQjJDgz,1,내과,1,0,강동서울삼성내과의원,의원,강동구
JDQ4MTg4MSM1MSMkMiMkNCMkMDAkNDgxOTYxIzUxIyQxIyQxIyQ5OSQyNjEwMDIjNjEjJDEjJDQjJDgz,11,소아청소년과,0,0,강동서울삼성내과의원,의원,강동구
JDQ4MTg4MSM1MSMkMiMkNCMkMDAkNDgxOTYxIzUxIyQxIyQxIyQ5OSQyNjEwMDIjNjEjJDEjJDQjJDgz,13,이비인후과,0,0,강동서울삼성내과의원,의원,강동구
JDQ4MTg4MSM1MSMkMiMkMCMkMDAkNTgxMzUxIzIxIyQyIyQ1IyQwMCQyNjE0ODEjNjEjJDEjJDQjJDgz,1,내과,0,0,강동서울외과의원,의원,강동구
JDQ4MTg4MSM1MSMkMiMkMCMkMDAkNTgxMzUxIzIxIyQyIyQ1IyQwMCQyNjE0ODEjNjEjJDEjJDQjJDgz,4,외과,5,0,강동서울외과의원,의원,강동구
JDQ4MTg4MSM1MSMkMiMkNCMkMDAkNDgxMzUxIzExIyQxIyQzIyQ4OSQyNjEwMDIjNDEjJDEjJDgjJDgz,1,내과,2,0,강동서울의원,의원,강동구
JDQ4MTg4MSM1MSMkMiMkNCMkMDAkNDgxMzUxIzExIyQxIyQzIyQ4OSQyNjEwMDIjNDEjJDEjJDgjJDgz,4,외과,1,0,강동서울의원,의원,강동구
JDQ4MTg4MSM1MSMkMiMkNCMkMDAkNDgxMzUxIzExIyQxIyQzIyQ4OSQyNjEwMDIjNDEjJDEjJDgjJDgz,11,소아청소년과,1,0,강동서울의원,의원,강동구
JDQ4MTg4MSM1MSMkMiMkNCMkMDAkNDgxMzUxIzExIyQxIyQzIyQ4OSQyNjEwMDIjNDEjJDEjJDgjJDgz,16,영상의학과,1,0,강동서울의원,의원,강동구
JDQ4MTg4MSM1MSMkMiMkNCMkMDAkNDgxMzUxIzExIyQxIyQzIyQ4OSQyNjEwMDIjNDEjJDEjJDgjJDgz,23,가정의학과,0,0,강동서울의원,의원,강동구
JDQ4MTg4MSM1MSMkMiMkNCMkMDAkMzgxMzUxIzExIyQxIyQzIyQ4MiQ0NjEwMDIjNDEjJDEjJDgjJDgz,1,내과,0,0,강동서울정형외과의원,의원,강동구
JDQ4MTg4MSM1MSMkMiMkNCMkMDAkMzgxMzUxIzExIyQxIyQzIyQ4MiQ0NjEwMDIjNDEjJDEjJDgjJDgz,4,외과,0,0,강동서울정형외과의원,의원,강동구
JDQ4MTg4MSM1MSMkMiMkNCMkMDAkMzgxMzUxIzExIyQxIyQzIyQ4MiQ0NjEwMDIjNDEjJDEjJDgjJDgz,5,정형외과,1,0,강동서울정형외과의원,의원,강동구
JDQ4MTg4MSM1MSMkMiMkNCMkMDAkMzgxMzUxIzExIyQxIyQzIyQ4MiQ0NjEwMDIjNDEjJDEjJDgjJDgz,6,신경외과,0,0,강동서울정형외과의원,의원,강동구
JDQ4MTg4MSM1MSMkMiMkNCMkMDAkMzgxMzUxIzExIyQxIyQzIyQ4MiQ0NjEwMDIjNDEjJDEjJDgjJDgz,15,비뇨의학과,0,0,강동서울정형외과의원,의원,강동구
JDQ4MTg4MSM1MSMkMiMkOCMkMDAkMzgxMzUxIzMxIyQxIyQ3IyQ3OSQzNjEyMjIjNjEjJDEjJDQjJDgz,1,내과,2,0,강동성모내과의원,의원,강동구
JDQ4MTg4MSM1MSMkMiMkOCMkMDAkMzgxMzUxIzQxIyQxIyQ3IyQxMyQzNjE0ODEjNDEjJDEjJDgjJDgz,1,내과,0,0,강동성모이비인후과의원,의원,강동구
JDQ4MTg4MSM1MSMkMiMkOCMkMDAkMzgxMzUxIzQxIyQxIyQ3IyQxMyQzNjE0ODEjNDEjJDEjJDgjJDgz,2,신경과,0,0,강동성모이비인후과의원,의원,강동구
JDQ4MTg4MSM1MSMkMiMkOCMkMDAkMzgxMzUxIzQxIyQxIyQ3IyQxMyQzNjE0ODEjNDEjJDEjJDgjJDgz,3,정신건강의학과,0,0,강동성모이비인후과의원,의원,강동구
JDQ4MTg4MSM1MSMkMiMkOCMkMDAkMzgxMzUxIzQxIyQxIyQ3IyQxMyQzNjE0ODEjNDEjJDEjJDgjJDgz,11,소아청소년과,0,0,강동성모이비인후과의원,의원,강동구
JDQ4MTg4MSM1MSMkMiMkOCMkMDAkMzgxMzUxIzQxIyQxIyQ3IyQxMyQzNjE0ODEjNDEjJDEjJDgjJDgz,13,이비인후과,1,0,강동성모이비인후과의원,의원,강동구
JDQ4MTg4MSM1MSMkMiMkOCMkMDAkMzgxMzUxIzQxIyQxIyQ3IyQxMyQzNjE0ODEjNDEjJDEjJDgjJDgz,23,가정의학과,0,0,강동성모이비인후과의원,의원,강동구
JDQ4MTg4MSM1MSMkMiMkMCMkMDAkNDgxNzAyIzUxIyQxIyQ1IyQwMyQyNjE4MzIjODEjJDEjJDYjJDgz,1,내과,0,0,강동성신의원,의원,송파구
JDQ4MTg4MSM1MSMkMiMkMCMkMDAkNDgxNzAyIzUxIyQxIyQ1IyQwMyQyNjE4MzIjODEjJDEjJDYjJDgz,14,피부과,0,0,강동성신의원,의원,송파구
JDQ4MTg4MSM1MSMkMiMkMCMkMDAkNDgxNzAyIzUxIyQxIyQ1IyQwMyQyNjE4MzIjODEjJDEjJDYjJDgz,15,비뇨의학과,0,0,강동성신의원,의원,송파구
JDQ4MTg4MSM1MSMkMiMkMCMkMDAkNDgxNzAyIzUxIyQxIyQ1IyQwMyQyNjE4MzIjODEjJDEjJDYjJDgz,23,가정의학과,1,0,강동성신의원,의원,송파구
JDQ4MTg4MSM1MSMkMiMkOCMkMDAkMzgxOTYxIzIxIyQxIyQ5IyQwMyQzNjE0ODEjNDEjJDEjJDQjJDgz,1,내과,1,0,강동세브란스내과의원,의원,강동구
JDQ4MTg4MSM1MSMkMiMkOCMkMDAkMzgxOTYxIzIxIyQxIyQ5IyQwMyQzNjE0ODEjNDEjJDEjJDQjJDgz,11,소아청소년과,0,0,강동세브란스내과의원,의원,강동구
JDQ4MTg4MSM1MSMkMiMkOCMkMDAkMzgxOTYxIzIxIyQxIyQ5IyQwMyQzNjE0ODEjNDEjJDEjJDQjJDgz,13,이비인후과,0,0,강동세브란스내과의원,의원,강동구
JDQ4MTg4MSM1MSMkMiMkOCMkMDAkMzgxOTYxIzIxIyQxIyQ5IyQwMyQzNjE0ODEjNDEjJDEjJDQjJDgz,15,비뇨의학과,0,0,강동세브란스내과의원,의원,강동구
JDQ4MTg4MSM1MSMkMiMkOCMkMDAkMzgxOTYxIzIxIyQxIyQ5IyQwMyQzNjE0ODEjNDEjJDEjJDQjJDgz,23,가정의학과,1,0,강동세브란스내과의원,의원,강동구
JDQ4MTg4MSM1MSMkMiMkOCMkMDAkMzgxOTYxIzIxIyQxIyQ5IyQwMyQzNjE0ODEjNDEjJDEjJDQjJDgz,24,응급의학과,0,0,강동세브란스내과의원,의원,강동구
JDQ4MTg4MSM1MSMkMiMkOCMkMDAkMzgxMTkxIzExIyQxIyQzIyQ2MiQyNjE0ODEjODEjJDEjJDIjJDgz,1,내과,0,0,강동센트럴이비인후과의원,의원,강동구
JDQ4MTg4MSM1MSMkMiMkOCMkMDAkMzgxMTkxIzExIyQxIyQzIyQ2MiQyNjE0ODEjODEjJDEjJDIjJDgz,2,신경과,0,0,강동센트럴이비인후과의원,의원,강동구
JDQ4MTg4MSM1MSMkMiMkOCMkMDAkMzgxMTkxIzExIyQxIyQzIyQ2MiQyNjE0ODEjODEjJDEjJDIjJDgz,4,외과,0,0,강동센트럴이비인후과의원,의원,강동구
JDQ4MTg4MSM1MSMkMiMkOCMkMDAkMzgxMTkxIzExIyQxIyQzIyQ2MiQyNjE0ODEjODEjJDEjJDIjJDgz,11,소아청소년과,0,0,강동센트럴이비인후과의원,의원,강동구
JDQ4MTg4MSM1MSMkMiMkOCMkMDAkMzgxMTkxIzExIyQxIyQzIyQ2MiQyNjE0ODEjODEjJDEjJDIjJDgz,13,이비인후과,2,0,강동센트럴이비인후과의원,의원,강동구
JDQ4MTg4MSM1MSMkMiMkOCMkMDAkMzgxMTkxIzExIyQxIyQzIyQ2MiQyNjE0ODEjODEjJDEjJDIjJDgz,14,피부과,0,0,강동센트럴이비인후과의원,의원,강동구
JDQ4MTg4MSM1MSMkMiMkOCMkMDAkMzgxMTkxIzExIyQxIyQzIyQ2MiQyNjE0ODEjODEjJDEjJDIjJDgz,23,가정의학과,0,0,강동센트럴이비인후과의원,의원,강동구
JDQ4MTg4MSM1MSMkMiMkNCMkMDAkNDgxOTYxIzMxIyQxIyQ3IyQ5MiQzNjEwMDIjNDEjJDEjJDgjJDgz,1,내과,0,0,강동소리의원,의원,강동구
JDQ4MTg4MSM1MSMkMiMkNCMkMDAkNDgxOTYxIzMxIyQxIyQ3IyQ5MiQzNjEwMDIjNDEjJDEjJDgjJDgz,2,신경과,0,0,강동소리의원,의원,강동구
JDQ4MTg4MSM1MSMkMiMkNCMkMDAkNDgxOTYxIzMxIyQxIyQ3IyQ5MiQzNjEwMDIjNDEjJDEjJDgjJDgz,11,소아청소년과,0,0,강동소리의원,의원,강동구
JDQ4MTg4MSM1MSMkMiMkNCMkMDAkNDgxOTYxIzMxIyQxIyQ3IyQ5MiQzNjEwMDIjNDEjJDEjJDgjJDgz,13,이비인후과,2,0,강동소리의원,의원,강동구
JDQ4MTg4MSM1MSMkMiMkNCMkMDAkMzgxOTYxIzIxIyQxIyQxIyQ4OSQ0NjEwMDIjNTEjJDEjJDYjJDgz,1,내과,0,0,강동신경외과의원,의원,강동구
JDQ4MTg4MSM1MSMkMiMkNCMkMDAkMzgxOTYxIzIxIyQxIyQxIyQ4OSQ0NjEwMDIjNTEjJDEjJDYjJDgz,2,신경과,0,0,강동신경외과의원,의원,강동구
JDQ4MTg4MSM1MSMkMiMkNCMkMDAkMzgxOTYxIzIxIyQxIyQxIyQ4OSQ0NjEwMDIjNTEjJDEjJDYjJDgz,4,외과,0,0,강동신경외과의원,의원,강동구
JDQ4MTg4MSM1MSMkMiMkNCMkMDAkMzgxOTYxIzIxIyQxIyQxIyQ4OSQ0NjEwMDIjNTEjJDEjJDYjJDgz,5,정형외과,0,0,강동신경외과의원,의원,강동구
JDQ4MTg4MSM1MSMkMiMkNCMkMDAkMzgxOTYxIzIxIyQxIyQxIyQ4OSQ0NjEwMDIjNTEjJDEjJDYjJDgz,6,신경외과,1,0,강동신경외과의원,의원,강동구
JDQ4MTg4MSM1MSMkMiMkNCMkMDAkMzgxOTYxIzIxIyQxIyQxIyQ4OSQ0NjEwMDIjNTEjJDEjJDYjJDgz,11,소아청소년과,0,0,강동신경외과의원,의원,강동구
JDQ4MTg4MSM1MSMkMiMkNCMkMDAkMzgxOTYxIzIxIyQxIyQxIyQ4OSQ0NjEwMDIjNTEjJDEjJDYjJDgz,14,피부과,0,0,강동신경외과의원,의원,강동구
JDQ4MTg4MSM1MSMkMiMkNCMkMDAkMzgxOTYxIzIxIyQxIyQxIyQ4OSQ0NjEwMDIjNTEjJDEjJDYjJDgz,15,비뇨의학과,0,0,강동신경외과의원,의원,강동구
JDQ4MTg4MSM1MSMkMiMkNCMkMDAkMzgxOTYxIzIxIyQxIyQxIyQ4OSQ0NjEwMDIjNTEjJDEjJDYjJDgz,16,영상의학과,0,0,강동신경외과의원,의원,강동구
JDQ4MTg4MSM1MSMkMiMkNCMkMDAkMzgxOTYxIzIxIyQxIyQxIyQ4OSQ0NjEwMDIjNTEjJDEjJDYjJDgz,21,재활의학과,0,0,강동신경외과의원,의원,강동구
JDQ4MTg4MSM1MSMkMiMkNCMkMDAkMzgxOTYxIzIxIyQxIyQxIyQ4OSQ0NjEwMDIjNTEjJDEjJDYjJDgz,23,가정의학과,0,0,강동신경외과의원,의원,강동구
JDQ4MTg4MSM1MSMkMiMkMCMkMDAkMzgxMTkxIzIxIyQxIyQ5IyQ5OSQyNjEyMjIjODEjJDEjJDIjJDgz,5,정형외과,0,0,강동아이비의원,의원,강동구
JDQ4MTg4MSM1MSMkMiMkMCMkMDAkMzgxMTkxIzIxIyQxIyQ5IyQ5OSQyNjEyMjIjODEjJDEjJDIjJDgz,6,신경외과,0,0,강동아이비의원,의원,강동구
JDQ4MTg4MSM1MSMkMiMkMCMkMDAkMzgxMTkxIzIxIyQxIyQ5IyQ5OSQyNjEyMjIjODEjJDEjJDIjJDgz,8,성형외과,0,0,강동아이비의원,의원,강동구
JDQ4MTg4MSM1MSMkMiMkMCMkMDAkMzgxMTkxIzIxIyQxIyQ5IyQ5OSQyNjEyMjIjODEjJDEjJDIjJDgz,14,피부과,0,0,강동아이비의원,의원,강동구
JDQ4MTg4MSM1MSMkMiMkMCMkMDAkMzgxMTkxIzIxIyQxIyQ5IyQ5OSQyNjEyMjIjODEjJDEjJDIjJDgz,23,가정의학과,0,0,강동아이비의원,의원,강동구
JDQ4MTg4MSM1MSMkMiMkNCMkMDAkMzgxNzAyIzIxIyQxIyQxIyQ5MiQ0NjEwMDIjODEjJDEjJDIjJDgz,1,내과,2,0,강동연세내과의원,의원,강동구
JDQ4MTg4MSM1MSMkMiMkNCMkMDAkMzgxNzAyIzIxIyQxIyQxIyQ5MiQ0NjEwMDIjODEjJDEjJDIjJDgz,2,신경과,0,0,강동연세내과의원,의원,강동구
JDQ4MTg4MSM1MSMkMiMkNCMkMDAkMzgxNzAyIzIxIyQxIyQxIyQ5MiQ0NjEwMDIjODEjJDEjJDIjJDgz,3,정신건강의학과,0,0,강동연세내과의원,의원,강동구
JDQ4MTg4MSM1MSMkMiMkNCMkMDAkMzgxNzAyIzIxIyQxIyQxIyQ5MiQ0NjEwMDIjODEjJDEjJDIjJDgz,5,정형외과,0,0,강동연세내과의원,의원,강동구
JDQ4MTg4MSM1MSMkMiMkNCMkMDAkMzgxNzAyIzIxIyQxIyQxIyQ5MiQ0NjEwMDIjODEjJDEjJDIjJDgz,11,소아청소년과,0,0,강동연세내과의원,의원,강동구
JDQ4MTg4MSM1MSMkMiMkNCMkMDAkMzgxNzAyIzIxIyQxIyQxIyQ5MiQ0NjEwMDIjODEjJDEjJDIjJDgz,13,이비인후과,0,0,강동연세내과의원,의원,강동구
JDQ4MTg4MSM1MSMkMiMkNCMkMDAkMzgxNzAyIzIxIyQxIyQxIyQ5MiQ0NjEwMDIjODEjJDEjJDIjJDgz,14,피부과,0,0,강동연세내과의원,의원,강동구
JDQ4MTg4MSM1MSMkMiMkNCMkMDAkMzgxNzAyIzIxIyQxIyQxIyQ5MiQ0NjEwMDIjODEjJDEjJDIjJDgz,16,영상의학과,1,0,강동연세내과의원,의원,강동구
JDQ4MTg4MSM1MSMkMiMkNCMkMDAkMzgxNzAyIzIxIyQxIyQxIyQ5MiQ0NjEwMDIjODEjJDEjJDIjJDgz,23,가정의학과,0,0,강동연세내과의원,의원,강동구
JDQ4MTg4MSM1MSMkMiMkOCMkMDAkMzgxOTYxIzExIyQyIyQzIyQwMCQzNjEyMjIjNjEjJDEjJDAjJDgz,15,비뇨의학과,1,0,강동연세비뇨의학과의원,의원,강동구
JDQ4MTg4MSM1MSMkMiMkNCMkMDAkMzgxMzUxIzMxIyQyIyQ3IyQwMCQyNjE0ODEjNjEjJDEjJDAjJDgz,13,이비인후과,2,0,강동연세이비인후과의원,의원,강동구
JDQ4MTg4MSM1MSMkMiMkNCMkMDAkNTgxOTYxIzQxIyQyIyQ3IyQwMCQzNjEyMjIjODEjJDEjJDYjJDgz,14,피부과,3,0,강동오아로피부과의원,의원,강동구
JDQ4MTg4MSM1MSMkMiMkNCMkMDAkMzgxMTkxIzIxIyQxIyQ5IyQ3OSQzNjE4MzIjODEjJDEjJDIjJDgz,3,정신건강의학과,2,0,강동우성의원,의원,강남구
JDQ4MTg4MSM1MSMkMiMkNCMkMDAkMzgxMTkxIzIxIyQxIyQ5IyQ3OSQzNjE4MzIjODEjJDEjJDIjJDgz,10,산부인과,0,0,강동우성의원,의원,강남구
JDQ4MTg4MSM1MSMkMiMkNCMkMDAkMzgxMTkxIzIxIyQxIyQ5IyQ3OSQzNjE4MzIjODEjJDEjJDIjJDgz,15,비뇨의학과,0,0,강동우성의원,의원,강남구
JDQ4MTg4MSM1MSMkMiMkOCMkMDAkMzgxMTkxIzMxIyQxIyQ3IyQ4MiQzNjE4MzIjODEjJDEjJDIjJDgz,14,피부과,1,0,강동우태하피부과의원,의원,강동구
JDQ4MTg4MSM1MSMkMiMkOCMkMDAkMzgxOTYxIzQxIyQxIyQ3IyQwMyQzNjEwMDIjNzEjJDEjJDgjJDgz,4,외과,1,0,강동유외과의원,의원,강동구
JDQ4MTg4MSM1MSMkMiMkOCMkMDAkMzgxOTYxIzExIyQxIyQ3IyQ2MiQ0NjE0ODEjNjEjJDEjJDAjJDgz,1,내과,0,0,강동이엠365의원,의원,강동구
JDQ4MTg4MSM1MSMkMiMkOCMkMDAkMzgxOTYxIzExIyQxIyQ3IyQ2MiQ0NjE0ODEjNjEjJDEjJDAjJDgz,2,신경과,0,0,강동이엠365의원,의원,강동구
JDQ4MTg4MSM1MSMkMiMkOCMkMDAkMzgxOTYxIzExIyQxIyQ3IyQ2MiQ0NjE0ODEjNjEjJDEjJDAjJDgz,4,외과,0,0,강동이엠365의원,의원,강동구
JDQ4MTg4MSM1MSMkMiMkOCMkMDAkMzgxOTYxIzExIyQxIyQ3IyQ2MiQ0NjE0ODEjNjEjJDEjJDAjJDgz,5,정형외과,0,0,강동이엠365의원,의원,강동구
JDQ4MTg4MSM1MSMkMiMkOCMkMDAkMzgxOTYxIzExIyQxIyQ3IyQ2MiQ0NjE0ODEjNjEjJDEjJDAjJDgz,6,신경외과,0,0,강동이엠365의원,의원,강동구
JDQ4MTg4MSM1MSMkMiMkOCMkMDAkMzgxOTYxIzExIyQxIyQ3IyQ2MiQ0NjE0ODEjNjEjJDEjJDAjJDgz,9,마취통증의학과,0,0,강동이엠365의원,의원,강동구
JDQ4MTg4MSM1MSMkMiMkOCMkMDAkMzgxOTYxIzExIyQxIyQ3IyQ2MiQ0NjE0ODEjNjEjJDEjJDAjJDgz,11,소아청소년과,0,0,강동이엠365의원,의원,강동구
JDQ4MTg4MSM1MSMkMiMkOCMkMDAkMzgxOTYxIzExIyQxIyQ3IyQ2MiQ0NjE0ODEjNjEjJDEjJDAjJDgz,12,안과,0,0,강동이엠365의원,의원,강동구
JDQ4MTg4MSM1MSMkMiMkOCMkMDAkMzgxOTYxIzExIyQxIyQ3IyQ2MiQ0NjE0ODEjNjEjJDEjJDAjJDgz,13,이비인후과,0,0,강동이엠365의원,의원,강동구
JDQ4MTg4MSM1MSMkMiMkOCMkMDAkMzgxOTYxIzExIyQxIyQ3IyQ2MiQ0NjE0ODEjNjEjJDEjJDAjJDgz,14,피부과,0,0,강동이엠365의원,의원,강동구
JDQ4MTg4MSM1MSMkMiMkOCMkMDAkMzgxOTYxIzExIyQxIyQ3IyQ2MiQ0NjE0ODEjNjEjJDEjJDAjJDgz,15,비뇨의학과,0,0,강동이엠365의원,의원,강동구
JDQ4MTg4MSM1MSMkMiMkOCMkMDAkMzgxOTYxIzExIyQxIyQ3IyQ2MiQ0NjE0ODEjNjEjJDEjJDAjJDgz,21,재활의학과,0,0,강동이엠365의원,의원,강동구
JDQ4MTg4MSM1MSMkMiMkOCMkMDAkMzgxOTYxIzExIyQxIyQ3IyQ2MiQ0NjE0ODEjNjEjJDEjJDAjJDgz,23,가정의학과,1,0,강동이엠365의원,의원,강동구
JDQ4MTg4MSM1MSMkMiMkOCMkMDAkMzgxOTYxIzExIyQxIyQ3IyQ2MiQ0NjE0ODEjNjEjJDEjJDAjJDgz,24,응급의학과,1,0,강동이엠365의원,의원,강동구
JDQ4MTg4MSM1MSMkMiMkMCMkMDAkNDgxMTkxIzUxIyQxIyQ1IyQ5OSQyNjE4MzIjNDEjJDEjJDQjJDgz,2,신경과,0,0,강동정신건강의학과의원,의원,강동구
JDQ4MTg4MSM1MSMkMiMkMCMkMDAkNDgxMTkxIzUxIyQxIyQ1IyQ5OSQyNjE4MzIjNDEjJDEjJDQjJDgz,3,정신건강의학과,1,0,강동정신건강의학과의원,의원,강동구
JDQ4MTg4MSM1MSMkMiMkNCMkMDAkNTgxOTYxIzExIyQxIyQzIyQ5OSQzNjEyMjIjNzEjJDEjJDgjJDgz,1,내과,1,0,강동중앙내과외과의원,의원,강동구
JDQ4MTg4MSM1MSMkMiMkNCMkMDAkNTgxOTYxIzExIyQxIyQzIyQ5OSQzNjEyMjIjNzEjJDEjJDgjJDgz,4,외과,1,0,강동중앙내과외과의원,의원,강동구
JDQ4MTg4MSM1MSMkMiMkNCMkMDAkNTgxOTYxIzExIyQxIyQzIyQ5OSQzNjEyMjIjNzEjJDEjJDgjJDgz,5,정형외과,0,0,강동중앙내과외과의원,의원,강동구
JDQ4MTg4MSM1MSMkMiMkNCMkMDAkNTgxOTYxIzExIyQxIyQzIyQ5OSQzNjEyMjIjNzEjJDEjJDgjJDgz,6,신경외과,0,0,강동중앙내과외과의원,의원,강동구
JDQ4MTg4MSM1MSMkMiMkNCMkMDAkNTgxOTYxIzExIyQxIyQzIyQ5OSQzNjEyMjIjNzEjJDEjJDgjJDgz,8,성형외과,0,0,강동중앙내과외과의원,의원,강동구
JDQ4MTg4MSM1MSMkMiMkNCMkMDAkNTgxOTYxIzExIyQxIyQzIyQ5OSQzNjEyMjIjNzEjJDEjJDgjJDgz,11,소아청소년과,0,0,강동중앙내과외과의원,의원,강동구
JDQ4MTg4MSM1MSMkMiMkNCMkMDAkNTgxOTYxIzExIyQxIyQzIyQ5OSQzNjEyMjIjNzEjJDEjJDgjJDgz,13,이비인후과,0,0,강동중앙내과외과의원,의원,강동구
JDQ4MTg4MSM1MSMkMiMkNCMkMDAkNTgxOTYxIzExIyQxIyQzIyQ5OSQzNjEyMjIjNzEjJDEjJDgjJDgz,14,피부과,0,0,강동중앙내과외과의원,의원,강동구
JDQ4MTg4MSM1MSMkMiMkNCMkMDAkNTgxOTYxIzExIyQxIyQzIyQ5OSQzNjEyMjIjNzEjJDEjJDgjJDgz,15,비뇨의학과,0,0,강동중앙내과외과의원,의원,강동구
JDQ4MTg4MSM1MSMkMiMkOCMkMDAkMzgxMTkxIzIxIyQxIyQ5IyQ4OSQyNjEwMDIjNDEjJDEjJDQjJDgz,5,정형외과,0,0,강동참편한재활의학과의원,의원,강동구
JDQ4MTg4MSM1MSMkMiMkOCMkMDAkMzgxMTkxIzIxIyQxIyQ5IyQ4OSQyNjEwMDIjNDEjJDEjJDQjJDgz,6,신경외과,0,0,강동참편한재활의학과의원,의원,강동구
JDQ4MTg4MSM1MSMkMiMkOCMkMDAkMzgxMTkxIzIxIyQxIyQ5IyQ4OSQyNjEwMDIjNDEjJDEjJDQjJDgz,9,마취통증의학과,0,0,강동참편한재활의학과의원,의원,강동구
JDQ4MTg4MSM1MSMkMiMkOCMkMDAkMzgxMTkxIzIxIyQxIyQ5IyQ4OSQyNjEwMDIjNDEjJDEjJDQjJDgz,21,재활의학과,1,0,강동참편한재활의학과의원,의원,강동구
JDQ4MTg4MSM1MSMkMiMkOCMkMDAkMzgxOTYxIzIxIyQxIyQxIyQ4MiQzNjE0ODEjNTEjJDEjJDIjJDgz,1,내과,3,0,강동천호내과의원,의원,강동구
JDQ4MTg4MSM1MSMkMiMkOCMkMDAkMzgxOTYxIzIxIyQxIyQxIyQ4MiQzNjE0ODEjNTEjJDEjJDIjJDgz,11,소아청소년과,0,0,강동천호내과의원,의원,강동구
JDQ4MTg4MSM1MSMkMiMkNCMkMDAkNTgxMzUxIzIxIyQxIyQxIyQ4MiQyNjEwMDIjNTEjJDEjJDIjJDgz,5,정형외과,1,0,강동천호정형외과의원,의원,강동구
JDQ4MTg4MSM1MSMkMiMkNCMkMDAkNTgxMzUxIzIxIyQxIyQxIyQ4MiQyNjEwMDIjNTEjJDEjJDIjJDgz,6,신경외과,1,0,강동천호정형외과의원,의원,강동구
JDQ4MTg4MSM1MSMkMiMkNCMkMDAkNTgxMzUxIzIxIyQxIyQxIyQ4MiQyNjEwMDIjNTEjJDEjJDIjJDgz,9,마취통증의학과,0,0,강동천호정형외과의원,의원,강동구
JDQ4MTg4MSM1MSMkMiMkNCMkMDAkNTgxMzUxIzIxIyQxIyQxIyQ4MiQyNjEwMDIjNTEjJDEjJDIjJDgz,21,재활의학과,0,0,강동천호정형외과의원,의원,강동구
JDQ4MTg4MSM1MSMkMiMkOCMkMDAkMzgxOTYxIzIxIyQxIyQxIyQ5OSQyNjE4MzIjNjEjJDEjJDQjJDgz,5,정형외과,2,0,강동탑정형외과의원,의원,강동구
JDQ4MTg4MSM1MSMkMiMkOCMkMDAkMzgxOTYxIzIxIyQxIyQxIyQ5OSQyNjE4MzIjNjEjJDEjJDQjJDgz,6,신경외과,0,0,강동탑정형외과의원,의원,강동구
JDQ4MTg4MSM1MSMkMiMkOCMkMDAkMzgxOTYxIzIxIyQxIyQxIyQ5OSQyNjE4MzIjNjEjJDEjJDQjJDgz,9,마취통증의학과,0,0,강동탑정형외과의원,의원,강동구
JDQ4MTg4MSM1MSMkMiMkOCMkMDAkMzgxOTYxIzIxIyQxIyQxIyQ5OSQyNjE4MzIjNjEjJDEjJDQjJDgz,21,재활의학과,0,0,강동탑정형외과의원,의원,강동구
JDQ4MTg4MSM1MSMkMiMkNCMkMDAkMzgxNzAyIzQxIyQxIyQ3IyQ2MiQ0NjEwMDIjODEjJDEjJDIjJDgz,13,이비인후과,1,0,강동하나이비인후과의원,의원,강동구
JDQ4MTg4MSM1MSMkMiMkOCMkMDAkMzgxMTkxIzExIyQyIyQ3IyQwMCQ0NjE0ODEjNTEjJDEjJDIjJDgz,1,내과,1,0,강동하트온내과의원,의원,강동구
JDQ4MTg4MSM1MSMkMiMkOCMkMDAkMzgxMTkxIzExIyQyIyQ3IyQwMCQ0NjE0ODEjNTEjJDEjJDIjJDgz,7,심장혈관흉부외과,0,0,강동하트온내과의원,의원,강동구
JDQ4MTg4MSM1MSMkMiMkOCMkMDAkMzgxMTkxIzExIyQyIyQ3IyQwMCQ0NjE0ODEjNTEjJDEjJDIjJDgz,13,이비인후과,0,0,강동하트온내과의원,의원,강동구
JDQ4MTg4MSM1MSMkMiMkNCMkMDAkNTgxMzUxIzExIyQyIyQ3IyQwMCQzNjEwMDIjNzEjJDEjJDgjJDgz,1,내과,1,0,강동한내과의원,의원,강동구
JDQ4MTg4MSM1MSMkMiMkNCMkMDAkNTgxMzUxIzExIyQyIyQ3IyQwMCQzNjEwMDIjNzEjJDEjJDgjJDgz,2,신경과,0,0,강동한내과의원,의원,강동구
JDQ4MTg4MSM1MSMkMiMkNCMkMDAkNTgxMzUxIzExIyQyIyQ3IyQwMCQzNjEwMDIjNzEjJDEjJDgjJDgz,3,정신건강의학과,0,0,강동한내과의원,의원,강동구
JDQ4MTg4MSM1MSMkMiMkNCMkMDAkNTgxMzUxIzExIyQyIyQ3IyQwMCQzNjEwMDIjNzEjJDEjJDgjJDgz,11,소아청소년과,0,0,강동한내과의원,의원,강동구
JDQ4MTg4MSM1MSMkMiMkNCMkMDAkNTgxMzUxIzExIyQyIyQ3IyQwMCQzNjEwMDIjNzEjJDEjJDgjJDgz,13,이비인후과,0,0,강동한내과의원,의원,강동구
JDQ4MTg4MSM1MSMkMiMkNCMkMDAkNTgxMzUxIzExIyQyIyQ3IyQwMCQzNjEwMDIjNzEjJDEjJDgjJDgz,14,피부과,0,0,강동한내과의원,의원,강동구
JDQ4MTg4MSM1MSMkMiMkNCMkMDAkNTgxMzUxIzExIyQyIyQ3IyQwMCQzNjEwMDIjNzEjJDEjJDgjJDgz,23,가정의학과,0,0,강동한내과의원,의원,강동구
JDQ4MTg4MSM1MSMkMiMkOCMkMDAkMzgxMTkxIzIxIyQxIyQxIyQ4OSQyNjEwMDIjNzEjJDEjJDgjJDgz,1,내과,0,0,강동효자정형외과의원,의원,강동구
JDQ4MTg4MSM1MSMkMiMkOCMkMDAkMzgxMTkxIzIxIyQxIyQxIyQ4OSQyNjEwMDIjNzEjJDEjJDgjJDgz,2,신경과,0,0,강동효자정형외과의원,의원,강동구
JDQ4MTg4MSM1MSMkMiMkOCMkMDAkMzgxMTkxIzIxIyQxIyQxIyQ4OSQyNjEwMDIjNzEjJDEjJDgjJDgz,5,정형외과,1,0,강동효자정형외과의원,의원,강동구
JDQ4MTg4MSM1MSMkMiMkOCMkMDAkMzgxMTkxIzIxIyQxIyQxIyQ4OSQyNjEwMDIjNzEjJDEjJDgjJDgz,6,신경외과,0,0,강동효자정형외과의원,의원,강동구
JDQ4MTg4MSM1MSMkMiMkOCMkMDAkMzgxMTkxIzIxIyQxIyQxIyQ4OSQyNjEwMDIjNzEjJDEjJDgjJDgz,9,마취통증의학과,0,0,강동효자정형외과의원,의원,강동구
JDQ4MTg4MSM1MSMkMiMkOCMkMDAkMzgxMTkxIzIxIyQxIyQxIyQ4OSQyNjEwMDIjNzEjJDEjJDgjJDgz,21,재활의학과,0,0,강동효자정형외과의원,의원,강동구
JDQ4MTg4MSM1MSMkMiMkMCMkMDAkMzgxMTkxIzQxIyQxIyQ3IyQ4OSQzNjEyMjIjNTEjJDEjJDIjJDgz,10,산부인과,1,0,강미자산부인과의원,의원,동작구
JDQ4MTg4MSM1MSMkMiMkMCMkMDAkNTgxOTYxIzMxIyQxIyQ3IyQ4MiQyNjEyMjIjODEjJDEjJDIjJDgz,1,내과,1,0,강민모내과의원,의원,강동구
JDQ4MTg4MSM1MSMkMiMkNCMkMDAkNDgxOTYxIzUxIyQxIyQxIyQ4OSQyNjE4MzIjNjEjJDEjJDAjJDgz,1,내과,1,0,강변내과의원,의원,은평구
JDQ4MTg4MSM1MSMkMiMkNCMkMDAkNDgxOTYxIzUxIyQxIyQxIyQ4OSQyNjE4MzIjNjEjJDEjJDAjJDgz,2,신경과,0,0,강변내과의원,의원,은평구
JDQ4MTg4MSM1MSMkMiMkNCMkMDAkNDgxOTYxIzUxIyQxIyQxIyQ4OSQyNjE4MzIjNjEjJDEjJDAjJDgz,11,소아청소년과,0,0,강변내과의원,의원,은평구
JDQ4MTg4MSM1MSMkMiMkNCMkMDAkNDgxOTYxIzUxIyQxIyQxIyQ4OSQyNjE4MzIjNjEjJDEjJDAjJDgz,13,이비인후과,0,0,강변내과의원,의원,은평구
JDQ4MTg4MSM1MSMkMiMkNCMkMDAkNDgxOTYxIzUxIyQxIyQxIyQ4OSQyNjEyMjIjNjEjJDEjJDgjJDgz,4,외과,0,0,강변정형외과의원,의원,은평구
JDQ4MTg4MSM1MSMkMiMkNCMkMDAkNDgxOTYxIzUxIyQxIyQxIyQ4OSQyNjEyMjIjNjEjJDEjJDgjJDgz,5,정형외과,1,0,강변정형외과의원,의원,은평구
JDQ4MTg4MSM1MSMkMiMkNCMkMDAkNDgxOTYxIzUxIyQxIyQxIyQ4OSQyNjEyMjIjNjEjJDEjJDgjJDgz,6,신경외과,0,0,강변정형외과의원,의원,은평구
JDQ4MTg4MSM1MSMkMiMkNCMkMDAkNDgxOTYxIzUxIyQxIyQxIyQ4OSQyNjEyMjIjNjEjJDEjJDgjJDgz,21,재활의학과,0,0,강변정형외과의원,의원,은평구
JDQ4MTg4MSM1MSMkMiMkMCMkMDAkNTgxMzUxIzMxIyQxIyQ3IyQ4OSQyNjEyMjIjNjEjJDEjJDgjJDgz,23,가정의학과,1,0,강봉수가정의학과의원,의원,양천구
JDQ4MTg4MSM1MSMkMiMkOCMkMDAkMzgxMzUxIzExIyQxIyQ3IyQ5MiQ0NjEwMDIjODEjJDEjJDYjJDgz,1,내과,0,0,강북바른정형외과의원,의원,강북구
JDQ4MTg4MSM1MSMkMiMkOCMkMDAkMzgxMzUxIzExIyQxIyQ3IyQ5MiQ0NjEwMDIjODEjJDEjJDYjJDgz,4,외과,0,0,강북바른정형외과의원,의원,강북구
JDQ4MTg4MSM1MSMkMiMkOCMkMDAkMzgxMzUxIzExIyQxIyQ3IyQ5MiQ0NjEwMDIjODEjJDEjJDYjJDgz,5,정형외과,1,0,강북바른정형외과의원,의원,강북구
JDQ4MTg4MSM1MSMkMiMkOCMkMDAkMzgxMzUxIzExIyQxIyQ3IyQ5MiQ0NjEwMDIjODEjJDEjJDYjJDgz,6,신경외과,0,0,강북바른정형외과의원,의원,강북구
JDQ4MTg4MSM1MSMkMiMkOCMkMDAkMzgxMzUxIzExIyQxIyQ3IyQ5MiQ0NjEwMDIjODEjJDEjJDYjJDgz,9,마취통증의학과,0,0,강북바른정형외과의원,의원,강북구
JDQ4MTg4MSM1MSMkMiMkOCMkMDAkMzgxMzUxIzExIyQxIyQ3IyQ5MiQ0NjEwMDIjODEjJDEjJDYjJDgz,11,소아청소년과,0,0,강북바른정형외과의원,의원,강북구
JDQ4MTg4MSM1MSMkMiMkOCMkMDAkMzgxMzUxIzExIyQxIyQ3IyQ5MiQ0NjEwMDIjODEjJDEjJDYjJDgz,16,영상의학과,0,0,강북바른정형외과의원,의원,강북구
JDQ4MTg4MSM1MSMkMiMkOCMkMDAkMzgxMzUxIzExIyQxIyQ3IyQ5MiQ0NjEwMDIjODEjJDEjJDYjJDgz,21,재활의학과,1,0,강북바른정형외과의원,의원,강북구
JDQ4MTg4MSM1MSMkMiMkOCMkMDAkMzgxMzUxIzExIyQxIyQ3IyQ5MiQ0NjEwMDIjODEjJDEjJDYjJDgz,24,응급의학과,0,0,강북바른정형외과의원,의원,강북구
JDQ4MTg4MSM1MSMkMiMkNCMkMDAkMzgxOTYxIzExIyQxIyQzIyQ4MiQzNjE0ODEjNjEjJDEjJDgjJDgz,12,안과,1,0,강북밝은안과의원,의원,동대문구
JDQ4MTg4MSM1MSMkMiMkNCMkMDAkNDgxMTkxIzIxIyQxIyQxIyQxMyQyNjEyMjIjNDEjJDEjJDgjJDgz,1,내과,0,0,강북보아스이비인후과의원,의원,강북구
JDQ4MTg4MSM1MSMkMiMkNCMkMDAkNDgxMTkxIzIxIyQxIyQxIyQxMyQyNjEyMjIjNDEjJDEjJDgjJDgz,8,성형외과,0,0,강북보아스이비인후과의원,의원,강북구
JDQ4MTg4MSM1MSMkMiMkNCMkMDAkNDgxMTkxIzIxIyQxIyQxIyQxMyQyNjEyMjIjNDEjJDEjJDgjJDgz,11,소아청소년과,0,0,강북보아스이비인후과의원,의원,강북구
JDQ4MTg4MSM1MSMkMiMkNCMkMDAkNDgxMTkxIzIxIyQxIyQxIyQxMyQyNjEyMjIjNDEjJDEjJDgjJDgz,13,이비인후과,5,0,강북보아스이비인후과의원,의원,강북구
JDQ4MTg4MSM1MSMkMiMkNCMkMDAkNDgxMTkxIzIxIyQxIyQxIyQxMyQyNjEyMjIjNDEjJDEjJDgjJDgz,14,피부과,0,0,강북보아스이비인후과의원,의원,강북구
JDQ4MTg4MSM1MSMkMiMkNCMkMDAkNDgxOTYxIzMxIyQxIyQzIyQ5MiQ0NjE0ODEjNDEjJDEjJDQjJDgz,1,내과,1,0,강북삼성내과의원,의원,은평구
JDQ4MTg4MSM1MSMkMiMkNCMkMDAkNDgxOTYxIzMxIyQxIyQzIyQ5MiQ0NjE0ODEjNDEjJDEjJDQjJDgz,11,소아청소년과,0,0,강북삼성내과의원,의원,은평구
JDQ4MTg4MSM1MSMkMiMkNCMkMDAkNDgxOTYxIzMxIyQxIyQzIyQ5MiQ0NjE0ODEjNDEjJDEjJDQjJDgz,13,이비인후과,0,0,강북삼성내과의원,의원,은평구
JDQ4MTg4MSM1MSMkMiMkNCMkMDAkMzgxMTkxIzIxIyQxIyQ5IyQ5OSQzNjE0ODEjODEjJDEjJDIjJDgz,1,내과,0,0,강북삼성의원,의원,강북구
JDQ4MTg4MSM1MSMkMiMkNCMkMDAkMzgxMTkxIzIxIyQxIyQ5IyQ5OSQzNjE0ODEjODEjJDEjJDIjJDgz,4,외과,1,0,강북삼성의원,의원,강북구
JDQ4MTg4MSM1MSMkMiMkNCMkMDAkMzgxMTkxIzIxIyQxIyQ5IyQ5OSQzNjE0ODEjODEjJDEjJDIjJDgz,10,산부인과,0,0,강북삼성의원,의원,강북구
JDQ4MTg4MSM1MSMkMiMkNCMkMDAkMzgxMTkxIzIxIyQxIyQ5IyQ5OSQzNjE0ODEjODEjJDEjJDIjJDgz,11,소아청소년과,0,0,강북삼성의원,의원,강북구
JDQ4MTg4MSM1MSMkMiMkNCMkMDAkMzgxMTkxIzIxIyQxIyQ5IyQ5OSQzNjE0ODEjODEjJDEjJDIjJDgz,13,이비인후과,0,0,강북삼성의원,의원,강북구
JDQ4MTg4MSM1MSMkMiMkNCMkMDAkMzgxMTkxIzIxIyQxIyQ5IyQ5OSQzNjE0ODEjODEjJDEjJDIjJDgz,14,피부과,0,0,강북삼성의원,의원,강북구
JDQ4MTg4MSM1MSMkMiMkNCMkMDAkMzgxMTkxIzIxIyQxIyQ5IyQ5OSQzNjE0ODEjODEjJDEjJDIjJDgz,23,가정의학과,0,0,강북삼성의원,의원,강북구
JDQ4MTg4MSM1MSMkMiMkNCMkMDAkNDgxOTYxIzExIyQxIyQ3IyQ4MiQyNjE0ODEjNDEjJDEjJDgjJDgz,1,내과,0,0,강북삼성의원,의원,성북구
JDQ4MTg4MSM1MSMkMiMkNCMkMDAkNDgxOTYxIzExIyQxIyQ3IyQ4MiQyNjE0ODEjNDEjJDEjJDgjJDgz,5,정형외과,0,0,강북삼성의원,의원,성북구
JDQ4MTg4MSM1MSMkMiMkNCMkMDAkNDgxOTYxIzExIyQxIyQ3IyQ4MiQyNjE0ODEjNDEjJDEjJDgjJDgz,6,신경외과,0,0,강북삼성의원,의원,성북구
JDQ4MTg4MSM1MSMkMiMkNCMkMDAkNDgxOTYxIzExIyQxIyQ3IyQ4MiQyNjE0ODEjNDEjJDEjJDgjJDgz,8,성형외과,0,0,강북삼성의원,의원,성북구
JDQ4MTg4MSM1MSMkMiMkNCMkMDAkNDgxOTYxIzExIyQxIyQ3IyQ4MiQyNjE0ODEjNDEjJDEjJDgjJDgz,13,이비인후과,0,0,강북삼성의원,의원,성북구
JDQ4MTg4MSM1MSMkMiMkNCMkMDAkNDgxOTYxIzExIyQxIyQ3IyQ4MiQyNjE0ODEjNDEjJDEjJDgjJDgz,14,피부과,0,0,강북삼성의원,의원,성북구
JDQ4MTg4MSM1MSMkMiMkNCMkMDAkNDgxOTYxIzExIyQxIyQ3IyQ4MiQyNjE0ODEjNDEjJDEjJDgjJDgz,21,재활의학과,0,0,강북삼성의원,의원,성북구
JDQ4MTg4MSM1MSMkMiMkNCMkMDAkNDgxOTYxIzExIyQxIyQ3IyQ4MiQyNjE0ODEjNDEjJDEjJDgjJDgz,23,가정의학과,0,0,강북삼성의원,의원,성북구
JDQ4MTg4MSM1MSMkMiMkMCMkMDAkNTgxOTYxIzUxIyQyIyQ1IyQwMCQzNjE0ODEjNDEjJDEjJDgjJDgz,1,내과,0,0,강북서울외과의원,의원,강북구
JDQ4MTg4MSM1MSMkMiMkMCMkMDAkNTgxOTYxIzUxIyQyIyQ1IyQwMCQzNjE0ODEjNDEjJDEjJDgjJDgz,4,외과,1,0,강북서울외과의원,의원,강북구
JDQ4MTg4MSM1MSMkMiMkMCMkMDAkNTgxOTYxIzUxIyQyIyQ1IyQwMCQzNjE0ODEjNDEjJDEjJDgjJDgz,5,정형외과,0,0,강북서울외과의원,의원,강북구
JDQ4MTg4MSM1MSMkMiMkMCMkMDAkNTgxOTYxIzUxIyQyIyQ1IyQwMCQzNjE0ODEjNDEjJDEjJDgjJDgz,8,성형외과,0,0,강북서울외과의원,의원,강북구
JDQ4MTg4MSM1MSMkMiMkMCMkMDAkNTgxOTYxIzUxIyQyIyQ1IyQwMCQzNjE0ODEjNDEjJDEjJDgjJDgz,11,소아청소년과,0,0,강북서울외과의원,의원,강북구
JDQ4MTg4MSM1MSMkMiMkMCMkMDAkNTgxOTYxIzUxIyQyIyQ1IyQwMCQzNjE0ODEjNDEjJDEjJDgjJDgz,14,피부과,0,0,강북서울외과의원,의원,강북구
JDQ4MTg4MSM1MSMkMiMkMCMkMDAkNTgxOTYxIzUxIyQyIyQ1IyQwMCQzNjE0ODEjNDEjJDEjJDgjJDgz,15,비뇨의학과,0,0,강북서울외과의원,의원,강북구
JDQ4MTg4MSM1MSMkMiMkMCMkMDAkNTgxOTYxIzUxIyQyIyQ1IyQwMCQzNjE0ODEjNDEjJDEjJDgjJDgz,16,영상의학과,0,0,강북서울외과의원,의원,강북구
JDQ4MTg4MSM1MSMkMiMkNCMkMDAkMzgxMTkxIzUxIyQxIyQxIyQ4OSQzNjEyMjIjNTEjJDEjJDIjJDgz,1,내과,0,0,강북서울외과의원,의원,종로구
JDQ4MTg4MSM1MSMkMiMkNCMkMDAkMzgxMTkxIzUxIyQxIyQxIyQ4OSQzNjEyMjIjNTEjJDEjJDIjJDgz,4,외과,1,0,강북서울외과의원,의원,종로구
JDQ4MTg4MSM1MSMkMiMkNCMkMDAkMzgxOTYxIzIxIyQxIyQxIyQ5OSQyNjEyMjIjNTEjJDEjJDYjJDgz,1,내과,0,0,강북서울의원,의원,강북구
JDQ4MTg4MSM1MSMkMiMkNCMkMDAkMzgxOTYxIzIxIyQxIyQxIyQ5OSQyNjEyMjIjNTEjJDEjJDYjJDgz,4,외과,0,0,강북서울의원,의원,강북구
JDQ4MTg4MSM1MSMkMiMkNCMkMDAkMzgxOTYxIzIxIyQxIyQxIyQ5OSQyNjEyMjIjNTEjJDEjJDYjJDgz,5,정형외과,0,0,강북서울의원,의원,강북구
JDQ4MTg4MSM1MSMkMiMkNCMkMDAkMzgxOTYxIzIxIyQxIyQxIyQ5OSQyNjEyMjIjNTEjJDEjJDYjJDgz,9,마취통증의학과,0,0,강북서울의원,의원,강북구
JDQ4MTg4MSM1MSMkMiMkNCMkMDAkMzgxOTYxIzIxIyQxIyQxIyQ5OSQyNjEyMjIjNTEjJDEjJDYjJDgz,11,소아청소년과,0,0,강북서울의원,의원,강북구
JDQ4MTg4MSM1MSMkMiMkNCMkMDAkMzgxOTYxIzIxIyQxIyQxIyQ5OSQyNjEyMjIjNTEjJDEjJDYjJDgz,13,이비인후과,0,0,강북서울의원,의원,강북구
JDQ4MTg4MSM1MSMkMiMkNCMkMDAkMzgxOTYxIzIxIyQxIyQxIyQ5OSQyNjEyMjIjNTEjJDEjJDYjJDgz,14,피부과,0,0,강북서울의원,의원,강북구
JDQ4MTg4MSM1MSMkMiMkNCMkMDAkMzgxOTYxIzIxIyQxIyQxIyQ5OSQyNjEyMjIjNTEjJDEjJDYjJDgz,15,비뇨의학과,0,0,강북서울의원,의원,강북구
JDQ4MTg4MSM1MSMkMiMkNCMkMDAkMzgxOTYxIzIxIyQxIyQxIyQ5OSQyNjEyMjIjNTEjJDEjJDYjJDgz,16,영상의학과,0,0,강북서울의원,의원,강북구
JDQ4MTg4MSM1MSMkMiMkNCMkMDAkMzgxOTYxIzIxIyQxIyQxIyQ5OSQyNjEyMjIjNTEjJDEjJDYjJDgz,21,재활의학과,0,0,강북서울의원,의원,강북구
JDQ4MTg4MSM1MSMkMiMkMCMkMDAkMzgxNzAyIzExIyQxIyQ3IyQxMyQyNjEwMDIjNzEjJDEjJDgjJDgz,13,이비인후과,1,0,강북서울이비인후과의원,의원,강북구
JDQ4MTg4MSM1MSMkMiMkOCMkMDAkMzgxOTYxIzIxIyQxIyQ1IyQ4MiQ0NjEwMDIjNDEjJDEjJDQjJDgz,1,내과,1,0,강북성모내과의원,의원,강북구
JDQ4MTg4MSM1MSMkMiMkOCMkMDAkMzgxOTYxIzIxIyQxIyQ1IyQ4MiQ0NjEwMDIjNDEjJDEjJDQjJDgz,2,신경과,0,0,강북성모내과의원,의원,강북구
JDQ4MTg4MSM1MSMkMiMkOCMkMDAkMzgxOTYxIzIxIyQxIyQ1IyQ4MiQ0NjEwMDIjNDEjJDEjJDQjJDgz,11,소아청소년과,0,0,강북성모내과의원,의원,강북구
JDQ4MTg4MSM1MSMkMiMkOCMkMDAkMzgxOTYxIzIxIyQxIyQ1IyQ4MiQ0NjEwMDIjNDEjJDEjJDQjJDgz,13,이비인후과,0,0,강북성모내과의원,의원,강북구
JDQ4MTg4MSM1MSMkMiMkOCMkMDAkMzgxOTYxIzIxIyQxIyQ1IyQ4MiQ0NjEwMDIjNDEjJDEjJDQjJDgz,14,피부과,0,0,강북성모내과의원,의원,강북구
JDQ4MTg4MSM1MSMkMiMkOCMkMDAkMzgxOTYxIzIxIyQxIyQ1IyQ4MiQ0NjEwMDIjNDEjJDEjJDQjJDgz,15,비뇨의학과,0,0,강북성모내과의원,의원,강북구
JDQ4MTg4MSM1MSMkMiMkOCMkMDAkMzgxOTYxIzIxIyQxIyQ1IyQ4MiQ0NjEwMDIjNDEjJDEjJDQjJDgz,23,가정의학과,0,0,강북성모내과의원,의원,강북구
JDQ4MTg4MSM1MSMkMiMkNCMkMDAkNTgxOTYxIzIxIyQxIyQxIyQ5OSQ0NjE0ODEjNjEjJDEjJDgjJDgz,5,정형외과,1,0,강북센트럴정형외과의원,의원,성북구
JDQ4MTg4MSM1MSMkMiMkNCMkMDAkNTgxOTYxIzIxIyQxIyQxIyQ5OSQ0NjE0ODEjNjEjJDEjJDgjJDgz,6,신경외과,0,0,강북센트럴정형외과의원,의원,성북구
JDQ4MTg4MSM1MSMkMiMkNCMkMDAkNTgxOTYxIzIxIyQxIyQxIyQ5OSQ0NjE0ODEjNjEjJDEjJDgjJDgz,9,마취통증의학과,0,0,강북센트럴정형외과의원,의원,성북구
JDQ4MTg4MSM1MSMkMiMkNCMkMDAkNTgxOTYxIzIxIyQxIyQxIyQ5OSQ0NjE0ODEjNjEjJDEjJDgjJDgz,21,재활의학과,0,0,강북센트럴정형외과의원,의원,성북구
JDQ4MTg4MSM1MSMkMiMkNCMkMDAkMzgxNzAyIzIxIyQxIyQ1IyQ2MiQyNjE4MzIjNTEjJDEjJDYjJDgz,4,외과,1,0,강북송도외과의원,의원,중랑구
JDQ4MTg4MSM1MSMkMiMkNCMkMDAkNDgxMzUxIzIxIyQxIyQxIyQ5MiQzNjEwMDIjNDEjJDEjJDgjJDgz,1,내과,1,0,강북연세내과의원,의원,강북구
JDQ4MTg4MSM1MSMkMiMkNCMkMDAkNDgxMzUxIzIxIyQxIyQxIyQ5MiQzNjEwMDIjNDEjJDEjJDgjJDgz,11,소아청소년과,0,0,강북연세내과의원,의원,강북구
JDQ4MTg4MSM1MSMkMiMkNCMkMDAkNDgxMzUxIzIxIyQxIyQxIyQ5MiQzNjEwMDIjNDEjJDEjJDgjJDgz,13,이비인후과,0,0,강북연세내과의원,의원,강북구
JDQ4MTg4MSM1MSMkMiMkNCMkMDAkNDgxMzUxIzIxIyQxIyQxIyQ5MiQzNjEwMDIjNDEjJDEjJDgjJDgz,14,피부과,0,0,강북연세내과의원,의원,강북구
JDQ4MTg4MSM1MSMkMiMkNCMkMDAkNDgxMzUxIzIxIyQxIyQxIyQ5MiQzNjEwMDIjNDEjJDEjJDgjJDgz,15,비뇨의학과,0,0,강북연세내과의원,의원,강북구
JDQ4MTg4MSM1MSMkMiMkNCMkMDAkNDgxMzUxIzIxIyQxIyQxIyQ5MiQzNjEwMDIjNDEjJDEjJDgjJDgz,23,가정의학과,0,0,강북연세내과의원,의원,강북구
JDQ4MTg4MSM1MSMkMiMkNCMkMDAkMzgxMzUxIzIxIyQxIyQ1IyQxMyQzNjE0ODEjNDEjJDEjJDgjJDgz,1,내과,0,0,강북연세이비인후과의원,의원,강북구
JDQ4MTg4MSM1MSMkMiMkNCMkMDAkMzgxMzUxIzIxIyQxIyQ1IyQxMyQzNjE0ODEjNDEjJDEjJDgjJDgz,8,성형외과,0,0,강북연세이비인후과의원,의원,강북구
JDQ4MTg4MSM1MSMkMiMkNCMkMDAkMzgxMzUxIzIxIyQxIyQ1IyQxMyQzNjE0ODEjNDEjJDEjJDgjJDgz,11,소아청소년과,0,0,강북연세이비인후과의원,의원,강북구
JDQ4MTg4MSM1MSMkMiMkNCMkMDAkMzgxMzUxIzIxIyQxIyQ1IyQxMyQzNjE0ODEjNDEjJDEjJDgjJDgz,13,이비인후과,1,0,강북연세이비인후과의원,의원,강북구
JDQ4MTg4MSM1MSMkMiMkMCMkMDAkNTgxOTYxIzIxIyQyIyQ5IyQwMCQyNjE4MzIjNDEjJDEjJDgjJDgz,1,내과,0,0,강북연세정형외과의원,의원,강북구
JDQ4MTg4MSM1MSMkMiMkMCMkMDAkNTgxOTYxIzIxIyQyIyQ5IyQwMCQyNjE4MzIjNDEjJDEjJDgjJDgz,4,외과,0,0,강북연세정형외과의원,의원,강북구
JDQ4MTg4MSM1MSMkMiMkMCMkMDAkNTgxOTYxIzIxIyQyIyQ5IyQwMCQyNjE4MzIjNDEjJDEjJDgjJDgz,5,정형외과,1,0,강북연세정형외과의원,의원,강북구
JDQ4MTg4MSM1MSMkMiMkMCMkMDAkNTgxOTYxIzIxIyQyIyQ5IyQwMCQyNjE4MzIjNDEjJDEjJDgjJDgz,6,신경외과,0,0,강북연세정형외과의원,의원,강북구
JDQ4MTg4MSM1MSMkMiMkMCMkMDAkNTgxOTYxIzIxIyQyIyQ5IyQwMCQyNjE4MzIjNDEjJDEjJDgjJDgz,21,재활의학과,0,0,강북연세정형외과의원,의원,강북구
JDQ4MTg4MSM1MSMkMiMkOCMkMDAkMzgxMzUxIzUxIyQxIyQ1IyQ5MiQzNjEwMDIjNzEjJDEjJDgjJDgz,1,내과,2,0,강북으뜸내과의원,의원,동대문구
JDQ4MTg4MSM1MSMkMiMkNCMkMDAkMzgxMzUxIzMxIyQxIyQzIyQ2MiQyNjEwMDIjNTEjJDEjJDYjJDgz,14,피부과,1,0,강북이지함피부과의원,의원,노원구
JDQ4MTg4MSM1MSMkMiMkNCMkMDAkNTgxOTYxIzMxIyQxIyQzIyQwMyQyNjEwMDIjNDEjJDEjJDgjJDgz,1,내과,7,0,강북제일내과의원,의원,중랑구
JDQ4MTg4MSM1MSMkMiMkNCMkMDAkNTgxOTYxIzMxIyQxIyQzIyQwMyQyNjEwMDIjNDEjJDEjJDgjJDgz,2,신경과,1,0,강북제일내과의원,의원,중랑구
JDQ4MTg4MSM1MSMkMiMkNCMkMDAkNTgxOTYxIzMxIyQxIyQzIyQwMyQyNjEwMDIjNDEjJDEjJDgjJDgz,5,정형외과,0,0,강북제일내과의원,의원,중랑구
JDQ4MTg4MSM1MSMkMiMkNCMkMDAkNTgxOTYxIzMxIyQxIyQzIyQwMyQyNjEwMDIjNDEjJDEjJDgjJDgz,6,신경외과,0,0,강북제일내과의원,의원,중랑구
JDQ4MTg4MSM1MSMkMiMkNCMkMDAkNTgxOTYxIzMxIyQxIyQzIyQwMyQyNjEwMDIjNDEjJDEjJDgjJDgz,9,마취통증의학과,0,0,강북제일내과의원,의원,중랑구
JDQ4MTg4MSM1MSMkMiMkNCMkMDAkNTgxOTYxIzMxIyQxIyQzIyQwMyQyNjEwMDIjNDEjJDEjJDgjJDgz,11,소아청소년과,0,0,강북제일내과의원,의원,중랑구
JDQ4MTg4MSM1MSMkMiMkNCMkMDAkNTgxOTYxIzMxIyQxIyQzIyQwMyQyNjEwMDIjNDEjJDEjJDgjJDgz,13,이비인후과,0,0,강북제일내과의원,의원,중랑구
JDQ4MTg4MSM1MSMkMiMkNCMkMDAkNTgxOTYxIzMxIyQxIyQzIyQwMyQyNjEwMDIjNDEjJDEjJDgjJDgz,16,영상의학과,1,0,강북제일내과의원,의원,중랑구
JDQ4MTg4MSM1MSMkMiMkNCMkMDAkNTgxOTYxIzMxIyQxIyQzIyQwMyQyNjEwMDIjNDEjJDEjJDgjJDgz,21,재활의학과,0,0,강북제일내과의원,의원,중랑구
JDQ4MTg4MSM1MSMkMiMkNCMkMDAkMzgxOTYxIzExIyQxIyQzIyQ5OSQ0NjE0ODEjNDEjJDEjJDQjJDgz,1,내과,0,0,강북제일외과의원,의원,은평구
JDQ4MTg4MSM1MSMkMiMkNCMkMDAkMzgxOTYxIzExIyQxIyQzIyQ5OSQ0NjE0ODEjNDEjJDEjJDQjJDgz,4,외과,1,0,강북제일외과의원,의원,은평구
JDQ4MTg4MSM1MSMkMiMkNCMkMDAkMzgxOTYxIzExIyQxIyQzIyQ5OSQ0NjE0ODEjNDEjJDEjJDQjJDgz,5,정형외과,0,0,강북제일외과의원,의원,은평구
JDQ4MTg4MSM1MSMkMiMkNCMkMDAkMzgxOTYxIzExIyQxIyQzIyQ5OSQ0NjE0ODEjNDEjJDEjJDQjJDgz,6,신경외과,0,0,강북제일외과의원,의원,은평구
JDQ4MTg4MSM1MSMkMiMkNCMkMDAkMzgxOTYxIzExIyQxIyQzIyQ5OSQ0NjE0ODEjNDEjJDEjJDQjJDgz,9,마취통증의학과,0,0,강북제일외과의원,의원,은평구
JDQ4MTg4MSM1MSMkMiMkNCMkMDAkMzgxOTYxIzExIyQxIyQzIyQ5OSQ0NjE0ODEjNDEjJDEjJDQjJDgz,14,피부과,0,0,강북제일외과의원,의원,은평구
JDQ4MTg4MSM1MSMkMiMkNCMkMDAkMzgxOTYxIzExIyQxIyQzIyQ5OSQ0NjE0ODEjNDEjJDEjJDQjJDgz,15,비뇨의학과,0,0,강북제일외과의원,의원,은평구
JDQ4MTg4MSM1MSMkMiMkNCMkMDAkMzgxOTYxIzExIyQxIyQzIyQ5OSQ0NjE0ODEjNDEjJDEjJDQjJDgz,16,영상의학과,0,0,강북제일외과의원,의원,은평구
JDQ4MTg4MSM1MSMkMiMkNCMkMDAkMzgxOTYxIzExIyQxIyQzIyQ5OSQ0NjE0ODEjNDEjJDEjJDQjJDgz,19,진단검사의학과,0,0,강북제일외과의원,의원,은평구
JDQ4MTg4MSM1MSMkMiMkNCMkMDAkMzgxOTYxIzExIyQxIyQzIyQ5OSQ0NjE0ODEjNDEjJDEjJDQjJDgz,21,재활의학과,0,0,강북제일외과의원,의원,은평구
JDQ4MTg4MSM1MSMkMiMkNCMkMDAkMzgxOTYxIzExIyQxIyQzIyQ5OSQ0NjE0ODEjNDEjJDEjJDQjJDgz,23,가정의학과,0,0,강북제일외과의원,의원,은평구
JDQ4MTg4MSM1MSMkMiMkNCMkMDAkNTgxOTYxIzUxIyQxIyQxIyQ3MiQyNjEwMDIjODEjJDEjJDYjJDgz,1,내과,2,0,강북편한내과의원,의원,강북구
JDQ4MTg4MSM1MSMkMiMkMCMkMDAkMzgxNzAyIzIxIyQxIyQxIyQ2MiQ0NjE0ODEjNjEjJDEjJDAjJDgz,14,피부과,0,0,강비뇨기과의원,의원,강서구
JDQ4MTg4MSM1MSMkMiMkMCMkMDAkMzgxNzAyIzIxIyQxIyQxIyQ2MiQ0NjE0ODEjNjEjJDEjJDAjJDgz,15,비뇨의학과,1,0,강비뇨기과의원,의원,강서구
JDQ4MTg4MSM1MSMkMiMkNCMkMDAkNDgxMzUxIzQxIyQxIyQ3IyQ4OSQzNjE0ODEjNDEjJDEjJDgjJDgz,1,내과,2,0,강상용내과의원,의원,강서구
JDQ4MTg4MSM1MSMkMiMkNCMkMDAkNDgxMzUxIzQxIyQxIyQ3IyQ4OSQzNjE0ODEjNDEjJDEjJDgjJDgz,11,소아청소년과,0,0,강상용내과의원,의원,강서구
JDQ4MTg4MSM1MSMkMiMkNCMkMDAkNDgxMzUxIzQxIyQxIyQ3IyQ4OSQzNjE0ODEjNDEjJDEjJDgjJDgz,13,이비인후과,0,0,강상용내과의원,의원,강서구
JDQ4MTg4MSM1MSMkMiMkOCMkMDAkMzgxMTkxIzIxIyQxIyQ5IyQ5MiQzNjE0ODEjODEjJDEjJDIjJDgz,1,내과,0,0,강서365의원,의원,강서구
JDQ4MTg4MSM1MSMkMiMkOCMkMDAkMzgxMTkxIzIxIyQxIyQ5IyQ5MiQzNjE0ODEjODEjJDEjJDIjJDgz,4,외과,0,0,강서365의원,의원,강서구
JDQ4MTg4MSM1MSMkMiMkOCMkMDAkMzgxMTkxIzIxIyQxIyQ5IyQ5MiQzNjE0ODEjODEjJDEjJDIjJDgz,5,정형외과,0,0,강서365의원,의원,강서구
JDQ4MTg4MSM1MSMkMiMkOCMkMDAkMzgxMTkxIzIxIyQxIyQ5IyQ5MiQzNjE0ODEjODEjJDEjJDIjJDgz,7,심장혈관흉부외과,0,0,강서365의원,의원,강서구
JDQ4MTg4MSM1MSMkMiMkOCMkMDAkMzgxMTkxIzIxIyQxIyQ5IyQ5MiQzNjE0ODEjODEjJDEjJDIjJDgz,9,마취통증의학과,0,0,강서365의원,의원,강서구
JDQ4MTg4MSM1MSMkMiMkOCMkMDAkMzgxMTkxIzIxIyQxIyQ5IyQ5MiQzNjE0ODEjODEjJDEjJDIjJDgz,11,소아청소년과,0,0,강서365의원,의원,강서구
JDQ4MTg4MSM1MSMkMiMkOCMkMDAkMzgxMTkxIzIxIyQxIyQ5IyQ5MiQzNjE0ODEjODEjJDEjJDIjJDgz,12,안과,0,0,강서365의원,의원,강서구
JDQ4MTg4MSM1MSMkMiMkOCMkMDAkMzgxMTkxIzIxIyQxIyQ5IyQ5MiQzNjE0ODEjODEjJDEjJDIjJDgz,13,이비인후과,0,0,강서365의원,의원,강서구
JDQ4MTg4MSM1MSMkMiMkOCMkMDAkMzgxMTkxIzIxIyQxIyQ5IyQ5MiQzNjE0ODEjODEjJDEjJDIjJDgz,14,피부과,0,0,강서365의원,의원,강서구
JDQ4MTg4MSM1MSMkMiMkOCMkMDAkMzgxMTkxIzIxIyQxIyQ5IyQ5MiQzNjE0ODEjODEjJDEjJDIjJDgz,15,비뇨의학과,0,0,강서365의원,의원,강서구
JDQ4MTg4MSM1MSMkMiMkOCMkMDAkMzgxMTkxIzIxIyQxIyQ5IyQ5MiQzNjE0ODEjODEjJDEjJDIjJDgz,16,영상의학과,0,0,강서365의원,의원,강서구
JDQ4MTg4MSM1MSMkMiMkOCMkMDAkMzgxMTkxIzIxIyQxIyQ5IyQ5MiQzNjE0ODEjODEjJDEjJDIjJDgz,23,가정의학과,0,0,강서365의원,의원,강서구
JDQ4MTg4MSM1MSMkMiMkOCMkMDAkMzgxMTkxIzIxIyQxIyQ5IyQ5MiQzNjE0ODEjODEjJDEjJDIjJDgz,24,응급의학과,0,0,강서365의원,의원,강서구
JDQ4MTg4MSM1MSMkMiMkNCMkMDAkNTgxMzUxIzIxIyQxIyQ1IyQ2MiQ0NjEwMDIjNDEjJDEjJDQjJDgz,14,피부과,0,0,강서고려비뇨의학과의원,의원,강서구
JDQ4MTg4MSM1MSMkMiMkNCMkMDAkNTgxMzUxIzIxIyQxIyQ1IyQ2MiQ0NjEwMDIjNDEjJDEjJDQjJDgz,15,비뇨의학과,1,0,강서고려비뇨의학과의원,의원,강서구
JDQ4MTg4MSM1MSMkMiMkNCMkMDAkNDgxMTkxIzMxIyQxIyQzIyQ4OSQyNjE4MzIjNDEjJDEjJDgjJDgz,13,이비인후과,1,0,강서굿모닝이비인후과의원,의원,강서구
JDQ4MTg4MSM1MSMkMiMkMCMkMDAkNDgxMTkxIzIxIyQxIyQ5IyQ5MiQzNjE0ODEjNTEjJDEjJDIjJDgz,1,내과,1,0,강서내과의원,의원,구로구
JDQ4MTg4MSM1MSMkMiMkMCMkMDAkNDgxMTkxIzIxIyQxIyQ5IyQ5MiQzNjE0ODEjNTEjJDEjJDIjJDgz,11,소아청소년과,0,0,강서내과의원,의원,구로구
JDQ4MTg4MSM1MSMkMiMkMCMkMDAkMzgxMTkxIzUxIyQxIyQxIyQ3MiQzNjE4MzIjNjEjJDEjJDgjJDgz,14,피부과,0,0,강서동남의원,의원,양천구
JDQ4MTg4MSM1MSMkMiMkMCMkMDAkMzgxMTkxIzUxIyQxIyQxIyQ3MiQzNjE4MzIjNjEjJDEjJDgjJDgz,15,비뇨의학과,0,0,강서동남의원,의원,양천구
JDQ4MTg4MSM1MSMkMiMkOCMkMDAkMzgxMzUxIzUxIyQyIyQxIyQwMCQyNjE0ODEjNDEjJDEjJDgjJDgz,1,내과,2,0,강서바른내과의원,의원,강서구
JDQ4MTg4MSM1MSMkMiMkOCMkMDAkMzgxMzUxIzUxIyQyIyQxIyQwMCQyNjE0ODEjNDEjJDEjJDgjJDgz,2,신경과,0,0,강서바른내과의원,의원,강서구
JDQ4MTg4MSM1MSMkMiMkOCMkMDAkMzgxMzUxIzUxIyQyIyQxIyQwMCQyNjE0ODEjNDEjJDEjJDgjJDgz,11,소아청소년과,0,0,강서바른내과의원,의원,강서구
JDQ4MTg4MSM1MSMkMiMkOCMkMDAkMzgxMzUxIzUxIyQyIyQxIyQwMCQyNjE0ODEjNDEjJDEjJDgjJDgz,13,이비인후과,0,0,강서바른내과의원,의원,강서구
JDQ4MTg4MSM1MSMkMiMkOCMkMDAkMzgxMzUxIzUxIyQyIyQxIyQwMCQyNjE0ODEjNDEjJDEjJDgjJDgz,14,피부과,0,0,강서바른내과의원,의원,강서구
JDQ4MTg4MSM1MSMkMiMkOCMkMDAkMzgxMzUxIzUxIyQyIyQxIyQwMCQyNjE0ODEjNDEjJDEjJDgjJDgz,15,비뇨의학과,0,0,강서바른내과의원,의원,강서구
JDQ4MTg4MSM1MSMkMiMkOCMkMDAkMzgxMzUxIzMxIyQxIyQzIyQ2MiQzNjE4MzIjNjEjJDEjJDgjJDgz,5,정형외과,0,0,강서바른재활의학과의원,의원,강서구
JDQ4MTg4MSM1MSMkMiMkOCMkMDAkMzgxMzUxIzMxIyQxIyQzIyQ2MiQzNjE4MzIjNjEjJDEjJDgjJDgz,6,신경외과,0,0,강서바른재활의학과의원,의원,강서구
JDQ4MTg4MSM1MSMkMiMkOCMkMDAkMzgxMzUxIzMxIyQxIyQzIyQ2MiQzNjE4MzIjNjEjJDEjJDgjJDgz,9,마취통증의학과,1,0,강서바른재활의학과의원,의원,강서구
JDQ4MTg4MSM1MSMkMiMkOCMkMDAkMzgxMzUxIzMxIyQxIyQzIyQ2MiQzNjE4MzIjNjEjJDEjJDgjJDgz,21,재활의학과,1,0,강서바른재활의학과의원,의원,강서구
JDQ4MTg4MSM1MSMkMiMkNCMkMDAkNTgxOTYxIzUxIyQxIyQxIyQ3MiQzNjE0ODEjNTEjJDEjJDYjJDgz,1,내과,1,0,강서베스트내과의원,의원,강서구
JDQ4MTg4MSM1MSMkMiMkNCMkMDAkNTgxOTYxIzUxIyQxIyQxIyQ3MiQzNjE0ODEjNTEjJDEjJDYjJDgz,2,신경과,0,0,강서베스트내과의원,의원,강서구
JDQ4MTg4MSM1MSMkMiMkNCMkMDAkNTgxOTYxIzUxIyQxIyQxIyQ3MiQzNjE0ODEjNTEjJDEjJDYjJDgz,11,소아청소년과,0,0,강서베스트내과의원,의원,강서구
JDQ4MTg4MSM1MSMkMiMkNCMkMDAkNTgxOTYxIzUxIyQxIyQxIyQ3MiQzNjE0ODEjNTEjJDEjJDYjJDgz,13,이비인후과,0,0,강서베스트내과의원,의원,강서구
JDQ4MTg4MSM1MSMkMiMkNCMkMDAkNTgxOTYxIzUxIyQxIyQxIyQ3MiQzNjE0ODEjNTEjJDEjJDYjJDgz,14,피부과,0,0,강서베스트내과의원,의원,강서구
JDQ4MTg4MSM1MSMkMiMkNCMkMDAkNTgxOTYxIzUxIyQxIyQxIyQ3MiQzNjE0ODEjNTEjJDEjJDYjJDgz,15,비뇨의학과,0,0,강서베스트내과의원,의원,강서구
JDQ4MTg4MSM1MSMkMiMkMCMkMDAkMzgxOTYxIzQxIyQxIyQ3IyQ4OSQzNjEwMDIjODEjJDEjJDYjJDgz,14,피부과,0,0,강서비뇨기과의원,의원,강서구
JDQ4MTg4MSM1MSMkMiMkMCMkMDAkMzgxOTYxIzQxIyQxIyQ3IyQ4OSQzNjEwMDIjODEjJDEjJDYjJDgz,15,비뇨의학과,1,0,강서비뇨기과의원,의원,강서구
JDQ4MTg4MSM1MSMkMiMkNCMkMDAkNTgxMzUxIzMxIyQxIyQzIyQ5OSQzNjE0ODEjNzEjJDEjJDgjJDgz,12,안과,1,0,강서삼성안과의원,의원,강서구
JDQ4MTg4MSM1MSMkMiMkNCMkMDAkNTgxMzUxIzUxIyQxIyQxIyQxMyQzNjE0ODEjNzEjJDEjJDgjJDgz,5,정형외과,1,0,강서삼성정형외과의원,의원,강서구
JDQ4MTg4MSM1MSMkMiMkNCMkMDAkNTgxMzUxIzUxIyQxIyQxIyQxMyQzNjE0ODEjNzEjJDEjJDgjJDgz,6,신경외과,1,0,강서삼성정형외과의원,의원,강서구
JDQ4MTg4MSM1MSMkMiMkNCMkMDAkNTgxMzUxIzUxIyQxIyQxIyQxMyQzNjE0ODEjNzEjJDEjJDgjJDgz,9,마취통증의학과,0,0,강서삼성정형외과의원,의원,강서구
JDQ4MTg4MSM1MSMkMiMkNCMkMDAkNTgxMzUxIzUxIyQxIyQxIyQxMyQzNjE0ODEjNzEjJDEjJDgjJDgz,21,재활의학과,0,0,강서삼성정형외과의원,의원,강서구
JDQ4MTg4MSM1MSMkMiMkMCMkMDAkNDgxNzAyIzMxIyQxIyQ3IyQ3MiQzNjE0ODEjNjEjJDEjJDgjJDgz,1,내과,1,0,강서성모내과의원,의원,강서구
JDQ4MTg4MSM1MSMkMiMkMCMkMDAkNDgxNzAyIzMxIyQxIyQ3IyQ3MiQzNjE0ODEjNjEjJDEjJDgjJDgz,11,소아청소년과,0,0,강서성모내과의원,의원,강서구
JDQ4MTg4MSM1MSMkMiMkMCMkMDAkNDgxNzAyIzMxIyQxIyQ3IyQ3MiQzNjE0ODEjNjEjJDEjJDgjJDgz,13,이비인후과,0,0,강서성모내과의원,의원,강서구
JDQ4MTg4MSM1MSMkMiMkMCMkMDAkNDgxNzAyIzMxIyQxIyQ3IyQ3MiQzNjE0ODEjNjEjJDEjJDgjJDgz,14,피부과,0,0,강서성모내과의원,의원,강서구
JDQ4MTg4MSM1MSMkMiMkOCMkMDAkMzgxMTkxIzQxIyQxIyQ3IyQ5MiQyNjE0ODEjNjEjJDEjJDAjJDgz,1,내과,1,0,강서성모맑은내과의원,의원,강서구
JDQ4MTg4MSM1MSMkMiMkNCMkMDAkMzgxMzUxIzMxIyQxIyQ3IyQ4MiQyNjEyMjIjNTEjJDEjJDIjJDgz,1,내과,0,0,강서신경외과의원,의원,강서구
JDQ4MTg4MSM1MSMkMiMkNCMkMDAkMzgxMzUxIzMxIyQxIyQ3IyQ4MiQyNjEyMjIjNTEjJDEjJDIjJDgz,4,외과,0,0,강서신경외과의원,의원,강서구
JDQ4MTg4MSM1MSMkMiMkNCMkMDAkMzgxMzUxIzMxIyQxIyQ3IyQ4MiQyNjEyMjIjNTEjJDEjJDIjJDgz,5,정형외과,0,0,강서신경외과의원,의원,강서구
JDQ4MTg4MSM1MSMkMiMkNCMkMDAkMzgxMzUxIzMxIyQxIyQ3IyQ4MiQyNjEyMjIjNTEjJDEjJDIjJDgz,6,신경외과,1,0,강서신경외과의원,의원,강서구
JDQ4MTg4MSM1MSMkMiMkNCMkMDAkMzgxMzUxIzMxIyQxIyQ3IyQ4MiQyNjEyMjIjNTEjJDEjJDIjJDgz,11,소아청소년과,0,0,강서신경외과의원,의원,강서구
JDQ4MTg4MSM1MSMkMiMkNCMkMDAkMzgxMzUxIzMxIyQxIyQ3IyQ4MiQyNjEyMjIjNTEjJDEjJDIjJDgz,14,피부과,0,0,강서신경외과의원,의원,강서구
JDQ4MTg4MSM1MSMkMiMkNCMkMDAkMzgxMzUxIzMxIyQxIyQ3IyQ4MiQyNjEyMjIjNTEjJDEjJDIjJDgz,15,비뇨의학과,0,0,강서신경외과의원,의원,강서구
JDQ4MTg4MSM1MSMkMiMkNCMkMDAkNTgxOTYxIzIxIyQxIyQ1IyQwMyQzNjE4MzIjODEjJDEjJDIjJDgz,1,내과,1,0,강서아산내과의원,의원,강서구
JDQ4MTg4MSM1MSMkMiMkNCMkMDAkNTgxOTYxIzIxIyQxIyQ1IyQwMyQzNjE4MzIjODEjJDEjJDIjJDgz,2,신경과,0,0,강서아산내과의원,의원,강서구
JDQ4MTg4MSM1MSMkMiMkNCMkMDAkNTgxOTYxIzIxIyQxIyQ1IyQwMyQzNjE4MzIjODEjJDEjJDIjJDgz,11,소아청소년과,0,0,강서아산내과의원,의원,강서구
JDQ4MTg4MSM1MSMkMiMkNCMkMDAkNTgxOTYxIzIxIyQxIyQ1IyQwMyQzNjE4MzIjODEjJDEjJDIjJDgz,13,이비인후과,0,0,강서아산내과의원,의원,강서구
JDQ4MTg4MSM1MSMkMiMkNCMkMDAkNTgxOTYxIzIxIyQxIyQ1IyQwMyQzNjE4MzIjODEjJDEjJDIjJDgz,14,피부과,0,0,강서아산내과의원,의원,강서구
JDQ4MTg4MSM1MSMkMiMkNCMkMDAkNTgxOTYxIzIxIyQxIyQ1IyQwMyQzNjE4MzIjODEjJDEjJDIjJDgz,15,비뇨의학과,0,0,강서아산내과의원,의원,강서구
JDQ4MTg4MSM1MSMkMiMkNCMkMDAkNTgxOTYxIzIxIyQxIyQ1IyQwMyQzNjE4MzIjODEjJDEjJDIjJDgz,23,가정의학과,0,0,강서아산내과의원,의원,강서구
JDQ4MTg4MSM1MSMkMiMkNCMkMDAkNTgxOTYxIzUxIyQxIyQxIyQ4OSQyNjE0ODEjNDEjJDEjJDgjJDgz,1,내과,0,0,강서아이엠유의원,의원,강서구
JDQ4MTg4MSM1MSMkMiMkNCMkMDAkNTgxOTYxIzUxIyQxIyQxIyQ4OSQyNjE0ODEjNDEjJDEjJDgjJDgz,5,정형외과,0,0,강서아이엠유의원,의원,강서구
JDQ4MTg4MSM1MSMkMiMkNCMkMDAkNTgxOTYxIzUxIyQxIyQxIyQ4OSQyNjE0ODEjNDEjJDEjJDgjJDgz,11,소아청소년과,0,0,강서아이엠유의원,의원,강서구
JDQ4MTg4MSM1MSMkMiMkNCMkMDAkNTgxOTYxIzUxIyQxIyQxIyQ4OSQyNjE0ODEjNDEjJDEjJDgjJDgz,13,이비인후과,0,0,강서아이엠유의원,의원,강서구
JDQ4MTg4MSM1MSMkMiMkNCMkMDAkNTgxOTYxIzUxIyQxIyQxIyQ4OSQyNjE0ODEjNDEjJDEjJDgjJDgz,14,피부과,0,0,강서아이엠유의원,의원,강서구
JDQ4MTg4MSM1MSMkMiMkNCMkMDAkNTgxOTYxIzUxIyQxIyQxIyQ4OSQyNjE0ODEjNDEjJDEjJDgjJDgz,23,가정의학과,1,0,강서아이엠유의원,의원,강서구
JDQ4MTg4MSM1MSMkMiMkNCMkMDAkNDgxOTYxIzUxIyQxIyQxIyQ5MiQzNjE0ODEjNjEjJDEjJDgjJDgz,1,내과,1,0,강서연세내과의원,의원,강서구
JDQ4MTg4MSM1MSMkMiMkNCMkMDAkNDgxOTYxIzUxIyQxIyQxIyQ5MiQzNjE0ODEjNjEjJDEjJDgjJDgz,5,정형외과,0,0,강서연세내과의원,의원,강서구
JDQ4MTg4MSM1MSMkMiMkNCMkMDAkNDgxOTYxIzUxIyQxIyQxIyQ5MiQzNjE0ODEjNjEjJDEjJDgjJDgz,9,마취통증의학과,0,0,강서연세내과의원,의원,강서구
JDQ4MTg4MSM1MSMkMiMkNCMkMDAkNDgxOTYxIzUxIyQxIyQxIyQ5MiQzNjE0ODEjNjEjJDEjJDgjJDgz,11,소아청소년과,0,0,강서연세내과의원,의원,강서구
JDQ4MTg4MSM1MSMkMiMkNCMkMDAkNDgxOTYxIzUxIyQxIyQxIyQ5MiQzNjE0ODEjNjEjJDEjJDgjJDgz,13,이비인후과,0,0,강서연세내과의원,의원,강서구
JDQ4MTg4MSM1MSMkMiMkNCMkMDAkNDgxOTYxIzUxIyQxIyQxIyQ5MiQzNjE0ODEjNjEjJDEjJDgjJDgz,14,피부과,0,0,강서연세내과의원,의원,강서구
JDQ4MTg4MSM1MSMkMiMkNCMkMDAkNDgxOTYxIzUxIyQxIyQxIyQ5MiQzNjE0ODEjNjEjJDEjJDgjJDgz,15,비뇨의학과,0,0,강서연세내과의원,의원,강서구
JDQ4MTg4MSM1MSMkMiMkNCMkMDAkNDgxOTYxIzUxIyQxIyQxIyQ5MiQzNjE0ODEjNjEjJDEjJDgjJDgz,16,영상의학과,0,0,강서연세내과의원,의원,강서구
JDQ4MTg4MSM1MSMkMiMkNCMkMDAkNDgxOTYxIzUxIyQxIyQxIyQ5MiQzNjE0ODEjNjEjJDEjJDgjJDgz,18,병리과,0,0,강서연세내과의원,의원,강서구
JDQ4MTg4MSM1MSMkMiMkNCMkMDAkNDgxOTYxIzUxIyQxIyQxIyQ5MiQzNjE0ODEjNjEjJDEjJDgjJDgz,23,가정의학과,0,0,강서연세내과의원,의원,강서구
JDQ4MTg4MSM1MSMkMiMkNCMkMDAkMzgxMTkxIzUxIyQxIyQxIyQ3OSQyNjEwMDIjNjEjJDEjJDAjJDgz,1,내과,0,0,강서정형외과의원,의원,강서구
JDQ4MTg4MSM1MSMkMiMkNCMkMDAkMzgxMTkxIzUxIyQxIyQxIyQ3OSQyNjEwMDIjNjEjJDEjJDAjJDgz,4,외과,0,0,강서정형외과의원,의원,강서구
JDQ4MTg4MSM1MSMkMiMkNCMkMDAkMzgxMTkxIzUxIyQxIyQxIyQ3OSQyNjEwMDIjNjEjJDEjJDAjJDgz,5,정형외과,1,0,강서정형외과의원,의원,강서구
JDQ4MTg4MSM1MSMkMiMkNCMkMDAkMzgxMTkxIzUxIyQxIyQxIyQ3OSQyNjEwMDIjNjEjJDEjJDAjJDgz,6,신경외과,0,0,강서정형외과의원,의원,강서구
JDQ4MTg4MSM1MSMkMiMkNCMkMDAkMzgxMTkxIzUxIyQxIyQxIyQ3OSQyNjEwMDIjNjEjJDEjJDAjJDgz,11,소아청소년과,0,0,강서정형외과의원,의원,강서구
JDQ4MTg4MSM1MSMkMiMkNCMkMDAkMzgxMTkxIzUxIyQxIyQxIyQ3OSQyNjEwMDIjNjEjJDEjJDAjJDgz,15,비뇨의학과,0,0,강서정형외과의원,의원,강서구
JDQ4MTg4MSM1MSMkMiMkNCMkMDAkMzgxMTkxIzUxIyQxIyQxIyQ3OSQyNjEwMDIjNjEjJDEjJDAjJDgz,16,영상의학과,0,0,강서정형외과의원,의원,강서구
JDQ4MTg4MSM1MSMkMiMkNCMkMDAkMzgxMTkxIzUxIyQxIyQxIyQ3OSQyNjEwMDIjNjEjJDEjJDAjJDgz,21,재활의학과,0,0,강서정형외과의원,의원,강서구
JDQ4MTg4MSM1MSMkMiMkNCMkMDAkMzgxMzUxIzUxIyQyIyQxIyQwMCQzNjEyMjIjNjEjJDEjJDgjJDgz,1,내과,0,0,강서제일의원,의원,강서구
JDQ4MTg4MSM1MSMkMiMkNCMkMDAkMzgxMzUxIzUxIyQyIyQxIyQwMCQzNjEyMjIjNjEjJDEjJDgjJDgz,2,신경과,0,0,강서제일의원,의원,강서구
JDQ4MTg4MSM1MSMkMiMkNCMkMDAkMzgxMzUxIzUxIyQyIyQxIyQwMCQzNjEyMjIjNjEjJDEjJDgjJDgz,3,정신건강의학과,1,0,강서제일의원,의원,강서구
JDQ4MTg4MSM1MSMkMiMkNCMkMDAkMzgxMzUxIzUxIyQyIyQxIyQwMCQzNjEyMjIjNjEjJDEjJDgjJDgz,9,마취통증의학과,0,0,강서제일의원,의원,강서구
JDQ4MTg4MSM1MSMkMiMkNCMkMDAkMzgxMzUxIzUxIyQyIyQxIyQwMCQzNjEyMjIjNjEjJDEjJDgjJDgz,21,재활의학과,0,0,강서제일의원,의원,강서구
JDQ4MTg4MSM1MSMkMiMkMCMkMDAkNDgxNzAyIzUxIyQxIyQxIyQ4OSQ0NjEwMDIjNDEjJDEjJDgjJDgz,1,내과,0,0,강서중앙의원,의원,강서구
JDQ4MTg4MSM1MSMkMiMkMCMkMDAkNDgxNzAyIzUxIyQxIyQxIyQ4OSQ0NjEwMDIjNDEjJDEjJDgjJDgz,5,정형외과,0,0,강서중앙의원,의원,강서구
JDQ4MTg4MSM1MSMkMiMkMCMkMDAkNDgxNzAyIzUxIyQxIyQxIyQ4OSQ0NjEwMDIjNDEjJDEjJDgjJDgz,11,소아청소년과,0,0,강서중앙의원,의원,강서구
JDQ4MTg4MSM1MSMkMiMkMCMkMDAkNDgxNzAyIzUxIyQxIyQxIyQ4OSQ0NjEwMDIjNDEjJDEjJDgjJDgz,13,이비인후과,0,0,강서중앙의원,의원,강서구
JDQ4MTg4MSM1MSMkMiMkMCMkMDAkNDgxNzAyIzUxIyQxIyQxIyQ4OSQ0NjEwMDIjNDEjJDEjJDgjJDgz,14,피부과,0,0,강서중앙의원,의원,강서구
JDQ4MTg4MSM1MSMkMiMkMCMkMDAkNDgxNzAyIzUxIyQxIyQxIyQ4OSQ0NjEwMDIjNDEjJDEjJDgjJDgz,15,비뇨의학과,0,0,강서중앙의원,의원,강서구
JDQ4MTg4MSM1MSMkMiMkOCMkMDAkMzgxMzUxIzIxIyQxIyQ1IyQ3OSQyNjEwMDIjNjEjJDEjJDQjJDgz,1,내과,0,0,강서척정형외과의원,의원,강서구
JDQ4MTg4MSM1MSMkMiMkOCMkMDAkMzgxMzUxIzIxIyQxIyQ1IyQ3OSQyNjEwMDIjNjEjJDEjJDQjJDgz,4,외과,0,0,강서척정형외과의원,의원,강서구
JDQ4MTg4MSM1MSMkMiMkOCMkMDAkMzgxMzUxIzIxIyQxIyQ1IyQ3OSQyNjEwMDIjNjEjJDEjJDQjJDgz,5,정형외과,1,0,강서척정형외과의원,의원,강서구
JDQ4MTg4MSM1MSMkMiMkOCMkMDAkMzgxMzUxIzIxIyQxIyQ1IyQ3OSQyNjEwMDIjNjEjJDEjJDQjJDgz,6,신경외과,0,0,강서척정형외과의원,의원,강서구
JDQ4MTg4MSM1MSMkMiMkOCMkMDAkMzgxMzUxIzIxIyQxIyQ1IyQ3OSQyNjEwMDIjNjEjJDEjJDQjJDgz,7,심장혈관흉부외과,0,0,강서척정형외과의원,의원,강서구
JDQ4MTg4MSM1MSMkMiMkOCMkMDAkMzgxMzUxIzIxIyQxIyQ1IyQ3OSQyNjEwMDIjNjEjJDEjJDQjJDgz,9,마취통증의학과,0,0,강서척정형외과의원,의원,강서구
JDQ4MTg4MSM1MSMkMiMkOCMkMDAkMzgxMzUxIzIxIyQxIyQ1IyQ3OSQyNjEwMDIjNjEjJDEjJDQjJDgz,16,영상의학과,0,0,강서척정형외과의원,의원,강서구
JDQ4MTg4MSM1MSMkMiMkOCMkMDAkMzgxMzUxIzIxIyQxIyQ1IyQ3OSQyNjEwMDIjNjEjJDEjJDQjJDgz,19,진단검사의학과,0,0,강서척정형외과의원,의원,강서구
JDQ4MTg4MSM1MSMkMiMkOCMkMDAkMzgxMzUxIzIxIyQxIyQ1IyQ3OSQyNjEwMDIjNjEjJDEjJDQjJDgz,21,재활의학과,0,0,강서척정형외과의원,의원,강서구
JDQ4MTg4MSM1MSMkMiMkOCMkMDAkMzgxMzUxIzIxIyQxIyQ1IyQ3OSQyNjEwMDIjNjEjJDEjJDQjJDgz,23,가정의학과,0,0,강서척정형외과의원,의원,강서구
JDQ4MTg4MSM1MSMkMiMkNCMkMDAkNTgxMzUxIzMxIyQyIyQ3IyQwMCQzNjE4MzIjNjEjJDEjJDQjJDgz,1,내과,0,0,강서큰나무재활의학과의원,의원,강서구
JDQ4MTg4MSM1MSMkMiMkNCMkMDAkNTgxMzUxIzMxIyQyIyQ3IyQwMCQzNjE4MzIjNjEjJDEjJDQjJDgz,2,신경과,0,0,강서큰나무재활의학과의원,의원,강서구
JDQ4MTg4MSM1MSMkMiMkNCMkMDAkNTgxMzUxIzMxIyQyIyQ3IyQwMCQzNjE4MzIjNjEjJDEjJDQjJDgz,4,외과,0,0,강서큰나무재활의학과의원,의원,강서구
JDQ4MTg4MSM1MSMkMiMkNCMkMDAkNTgxMzUxIzMxIyQyIyQ3IyQwMCQzNjE4MzIjNjEjJDEjJDQjJDgz,5,정형외과,0,0,강서큰나무재활의학과의원,의원,강서구
JDQ4MTg4MSM1MSMkMiMkNCMkMDAkNTgxMzUxIzMxIyQyIyQ3IyQwMCQzNjE4MzIjNjEjJDEjJDQjJDgz,6,신경외과,0,0,강서큰나무재활의학과의원,의원,강서구
JDQ4MTg4MSM1MSMkMiMkNCMkMDAkNTgxMzUxIzMxIyQyIyQ3IyQwMCQzNjE4MzIjNjEjJDEjJDQjJDgz,9,마취통증의학과,0,0,강서큰나무재활의학과의원,의원,강서구
JDQ4MTg4MSM1MSMkMiMkNCMkMDAkNTgxMzUxIzMxIyQyIyQ3IyQwMCQzNjE4MzIjNjEjJDEjJDQjJDgz,11,소아청소년과,0,0,강서큰나무재활의학과의원,의원,강서구
JDQ4MTg4MSM1MSMkMiMkNCMkMDAkNTgxMzUxIzMxIyQyIyQ3IyQwMCQzNjE4MzIjNjEjJDEjJDQjJDgz,14,피부과,0,0,강서큰나무재활의학과의원,의원,강서구
JDQ4MTg4MSM1MSMkMiMkNCMkMDAkNTgxMzUxIzMxIyQyIyQ3IyQwMCQzNjE4MzIjNjEjJDEjJDQjJDgz,15,비뇨의학과,0,0,강서큰나무재활의학과의원,의원,강서구
JDQ4MTg4MSM1MSMkMiMkNCMkMDAkNTgxMzUxIzMxIyQyIyQ3IyQwMCQzNjE4MzIjNjEjJDEjJDQjJDgz,21,재활의학과,3,0,강서큰나무재활의학과의원,의원,강서구
JDQ4MTg4MSM1MSMkMiMkOCMkMDAkMzgxOTYxIzIxIyQxIyQ5IyQ4MiQzNjE0ODEjNjEjJDEjJDQjJDgz,8,성형외과,0,0,강서톡스앤필의원,의원,강서구
JDQ4MTg4MSM1MSMkMiMkOCMkMDAkMzgxOTYxIzIxIyQxIyQ5IyQ4MiQzNjE0ODEjNjEjJDEjJDQjJDgz,14,피부과,0,0,강서톡스앤필의원,의원,강서구
JDQ4MTg4MSM1MSMkMiMkNCMkMDAkNDgxOTYxIzExIyQxIyQ3IyQxMyQyNjE0ODEjNTEjJDEjJDYjJDgz,13,이비인후과,2,0,강서하나이비인후과의원,의원,강서구
JDQ4MTg4MSM1MSMkMiMkNCMkMDAkMzgxNzAyIzMxIyQxIyQzIyQ4OSQyNjE4MzIjNjEjJDEjJDAjJDgz,1,내과,0,0,강서한빛의원,의원,강서구
JDQ4MTg4MSM1MSMkMiMkNCMkMDAkMzgxNzAyIzMxIyQxIyQzIyQ4OSQyNjE4MzIjNjEjJDEjJDAjJDgz,4,외과,1,0,강서한빛의원,의원,강서구
JDQ4MTg4MSM1MSMkMiMkNCMkMDAkMzgxNzAyIzMxIyQxIyQzIyQ4OSQyNjE4MzIjNjEjJDEjJDAjJDgz,5,정형외과,0,0,강서한빛의원,의원,강서구
JDQ4MTg4MSM1MSMkMiMkNCMkMDAkMzgxNzAyIzMxIyQxIyQzIyQ4OSQyNjE4MzIjNjEjJDEjJDAjJDgz,9,마취통증의학과,0,0,강서한빛의원,의원,강서구
JDQ4MTg4MSM1MSMkMiMkNCMkMDAkMzgxNzAyIzMxIyQxIyQzIyQ4OSQyNjE4MzIjNjEjJDEjJDAjJDgz,11,소아청소년과,0,0,강서한빛의원,의원,강서구
JDQ4MTg4MSM1MSMkMiMkOCMkMDAkMzgxMTkxIzMxIyQxIyQ3IyQ4OSQyNjE4MzIjODEjJDEjJDYjJDgz,5,정형외과,0,0,강서활기찬마취통증의학과의원,의원,강서구
JDQ4MTg4MSM1MSMkMiMkOCMkMDAkMzgxMTkxIzMxIyQxIyQ3IyQ4OSQyNjE4MzIjODEjJDEjJDYjJDgz,9,마취통증의학과,1,0,강서활기찬마취통증의학과의원,의원,강서구
JDQ4MTg4MSM1MSMkMiMkOCMkMDAkMzgxMTkxIzMxIyQxIyQ3IyQ4OSQyNjE4MzIjODEjJDEjJDYjJDgz,21,재활의학과,0,0,강서활기찬마취통증의학과의원,의원,강서구
JDQ4MTg4MSM1MSMkMiMkMCMkMDAkNDgxMTkxIzQxIyQxIyQ3IyQ4OSQyNjE0ODEjNjEjJDEjJDQjJDgz,11,소아청소년과,1,0,강석경소아과의원,의원,은평구
JDQ4MTg4MSM1MSMkMiMkMCMkMDAkNTgxMzUxIzExIyQxIyQzIyQ3OSQyNjE0ODEjNjEjJDEjJDAjJDgz,1,내과,1,0,강성호내과의원,의원,관악구
JDQ4MTg4MSM1MSMkMiMkMCMkMDAkNDgxMTkxIzMxIyQyIyQzIyQwMCQ0NjE0ODEjNTEjJDEjJDIjJDgz,1,내과,0,0,강소아과의원,의원,도봉구
JDQ4MTg4MSM1MSMkMiMkMCMkMDAkNDgxMTkxIzMxIyQyIyQzIyQwMCQ0NjE0ODEjNTEjJDEjJDIjJDgz,11,소아청소년과,1,0,강소아과의원,의원,도봉구
JDQ4MTg4MSM1MSMkMiMkMCMkMDAkNDgxMTkxIzMxIyQyIyQzIyQwMCQ0NjE0ODEjNTEjJDEjJDIjJDgz,12,안과,0,0,강소아과의원,의원,도봉구
JDQ4MTg4MSM1MSMkMiMkMCMkMDAkNDgxMTkxIzMxIyQyIyQzIyQwMCQ0NjE0ODEjNTEjJDEjJDIjJDgz,14,피부과,0,0,강소아과의원,의원,도봉구
JDQ4MTg4MSM1MSMkMiMkMCMkMDAkNTgxOTYxIzUxIyQxIyQxIyQ3MiQyNjEwMDIjNjEjJDEjJDQjJDgz,1,내과,0,0,강소아청소년과의원,의원,성동구
JDQ4MTg4MSM1MSMkMiMkMCMkMDAkNTgxOTYxIzUxIyQxIyQxIyQ3MiQyNjEwMDIjNjEjJDEjJDQjJDgz,11,소아청소년과,1,0,강소아청소년과의원,의원,성동구
JDQ4MTg4MSM1MSMkMiMkMCMkMDAkNTgxOTYxIzUxIyQxIyQxIyQ3MiQyNjEwMDIjNjEjJDEjJDQjJDgz,13,이비인후과,0,0,강소아청소년과의원,의원,성동구
JDQ4MTg4MSM1MSMkMiMkMCMkMDAkNTgxMzUxIzExIyQxIyQ3IyQ3MiQyNjE4MzIjNDEjJDEjJDgjJDgz,2,신경과,0,0,강신경정신과의원,의원,관악구
JDQ4MTg4MSM1MSMkMiMkMCMkMDAkNTgxMzUxIzExIyQxIyQ3IyQ3MiQyNjE4MzIjNDEjJDEjJDgjJDgz,3,정신건강의학과,1,0,강신경정신과의원,의원,관악구
JDQ4MTg4MSM1MSMkMiMkMCMkMDAkNDgxMTkxIzMxIyQxIyQzIyQwMyQzNjE0ODEjNjEjJDEjJDgjJDgz,2,신경과,0,0,강신삼신경정신과의원,의원,동대문구
JDQ4MTg4MSM1MSMkMiMkMCMkMDAkNDgxMTkxIzMxIyQxIyQzIyQwMyQzNjE0ODEjNjEjJDEjJDgjJDgz,3,정신건강의학과,1,0,강신삼신경정신과의원,의원,동대문구
JDQ4MTg4MSM1MSMkMiMkMCMkMDAkNDgxMTkxIzIxIyQyIyQxIyQwMCQzNjE0ODEjNDEjJDEjJDgjJDgz,12,안과,2,0,강안과의원,의원,강서구
JDQ4MTg4MSM1MSMkMiMkMCMkMDAkNDgxMTkxIzIxIyQxIyQ1IyQ4MiQyNjE0ODEjNjEjJDEjJDgjJDgz,1,내과,1,0,강원석내과의원,의원,강북구
JDQ4MTg4MSM1MSMkMiMkMCMkMDAkNDgxMTkxIzIxIyQxIyQ1IyQ4MiQyNjE0ODEjNjEjJDEjJDgjJDgz,11,소아청소년과,0,0,강원석내과의원,의원,강북구
JDQ4MTg4MSM1MSMkMiMkMCMkMDAkNDgxMTkxIzIxIyQxIyQ1IyQ4MiQyNjE0ODEjNjEjJDEjJDgjJDgz,15,비뇨의학과,0,0,강원석내과의원,의원,강북구
JDQ4MTg4MSM1MSMkMiMkMCMkMDAkNDgxMTkxIzIxIyQxIyQ1IyQ4MiQyNjE0ODEjNjEjJDEjJDgjJDgz,16,영상의학과,0,0,강원석내과의원,의원,강북구
JDQ4MTg4MSM1MSMkMiMkMCMkMDAkNDgxMTkxIzIxIyQxIyQ1IyQ4MiQyNjE0ODEjNjEjJDEjJDgjJDgz,19,진단검사의학과,0,0,강원석내과의원,의원,강북구
JDQ4MTg4MSM1MSMkMiMkMCMkMDAkNDgxMTkxIzIxIyQxIyQ1IyQ4MiQyNjE0ODEjNjEjJDEjJDgjJDgz,20,결핵과,0,0,강원석내과의원,의원,강북구
JDQ4MTg4MSM1MSMkMiMkMCMkMDAkMzgxMTkxIzMxIyQxIyQzIyQxMyQzNjE4MzIjNjEjJDEjJDgjJDgz,13,이비인후과,1,0,강이비인후과의원,의원,강서구
JDQ4MTg4MSM1MSMkMiMkNCMkMDAkNDgxNzAyIzQxIyQxIyQ3IyQ4OSQzNjEwMDIjNjEjJDEjJDQjJDgz,1,내과,1,0,강인구내과의원,의원,관악구
JDQ4MTg4MSM1MSMkMiMkOCMkMDAkMzgxOTYxIzIxIyQxIyQxIyQ5OSQzNjE0ODEjNTEjJDEjJDYjJDgz,1,내과,0,0,강인한소아청소년과의원,의원,은평구
JDQ4MTg4MSM1MSMkMiMkOCMkMDAkMzgxOTYxIzIxIyQxIyQxIyQ5OSQzNjE0ODEjNTEjJDEjJDYjJDgz,11,소아청소년과,1,0,강인한소아청소년과의원,의원,은평구
JDQ4MTg4MSM1MSMkMiMkOCMkMDAkMzgxOTYxIzIxIyQxIyQxIyQ5OSQzNjE0ODEjNTEjJDEjJDYjJDgz,13,이비인후과,0,0,강인한소아청소년과의원,의원,은평구
JDQ4MTg4MSM1MSMkMiMkOCMkMDAkMzgxOTYxIzIxIyQxIyQxIyQ5OSQzNjE0ODEjNTEjJDEjJDYjJDgz,14,피부과,0,0,강인한소아청소년과의원,의원,은평구
JDQ4MTg4MSM1MSMkMiMkOCMkMDAkMzgxOTYxIzExIyQxIyQzIyQ5OSQyNjE0ODEjODEjJDEjJDIjJDgz,1,내과,1,0,강일바른내과의원,의원,강동구
JDQ4MTg4MSM1MSMkMiMkOCMkMDAkMzgxMzUxIzIxIyQyIyQ5IyQwMCQzNjEyMjIjNjEjJDEjJDAjJDgz,10,산부인과,1,0,강일서울산부인과의원,의원,강동구
JDQ4MTg4MSM1MSMkMiMkNCMkMDAkNDgxOTYxIzIxIyQxIyQ1IyQ5OSQzNjE4MzIjNTEjJDEjJDIjJDgz,1,내과,1,0,강일성모내과의원,의원,강동구
JDQ4MTg4MSM1MSMkMiMkOCMkMDAkMzgxMTkxIzExIyQxIyQ3IyQwMyQ0NjEwMDIjNzEjJDEjJDgjJDgz,1,내과,1,0,강일아산내과의원,의원,강동구
JDQ4MTg4MSM1MSMkMiMkOCMkMDAkMzgxMTkxIzExIyQxIyQ3IyQwMyQ0NjEwMDIjNzEjJDEjJDgjJDgz,13,이비인후과,0,0,강일아산내과의원,의원,강동구
JDQ4MTg4MSM1MSMkMiMkNCMkMDAkNTgxOTYxIzMxIyQxIyQ3IyQxMyQyNjE0ODEjNzEjJDEjJDgjJDgz,1,내과,0,0,강일연세이비인후과의원,의원,강동구
JDQ4MTg4MSM1MSMkMiMkNCMkMDAkNTgxOTYxIzMxIyQxIyQ3IyQxMyQyNjE0ODEjNzEjJDEjJDgjJDgz,11,소아청소년과,0,0,강일연세이비인후과의원,의원,강동구
JDQ4MTg4MSM1MSMkMiMkNCMkMDAkNTgxOTYxIzMxIyQxIyQ3IyQxMyQyNjE0ODEjNzEjJDEjJDgjJDgz,12,안과,0,0,강일연세이비인후과의원,의원,강동구
JDQ4MTg4MSM1MSMkMiMkNCMkMDAkNTgxOTYxIzMxIyQxIyQ3IyQxMyQyNjE0ODEjNzEjJDEjJDgjJDgz,13,이비인후과,1,0,강일연세이비인후과의원,의원,강동구
JDQ4MTg4MSM1MSMkMiMkNCMkMDAkNTgxOTYxIzMxIyQxIyQ3IyQxMyQyNjE0ODEjNzEjJDEjJDgjJDgz,14,피부과,0,0,강일연세이비인후과의원,의원,강동구
JDQ4MTg4MSM1MSMkMiMkMCMkMDAkNDgxOTYxIzMxIyQxIyQ3IyQ4OSQyNjE4MzIjODEjJDEjJDIjJDgz,13,이비인후과,1,0,강일태이비인후과의원,의원,중랑구
JDQ4MTg4MSM1MSMkMiMkNCMkMDAkMzgxMzUxIzMxIyQxIyQ3IyQ2MiQzNjE4MzIjODEjJDEjJDYjJDgz,1,내과,0,0,강재활의학과닥터포유의원,의원,동대문구
JDQ4MTg4MSM1MSMkMiMkNCMkMDAkMzgxMzUxIzMxIyQxIyQ3IyQ2MiQzNjE4MzIjODEjJDEjJDYjJDgz,2,신경과,0,0,강재활의학과닥터포유의원,의원,동대문구
JDQ4MTg4MSM1MSMkMiMkNCMkMDAkMzgxMzUxIzMxIyQxIyQ3IyQ2MiQzNjE4MzIjODEjJDEjJDYjJDgz,4,외과,0,0,강재활의학과닥터포유의원,의원,동대문구
JDQ4MTg4MSM1MSMkMiMkNCMkMDAkMzgxMzUxIzMxIyQxIyQ3IyQ2MiQzNjE4MzIjODEjJDEjJDYjJDgz,5,정형외과,0,0,강재활의학과닥터포유의원,의원,동대문구
JDQ4MTg4MSM1MSMkMiMkNCMkMDAkMzgxMzUxIzMxIyQxIyQ3IyQ2MiQzNjE4MzIjODEjJDEjJDYjJDgz,6,신경외과,0,0,강재활의학과닥터포유의원,의원,동대문구
JDQ4MTg4MSM1MSMkMiMkNCMkMDAkMzgxMzUxIzMxIyQxIyQ3IyQ2MiQzNjE4MzIjODEjJDEjJDYjJDgz,8,성형외과,0,0,강재활의학과닥터포유의원,의원,동대문구
JDQ4MTg4MSM1MSMkMiMkNCMkMDAkMzgxMzUxIzMxIyQxIyQ3IyQ2MiQzNjE4MzIjODEjJDEjJDYjJDgz,14,피부과,0,0,강재활의학과닥터포유의원,의원,동대문구
JDQ4MTg4MSM1MSMkMiMkNCMkMDAkMzgxMzUxIzMxIyQxIyQ3IyQ2MiQzNjE4MzIjODEjJDEjJDYjJDgz,15,비뇨의학과,0,0,강재활의학과닥터포유의원,의원,동대문구
JDQ4MTg4MSM1MSMkMiMkNCMkMDAkMzgxMzUxIzMxIyQxIyQ3IyQ2MiQzNjE4MzIjODEjJDEjJDYjJDgz,16,영상의학과,0,0,강재활의학과닥터포유의원,의원,동대문구
JDQ4MTg4MSM1MSMkMiMkNCMkMDAkMzgxMzUxIzMxIyQxIyQ3IyQ2MiQzNjE4MzIjODEjJDEjJDYjJDgz,21,재활의학과,1,0,강재활의학과닥터포유의원,의원,동대문구
JDQ4MTg4MSM1MSMkMiMkOCMkMDAkMzgxMTkxIzMxIyQyIyQzIyQwMCQzNjEwMDIjNTEjJDEjJDYjJDgz,5,정형외과,0,0,강재활의학과의원,의원,강남구
JDQ4MTg4MSM1MSMkMiMkOCMkMDAkMzgxMTkxIzMxIyQyIyQzIyQwMCQzNjEwMDIjNTEjJDEjJDYjJDgz,9,마취통증의학과,0,0,강재활의학과의원,의원,강남구
JDQ4MTg4MSM1MSMkMiMkOCMkMDAkMzgxMTkxIzMxIyQyIyQzIyQwMCQzNjEwMDIjNTEjJDEjJDYjJDgz,21,재활의학과,1,0,강재활의학과의원,의원,강남구
JDQ4MTg4MSM1MSMkMiMkMCMkMDAkNDgxMTkxIzIxIyQxIyQ5IyQ4MiQyNjE4MzIjNzEjJDEjJDgjJDgz,13,이비인후과,1,0,강정수이비인후과의원,의원,양천구
JDQ4MTg4MSM1MSMkMiMkMCMkMDAkNDgxOTYxIzExIyQxIyQ3IyQ4MiQyNjE4MzIjNTEjJDEjJDIjJDgz,1,내과,1,0,강준구내과의원,의원,도봉구
JDQ4MTg4MSM1MSMkMiMkMCMkMDAkNDgxOTYxIzExIyQxIyQ3IyQ4MiQyNjE4MzIjNTEjJDEjJDIjJDgz,11,소아청소년과,0,0,강준구내과의원,의원,도봉구
JDQ4MTg4MSM1MSMkMiMkMCMkMDAkNDgxOTYxIzExIyQxIyQ3IyQ4MiQyNjE4MzIjNTEjJDEjJDIjJDgz,16,영상의학과,0,0,강준구내과의원,의원,도봉구
JDQ4MTg4MSM1MSMkMiMkMCMkMDAkNDgxOTYxIzExIyQxIyQ3IyQ4MiQyNjE4MzIjNTEjJDEjJDIjJDgz,19,진단검사의학과,0,0,강준구내과의원,의원,도봉구
JDQ4MTg4MSM1MSMkMiMkNCMkMDAkMzgxOTYxIzExIyQxIyQ3IyQ4MiQzNjE4MzIjNzEjJDEjJDgjJDgz,1,내과,0,0,강지혜소아청소년과의원,의원,송파구
JDQ4MTg4MSM1MSMkMiMkNCMkMDAkMzgxOTYxIzExIyQxIyQ3IyQ4MiQzNjE4MzIjNzEjJDEjJDgjJDgz,11,소아청소년과,1,0,강지혜소아청소년과의원,의원,송파구
JDQ4MTg4MSM1MSMkMiMkNCMkMDAkMzgxOTYxIzExIyQxIyQ3IyQ4MiQzNjE4MzIjNzEjJDEjJDgjJDgz,12,안과,0,0,강지혜소아청소년과의원,의원,송파구
JDQ4MTg4MSM1MSMkMiMkNCMkMDAkMzgxOTYxIzExIyQxIyQ3IyQ4MiQzNjE4MzIjNzEjJDEjJDgjJDgz,13,이비인후과,0,0,강지혜소아청소년과의원,의원,송파구
JDQ4MTg4MSM1MSMkMiMkNCMkMDAkMzgxOTYxIzExIyQxIyQ3IyQ4MiQzNjE4MzIjNzEjJDEjJDgjJDgz,14,피부과,0,0,강지혜소아청소년과의원,의원,송파구
JDQ4MTg4MSM1MSMkMiMkMCMkMDAkNDgxNzAyIzMxIyQxIyQ3IyQ3MiQ0NjEwMDIjNzEjJDEjJDgjJDgz,1,내과,1,0,강창원내과의원,의원,은평구
JDQ4MTg4MSM1MSMkMiMkMCMkMDAkNDgxNzAyIzMxIyQxIyQ3IyQ3MiQ0NjEwMDIjNzEjJDEjJDgjJDgz,4,외과,0,0,강창원내과의원,의원,은평구
JDQ4MTg4MSM1MSMkMiMkMCMkMDAkNDgxNzAyIzMxIyQxIyQ3IyQ3MiQ0NjEwMDIjNzEjJDEjJDgjJDgz,10,산부인과,0,0,강창원내과의원,의원,은평구
JDQ4MTg4MSM1MSMkMiMkMCMkMDAkNDgxNzAyIzMxIyQxIyQ3IyQ3MiQ0NjEwMDIjNzEjJDEjJDgjJDgz,11,소아청소년과,0,0,강창원내과의원,의원,은평구
JDQ4MTg4MSM1MSMkMiMkMCMkMDAkNDgxNzAyIzMxIyQxIyQ3IyQ3MiQ0NjEwMDIjNzEjJDEjJDgjJDgz,13,이비인후과,0,0,강창원내과의원,의원,은평구
JDQ4MTg4MSM1MSMkMiMkMCMkMDAkNDgxNzAyIzMxIyQxIyQ3IyQ3MiQ0NjEwMDIjNzEjJDEjJDgjJDgz,14,피부과,0,0,강창원내과의원,의원,은평구
JDQ4MTg4MSM1MSMkMiMkMCMkMDAkNDgxNzAyIzMxIyQxIyQ3IyQ3MiQ0NjEwMDIjNzEjJDEjJDgjJDgz,15,비뇨의학과,0,0,강창원내과의원,의원,은평구
JDQ4MTg4MSM1MSMkMiMkNCMkMDAkNTgxMzUxIzIxIyQxIyQxIyQ3MiQzNjE0ODEjNDEjJDEjJDQjJDgz,1,내과,1,0,강태영내과의원,의원,성동구
JDQ4MTg4MSM1MSMkMiMkNCMkMDAkNTgxMzUxIzIxIyQxIyQxIyQ3MiQzNjE0ODEjNDEjJDEjJDQjJDgz,5,정형외과,0,0,강태영내과의원,의원,성동구
JDQ4MTg4MSM1MSMkMiMkNCMkMDAkNDgxOTYxIzMxIyQxIyQ3IyQ5OSQyNjE0ODEjNjEjJDEjJDAjJDgz,14,피부과,1,0,강태욱피부과의원,의원,성동구
JDQ4MTg4MSM1MSMkMiMkNCMkMDAkNTgxOTYxIzUxIyQxIyQ1IyQ5MiQzNjEyMjIjNDEjJDEjJDgjJDgz,1,내과,2,0,강플러스내과의원,의원,송파구
JDQ4MTg4MSM1MSMkMiMkNCMkMDAkNTgxOTYxIzUxIyQxIyQ1IyQ5MiQzNjEyMjIjNDEjJDEjJDgjJDgz,11,소아청소년과,0,0,강플러스내과의원,의원,송파구
JDQ4MTg4MSM1MSMkMiMkNCMkMDAkNTgxOTYxIzUxIyQxIyQ1IyQ5MiQzNjEyMjIjNDEjJDEjJDgjJDgz,13,이비인후과,0,0,강플러스내과의원,의원,송파구
JDQ4MTg4MSM1MSMkMiMkNCMkMDAkMzgxMTkxIzQxIyQxIyQ3IyQ4OSQ0NjE0ODEjNTEjJDEjJDIjJDgz,1,내과,0,0,강피부과의원,의원,금천구
JDQ4MTg4MSM1MSMkMiMkNCMkMDAkMzgxMTkxIzQxIyQxIyQ3IyQ4OSQ0NjE0ODEjNTEjJDEjJDIjJDgz,11,소아청소년과,0,0,강피부과의원,의원,금천구
JDQ4MTg4MSM1MSMkMiMkNCMkMDAkMzgxMTkxIzQxIyQxIyQ3IyQ4OSQ0NjE0ODEjNTEjJDEjJDIjJDgz,14,피부과,1,0,강피부과의원,의원,금천구
JDQ4MTg4MSM1MSMkMiMkNCMkMDAkMzgxMTkxIzQxIyQxIyQ3IyQ4OSQ0NjE0ODEjNTEjJDEjJDIjJDgz,15,비뇨의학과,0,0,강피부과의원,의원,금천구
JDQ4MTg4MSM1MSMkMiMkNCMkMDAkMzgxNzAyIzUxIyQxIyQxIyQ4OSQyNjEwMDIjNzEjJDEjJDgjJDgz,14,피부과,1,0,강피부과의원,의원,성북구
JDQ4MTg4MSM1MSMkMiMkNCMkMDAkNDgxMTkxIzIxIyQxIyQ1IyQ4MiQ0NjEwMDIjNTEjJDEjJDYjJDgz,1,내과,1,0,강한내과의원,의원,서대문구
JDQ4MTg4MSM1MSMkMiMkNCMkMDAkNDgxMTkxIzIxIyQxIyQ1IyQ4MiQ0NjEwMDIjNTEjJDEjJDYjJDgz,11,소아청소년과,0,0,강한내과의원,의원,서대문구
JDQ4MTg4MSM1MSMkMiMkNCMkMDAkNDgxMTkxIzIxIyQxIyQ1IyQ4MiQ0NjEwMDIjNTEjJDEjJDYjJDgz,13,이비인후과,0,0,강한내과의원,의원,서대문구
JDQ4MTg4MSM1MSMkMiMkNCMkMDAkNTgxOTYxIzIxIyQxIyQ5IyQ2MiQ0NjE0ODEjNTEjJDEjJDYjJDgz,14,피부과,0,0,강한미(美)의원,의원,관악구
JDQ4MTg4MSM1MSMkMiMkNCMkMDAkNTgxOTYxIzIxIyQxIyQ5IyQ2MiQ0NjE0ODEjNTEjJDEjJDYjJDgz,23,가정의학과,1,0,강한미(美)의원,의원,관악구
JDQ4MTg4MSM1MSMkMiMkOCMkMDAkMzgxMTkxIzIxIyQxIyQ1IyQxMyQ0NjE0ODEjODEjJDEjJDYjJDgz,1,내과,0,0,강한서울정형외과의원,의원,광진구
JDQ4MTg4MSM1MSMkMiMkOCMkMDAkMzgxMTkxIzIxIyQxIyQ1IyQxMyQ0NjE0ODEjODEjJDEjJDYjJDgz,5,정형외과,1,0,강한서울정형외과의원,의원,광진구
JDQ4MTg4MSM1MSMkMiMkOCMkMDAkMzgxMTkxIzIxIyQxIyQ1IyQxMyQ0NjE0ODEjODEjJDEjJDYjJDgz,6,신경외과,0,0,강한서울정형외과의원,의원,광진구
JDQ4MTg4MSM1MSMkMiMkOCMkMDAkMzgxMTkxIzIxIyQxIyQ1IyQxMyQ0NjE0ODEjODEjJDEjJDYjJDgz,9,마취통증의학과,0,0,강한서울정형외과의원,의원,광진구
JDQ4MTg4MSM1MSMkMiMkOCMkMDAkMzgxMTkxIzIxIyQxIyQ1IyQxMyQ0NjE0ODEjODEjJDEjJDYjJDgz,11,소아청소년과,0,0,강한서울정형외과의원,의원,광진구
JDQ4MTg4MSM1MSMkMiMkOCMkMDAkMzgxMTkxIzIxIyQxIyQ1IyQxMyQ0NjE0ODEjODEjJDEjJDYjJDgz,21,재활의학과,0,0,강한서울정형외과의원,의원,광진구
JDQ4MTg4MSM1MSMkMiMkMCMkMDAkMzgxNzAyIzExIyQxIyQ3IyQxMyQ0NjEwMDIjNTEjJDEjJDIjJDgz,8,성형외과,1,0,강한피부과의원,의원,서초구
JDQ4MTg4MSM1MSMkMiMkMCMkMDAkMzgxNzAyIzExIyQxIyQ3IyQxMyQ0NjEwMDIjNTEjJDEjJDIjJDgz,14,피부과,1,0,강한피부과의원,의원,서초구
JDQ4MTg4MSM1MSMkMiMkMCMkMDAkMzgxNzAyIzIxIyQxIyQ1IyQ4OSQyNjEyMjIjNDEjJDEjJDQjJDgz,14,피부과,0,0,강현수비뇨기과의원,의원,종로구
JDQ4MTg4MSM1MSMkMiMkMCMkMDAkMzgxNzAyIzIxIyQxIyQ1IyQ4OSQyNjEyMjIjNDEjJDEjJDQjJDgz,15,비뇨의학과,1,0,강현수비뇨기과의원,의원,종로구
JDQ4MTg4MSM1MSMkMiMkMCMkMDAkNDgxMTkxIzUxIyQxIyQxIyQ4OSQ0NjE0ODEjNzEjJDEjJDgjJDgz,1,내과,1,0,강호경내과의원,의원,동작구
JDQ4MTg4MSM1MSMkMiMkMCMkMDAkNDgxMTkxIzUxIyQxIyQxIyQ4OSQ0NjE0ODEjNzEjJDEjJDgjJDgz,11,소아청소년과,0,0,강호경내과의원,의원,동작구
JDQ4MTg4MSM1MSMkMiMkMCMkMDAkNDgxMTkxIzUxIyQxIyQxIyQ4OSQ0NjE0ODEjNzEjJDEjJDgjJDgz,23,가정의학과,0,0,강호경내과의원,의원,동작구
JDQ4MTg4MSM1MSMkMiMkNCMkMDAkNTgxMzUxIzQxIyQxIyQ3IyQxMyQyNjE0ODEjODEjJDEjJDIjJDgz,3,정신건강의학과,3,0,같은마음정신건강의학과의원,의원,강북구
JDQ4MTg4MSM1MSMkMiMkOCMkMDAkMzgxMzUxIzMxIyQxIyQzIyQ4OSQyNjE4MzIjNDEjJDEjJDgjJDgz,3,정신건강의학과,2,0,같은마음정신건강의학과의원,의원,영등포구
JDQ4MTg4MSM1MSMkMiMkOCMkMDAkMzgxMTkxIzIxIyQxIyQxIyQ3MiQzNjE4MzIjNjEjJDEjJDQjJDgz,3,정신건강의학과,1,0,같은마음정신건강의학과의원,의원,동대문구
JDQ4MTg4MSM1MSMkMiMkMCMkMDAkNTgxMzUxIzUxIyQxIyQxIyQ4OSQyNjE0ODEjNTEjJDEjJDIjJDgz,3,정신건강의학과,1,0,개운정신건강의학과의원,의원,서초구
JDQ4MTg4MSM1MSMkMiMkNCMkMDAkNTgxMzUxIzIxIyQxIyQ1IyQ5MiQzNjEyMjIjNzEjJDEjJDgjJDgz,5,정형외과,0,0,개포민마취통증의학과의원,의원,강남구
JDQ4MTg4MSM1MSMkMiMkNCMkMDAkNTgxMzUxIzIxIyQxIyQ1IyQ5MiQzNjEyMjIjNzEjJDEjJDgjJDgz,6,신경외과,0,0,개포민마취통증의학과의원,의원,강남구
JDQ4MTg4MSM1MSMkMiMkNCMkMDAkNTgxMzUxIzIxIyQxIyQ1IyQ5MiQzNjEyMjIjNzEjJDEjJDgjJDgz,9,마취통증의학과,1,0,개포민마취통증의학과의원,의원,강남구
JDQ4MTg4MSM1MSMkMiMkNCMkMDAkNTgxMzUxIzIxIyQxIyQ1IyQ5MiQzNjEyMjIjNzEjJDEjJDgjJDgz,21,재활의학과,0,0,개포민마취통증의학과의원,의원,강남구
JDQ4MTg4MSM1MSMkMiMkOCMkMDAkMzgxOTYxIzIxIyQxIyQ1IyQ4OSQ0NjEwMDIjNTEjJDEjJDYjJDgz,12,안과,2,0,개포삼성안과의원,의원,강남구
JDQ4MTg4MSM1MSMkMiMkOCMkMDAkMzgxOTYxIzMxIyQyIyQ3IyQwMCQzNjE4MzIjNDEjJDEjJDgjJDgz,1,내과,2,0,개포삼성앤서울내과의원,의원,강남구
JDQ4MTg4MSM1MSMkMiMkOCMkMDAkMzgxOTYxIzMxIyQyIyQ3IyQwMCQzNjE4MzIjNDEjJDEjJDgjJDgz,10,산부인과,0,0,개포삼성앤서울내과의원,의원,강남구
JDQ4MTg4MSM1MSMkMiMkOCMkMDAkMzgxOTYxIzMxIyQyIyQ3IyQwMCQzNjE4MzIjNDEjJDEjJDgjJDgz,11,소아청소년과,0,0,개포삼성앤서울내과의원,의원,강남구
JDQ4MTg4MSM1MSMkMiMkOCMkMDAkMzgxOTYxIzMxIyQyIyQ3IyQwMCQzNjE4MzIjNDEjJDEjJDgjJDgz,16,영상의학과,0,0,개포삼성앤서울내과의원,의원,강남구
JDQ4MTg4MSM1MSMkMiMkOCMkMDAkMzgxOTYxIzMxIyQyIyQ3IyQwMCQzNjE4MzIjNDEjJDEjJDgjJDgz,23,가정의학과,0,0,개포삼성앤서울내과의원,의원,강남구
JDQ4MTg4MSM1MSMkMiMkOCMkMDAkMzgxMzUxIzUxIyQxIyQxIyQ3OSQzNjE4MzIjNjEjJDEjJDgjJDgz,5,정형외과,1,0,개포삼성정형외과의원,의원,강남구
JDQ4MTg4MSM1MSMkMiMkOCMkMDAkMzgxMzUxIzUxIyQxIyQxIyQ3OSQzNjE4MzIjNjEjJDEjJDgjJDgz,6,신경외과,0,0,개포삼성정형외과의원,의원,강남구
JDQ4MTg4MSM1MSMkMiMkOCMkMDAkMzgxMzUxIzUxIyQxIyQxIyQ3OSQzNjE4MzIjNjEjJDEjJDgjJDgz,9,마취통증의학과,0,0,개포삼성정형외과의원,의원,강남구
JDQ4MTg4MSM1MSMkMiMkOCMkMDAkMzgxMzUxIzUxIyQxIyQxIyQ3OSQzNjE4MzIjNjEjJDEjJDgjJDgz,21,재활의학과,0,0,개포삼성정형외과의원,의원,강남구
JDQ4MTg4MSM1MSMkMiMkOCMkMDAkMzgxMzUxIzQxIyQxIyQ3IyQxMyQ0NjEwMDIjNDEjJDEjJDgjJDgz,4,외과,0,0,개포서울통정형외과의원,의원,강남구
JDQ4MTg4MSM1MSMkMiMkOCMkMDAkMzgxMzUxIzQxIyQxIyQ3IyQxMyQ0NjEwMDIjNDEjJDEjJDgjJDgz,5,정형외과,1,0,개포서울통정형외과의원,의원,강남구
JDQ4MTg4MSM1MSMkMiMkOCMkMDAkMzgxMzUxIzQxIyQxIyQ3IyQxMyQ0NjEwMDIjNDEjJDEjJDgjJDgz,6,신경외과,0,0,개포서울통정형외과의원,의원,강남구
JDQ4MTg4MSM1MSMkMiMkOCMkMDAkMzgxMzUxIzQxIyQxIyQ3IyQxMyQ0NjEwMDIjNDEjJDEjJDgjJDgz,9,마취통증의학과,0,0,개포서울통정형외과의원,의원,강남구
JDQ4MTg4MSM1MSMkMiMkOCMkMDAkMzgxMzUxIzQxIyQxIyQ3IyQxMyQ0NjEwMDIjNDEjJDEjJDgjJDgz,21,재활의학과,0,0,개포서울통정형외과의원,의원,강남구
JDQ4MTg4MSM1MSMkMiMkOCMkMDAkMzgxMzUxIzUxIyQxIyQ1IyQ3OSQzNjE4MzIjNTEjJDEjJDIjJDgz,1,내과,0,0,개포센트럴이비인후과의원,의원,강남구
JDQ4MTg4MSM1MSMkMiMkOCMkMDAkMzgxMzUxIzUxIyQxIyQ1IyQ3OSQzNjE4MzIjNTEjJDEjJDIjJDgz,11,소아청소년과,0,0,개포센트럴이비인후과의원,의원,강남구
JDQ4MTg4MSM1MSMkMiMkOCMkMDAkMzgxMzUxIzUxIyQxIyQ1IyQ3OSQzNjE4MzIjNTEjJDEjJDIjJDgz,13,이비인후과,1,0,개포센트럴이비인후과의원,의원,강남구
JDQ4MTg4MSM1MSMkMiMkOCMkMDAkMzgxMzUxIzUxIyQxIyQ1IyQ3OSQzNjE4MzIjNTEjJDEjJDIjJDgz,14,피부과,0,0,개포센트럴이비인후과의원,의원,강남구
JDQ4MTg4MSM1MSMkMiMkOCMkMDAkMzgxMzUxIzUxIyQxIyQxIyQ3OSQzNjE0ODEjNDEjJDEjJDgjJDgz,3,정신건강의학과,1,0,개포숲정신건강의학과의원,의원,강남구
JDQ4MTg4MSM1MSMkMiMkNCMkMDAkNTgxOTYxIzIxIyQyIyQ1IyQwMCQzNjE0ODEjNzEjJDEjJDgjJDgz,14,피부과,4,0,갤러리아피부과의원,의원,서초구
JDQ4MTg4MSM1MSMkMiMkOCMkMDAkMzgxMzUxIzUxIyQxIyQ1IyQwMyQ0NjE0ODEjODEjJDEjJDYjJDgz,1,내과,0,0,갤러리아피부과의원,의원,강남구
JDQ4MTg4MSM1MSMkMiMkOCMkMDAkMzgxMzUxIzUxIyQxIyQ1IyQwMyQ0NjE0ODEjODEjJDEjJDYjJDgz,12,안과,0,0,갤러리아피부과의원,의원,강남구
JDQ4MTg4MSM1MSMkMiMkOCMkMDAkMzgxMzUxIzUxIyQxIyQ1IyQwMyQ0NjE0ODEjODEjJDEjJDYjJDgz,14,피부과,8,0,갤러리아피부과의원,의원,강남구
JDQ4MTg4MSM1MSMkMiMkOCMkMDAkMzgxOTYxIzMxIyQyIyQ3IyQwMCQzNjEyMjIjNTEjJDEjJDIjJDgz,14,피부과,2,0,갤러리아피부과의원,의원,성북구
JDQ4MTg4MSM1MSMkMiMkOCMkMDAkMzgxMTkxIzExIyQxIyQzIyQwMyQzNjE4MzIjNjEjJDEjJDAjJDgz,14,피부과,3,0,갤러리아피부과의원,의원,강동구
JDQ4MTg4MSM1MSMkMiMkNCMkMDAkNDgxMTkxIzUxIyQxIyQxIyQ4MiQyNjEyMjIjODEjJDEjJDIjJDgz,14,피부과,0,0,갤러리의원,의원,강남구
JDQ4MTg4MSM1MSMkMiMkNCMkMDAkNDgxOTYxIzMxIyQxIyQ3IyQ5MiQzNjEyMjIjNDEjJDEjJDQjJDgz,1,내과,2,0,건강그린내과의원,의원,은평구
JDQ4MTg4MSM1MSMkMiMkNCMkMDAkNDgxOTYxIzMxIyQxIyQ3IyQ5MiQzNjEyMjIjNDEjJDEjJDQjJDgz,11,소아청소년과,0,0,건강그린내과의원,의원,은평구
JDQ4MTg4MSM1MSMkMiMkNCMkMDAkNDgxOTYxIzMxIyQxIyQ3IyQ5MiQzNjEyMjIjNDEjJDEjJDQjJDgz,13,이비인후과,0,0,건강그린내과의원,의원,은평구
JDQ4MTg4MSM1MSMkMiMkNCMkMDAkNDgxOTYxIzMxIyQxIyQ3IyQ5MiQzNjEyMjIjNDEjJDEjJDQjJDgz,14,피부과,0,0,건강그린내과의원,의원,은평구
JDQ4MTg4MSM1MSMkMiMkNCMkMDAkNDgxOTYxIzMxIyQxIyQ3IyQ5MiQzNjEyMjIjNDEjJDEjJDQjJDgz,15,비뇨의학과,0,0,건강그린내과의원,의원,은평구
JDQ4MTg4MSM1MSMkMiMkNCMkMDAkNDgxOTYxIzMxIyQxIyQ3IyQ5MiQzNjEyMjIjNDEjJDEjJDQjJDgz,16,영상의학과,0,0,건강그린내과의원,의원,은평구
JDQ4MTg4MSM1MSMkMiMkNCMkMDAkNDgxOTYxIzMxIyQxIyQ3IyQ5MiQzNjEyMjIjNDEjJDEjJDQjJDgz,18,병리과,0,0,건강그린내과의원,의원,은평구
JDQ4MTg4MSM1MSMkMiMkNCMkMDAkMzgxMTkxIzIxIyQxIyQ1IyQ3OSQ0NjE0ODEjNDEjJDEjJDQjJDgz,1,내과,1,0,건강드림내과의원,의원,구로구
JDQ4MTg4MSM1MSMkMiMkNCMkMDAkMzgxMTkxIzIxIyQxIyQ1IyQ3OSQ0NjE0ODEjNDEjJDEjJDQjJDgz,2,신경과,0,0,건강드림내과의원,의원,구로구
JDQ4MTg4MSM1MSMkMiMkNCMkMDAkMzgxMTkxIzIxIyQxIyQ1IyQ3OSQ0NjE0ODEjNDEjJDEjJDQjJDgz,5,정형외과,0,0,건강드림내과의원,의원,구로구
JDQ4MTg4MSM1MSMkMiMkNCMkMDAkMzgxMTkxIzIxIyQxIyQ1IyQ3OSQ0NjE0ODEjNDEjJDEjJDQjJDgz,9,마취통증의학과,0,0,건강드림내과의원,의원,구로구
JDQ4MTg4MSM1MSMkMiMkNCMkMDAkNDgxOTYxIzUxIyQxIyQ1IyQxMyQyNjEwMDIjNTEjJDEjJDIjJDgz,1,내과,1,0,건강드림내과의원,의원,강북구
JDQ4MTg4MSM1MSMkMiMkNCMkMDAkNDgxOTYxIzUxIyQxIyQ1IyQxMyQyNjEwMDIjNTEjJDEjJDIjJDgz,11,소아청소년과,0,0,건강드림내과의원,의원,강북구
JDQ4MTg4MSM1MSMkMiMkNCMkMDAkNDgxMTkxIzUxIyQxIyQ1IyQ4MiQyNjE4MzIjNTEjJDEjJDIjJDgz,1,내과,0,0,건강드림의원,의원,은평구
JDQ4MTg4MSM1MSMkMiMkNCMkMDAkNDgxMTkxIzUxIyQxIyQ1IyQ4MiQyNjE4MzIjNTEjJDEjJDIjJDgz,5,정형외과,0,0,건강드림의원,의원,은평구
JDQ4MTg4MSM1MSMkMiMkNCMkMDAkNDgxMTkxIzUxIyQxIyQ1IyQ4MiQyNjE4MzIjNTEjJDEjJDIjJDgz,9,마취통증의학과,0,0,건강드림의원,의원,은평구
JDQ4MTg4MSM1MSMkMiMkNCMkMDAkNDgxMTkxIzUxIyQxIyQ1IyQ4MiQyNjE4MzIjNTEjJDEjJDIjJDgz,11,소아청소년과,0,0,건강드림의원,의원,은평구
JDQ4MTg4MSM1MSMkMiMkNCMkMDAkNDgxMTkxIzUxIyQxIyQ1IyQ4MiQyNjE4MzIjNTEjJDEjJDIjJDgz,13,이비인후과,0,0,건강드림의원,의원,은평구
JDQ4MTg4MSM1MSMkMiMkNCMkMDAkNDgxMTkxIzUxIyQxIyQ1IyQ4MiQyNjE4MzIjNTEjJDEjJDIjJDgz,14,피부과,0,0,건강드림의원,의원,은평구
JDQ4MTg4MSM1MSMkMiMkNCMkMDAkNDgxMTkxIzUxIyQxIyQ1IyQ4MiQyNjE4MzIjNTEjJDEjJDIjJDgz,15,비뇨의학과,0,0,건강드림의원,의원,은평구
JDQ4MTg4MSM1MSMkMiMkNCMkMDAkNDgxMTkxIzUxIyQxIyQ1IyQ4MiQyNjE4MzIjNTEjJDEjJDIjJDgz,23,가정의학과,1,0,건강드림의원,의원,은평구
JDQ4MTg4MSM1MSMkMiMkNCMkMDAkNDgxMzUxIzQxIyQxIyQ3IyQ3MiQyNjE0ODEjNzEjJDEjJDgjJDgz,1,내과,2,0,건강미소내과의원,의원,노원구
JDQ4MTg4MSM1MSMkMiMkNCMkMDAkNDgxMzUxIzQxIyQxIyQ3IyQ3MiQyNjE0ODEjNzEjJDEjJDgjJDgz,13,이비인후과,0,0,건강미소내과의원,의원,노원구
JDQ4MTg4MSM1MSMkMiMkNCMkMDAkNDgxMzUxIzQxIyQxIyQ3IyQ3MiQyNjE0ODEjNzEjJDEjJDgjJDgz,16,영상의학과,0,0,건강미소내과의원,의원,노원구
JDQ4MTg4MSM1MSMkMiMkNCMkMDAkNDgxMzUxIzQxIyQxIyQ3IyQ3MiQyNjE0ODEjNzEjJDEjJDgjJDgz,19,진단검사의학과,0,0,건강미소내과의원,의원,노원구
JDQ4MTg4MSM1MSMkMiMkNCMkMDAkNDgxMzUxIzQxIyQxIyQ3IyQ3MiQyNjE0ODEjNzEjJDEjJDgjJDgz,23,가정의학과,0,0,건강미소내과의원,의원,노원구
JDQ4MTg4MSM1MSMkMiMkNCMkMDAkMzgxOTYxIzIxIyQxIyQ1IyQwMyQzNjEwMDIjODEjJDEjJDIjJDgz,1,내과,0,0,건강세상의원,의원,구로구
JDQ4MTg4MSM1MSMkMiMkNCMkMDAkMzgxOTYxIzIxIyQxIyQ1IyQwMyQzNjEwMDIjODEjJDEjJDIjJDgz,9,마취통증의학과,0,0,건강세상의원,의원,구로구
JDQ4MTg4MSM1MSMkMiMkNCMkMDAkMzgxOTYxIzIxIyQxIyQ1IyQwMyQzNjEwMDIjODEjJDEjJDIjJDgz,13,이비인후과,0,0,건강세상의원,의원,구로구
JDQ4MTg4MSM1MSMkMiMkNCMkMDAkMzgxOTYxIzIxIyQxIyQ1IyQwMyQzNjEwMDIjODEjJDEjJDIjJDgz,14,피부과,0,0,건강세상의원,의원,구로구
JDQ4MTg4MSM1MSMkMiMkNCMkMDAkMzgxOTYxIzIxIyQxIyQ1IyQwMyQzNjEwMDIjODEjJDEjJDIjJDgz,15,비뇨의학과,0,0,건강세상의원,의원,구로구
JDQ4MTg4MSM1MSMkMiMkNCMkMDAkMzgxOTYxIzIxIyQxIyQ1IyQwMyQzNjEwMDIjODEjJDEjJDIjJDgz,16,영상의학과,2,0,건강세상의원,의원,구로구
JDQ4MTg4MSM1MSMkMiMkNCMkMDAkMzgxOTYxIzIxIyQxIyQ1IyQwMyQzNjEwMDIjODEjJDEjJDIjJDgz,23,가정의학과,1,0,건강세상의원,의원,구로구
JDQ4MTg4MSM1MSMkMiMkNCMkMDAkNTgxMzUxIzUxIyQxIyQxIyQwMyQzNjEyMjIjNjEjJDEjJDgjJDgz,1,내과,0,0,건강의집 의원,의원,강북구
JDQ4MTg4MSM1MSMkMiMkNCMkMDAkNTgxMzUxIzUxIyQxIyQxIyQwMyQzNjEyMjIjNjEjJDEjJDgjJDgz,3,정신건강의학과,0,0,건강의집 의원,의원,강북구
JDQ4MTg4MSM1MSMkMiMkNCMkMDAkNTgxMzUxIzUxIyQxIyQxIyQwMyQzNjEyMjIjNjEjJDEjJDgjJDgz,11,소아청소년과,0,0,건강의집 의원,의원,강북구
JDQ4MTg4MSM1MSMkMiMkNCMkMDAkNTgxMzUxIzUxIyQxIyQxIyQwMyQzNjEyMjIjNjEjJDEjJDgjJDgz,13,이비인후과,0,0,건강의집 의원,의원,강북구
JDQ4MTg4MSM1MSMkMiMkNCMkMDAkNTgxMzUxIzUxIyQxIyQxIyQwMyQzNjEyMjIjNjEjJDEjJDgjJDgz,21,재활의학과,0,0,건강의집 의원,의원,강북구
JDQ4MTg4MSM1MSMkMiMkNCMkMDAkNTgxMzUxIzUxIyQxIyQxIyQwMyQzNjEyMjIjNjEjJDEjJDgjJDgz,23,가정의학과,0,0,건강의집 의원,의원,강북구
JDQ4MTg4MSM1MSMkMiMkNCMkMDAkNTgxMzUxIzUxIyQxIyQxIyQwMyQzNjEyMjIjNjEjJDEjJDgjJDgz,26,예방의학과,0,0,건강의집 의원,의원,강북구
JDQ4MTg4MSM1MSMkMiMkNCMkMDAkMzgxMTkxIzExIyQyIyQzIyQwMCQyNjE0ODEjNzEjJDEjJDgjJDgz,1,내과,0,0,건강제일의원,의원,도봉구
JDQ4MTg4MSM1MSMkMiMkOCMkMDAkMzgxMzUxIzIxIyQxIyQ1IyQ5MiQzNjE4MzIjNjEjJDEjJDQjJDgz,1,내과,0,0,건강하지항외과의원,의원,강서구
JDQ4MTg4MSM1MSMkMiMkOCMkMDAkMzgxMzUxIzIxIyQxIyQ1IyQ5MiQzNjE4MzIjNjEjJDEjJDQjJDgz,2,신경과,0,0,건강하지항외과의원,의원,강서구
JDQ4MTg4MSM1MSMkMiMkOCMkMDAkMzgxMzUxIzIxIyQxIyQ1IyQ5MiQzNjE4MzIjNjEjJDEjJDQjJDgz,4,외과,2,0,건강하지항외과의원,의원,강서구
JDQ4MTg4MSM1MSMkMiMkOCMkMDAkMzgxMzUxIzIxIyQxIyQ1IyQ5MiQzNjE4MzIjNjEjJDEjJDQjJDgz,5,정형외과,0,0,건강하지항외과의원,의원,강서구
JDQ4MTg4MSM1MSMkMiMkOCMkMDAkMzgxMzUxIzIxIyQxIyQ1IyQ5MiQzNjE4MzIjNjEjJDEjJDQjJDgz,6,신경외과,0,0,건강하지항외과의원,의원,강서구
JDQ4MTg4MSM1MSMkMiMkOCMkMDAkMzgxMzUxIzIxIyQxIyQ1IyQ5MiQzNjE4MzIjNjEjJDEjJDQjJDgz,7,심장혈관흉부외과,0,0,건강하지항외과의원,의원,강서구
JDQ4MTg4MSM1MSMkMiMkOCMkMDAkMzgxMzUxIzIxIyQxIyQ1IyQ5MiQzNjE4MzIjNjEjJDEjJDQjJDgz,11,소아청소년과,0,0,건강하지항외과의원,의원,강서구
JDQ4MTg4MSM1MSMkMiMkOCMkMDAkMzgxMzUxIzIxIyQxIyQ1IyQ5MiQzNjE4MzIjNjEjJDEjJDQjJDgz,12,안과,0,0,건강하지항외과의원,의원,강서구
JDQ4MTg4MSM1MSMkMiMkOCMkMDAkMzgxMzUxIzIxIyQxIyQ1IyQ5MiQzNjE4MzIjNjEjJDEjJDQjJDgz,13,이비인후과,0,0,건강하지항외과의원,의원,강서구
JDQ4MTg4MSM1MSMkMiMkOCMkMDAkMzgxMzUxIzIxIyQxIyQ1IyQ5MiQzNjE4MzIjNjEjJDEjJDQjJDgz,14,피부과,0,0,건강하지항외과의원,의원,강서구
JDQ4MTg4MSM1MSMkMiMkOCMkMDAkMzgxMzUxIzIxIyQxIyQ1IyQ5MiQzNjE4MzIjNjEjJDEjJDQjJDgz,15,비뇨의학과,0,0,건강하지항외과의원,의원,강서구
JDQ4MTg4MSM1MSMkMiMkOCMkMDAkMzgxMzUxIzIxIyQxIyQ1IyQ5MiQzNjE4MzIjNjEjJDEjJDQjJDgz,20,결핵과,0,0,건강하지항외과의원,의원,강서구
JDQ4MTg4MSM1MSMkMiMkNCMkMDAkNDgxMTkxIzExIyQyIyQ3IyQwMCQzNjEwMDIjNjEjJDEjJDgjJDgz,1,내과,0,0,건강한 가정의학과의원,의원,강서구
JDQ4MTg4MSM1MSMkMiMkNCMkMDAkNDgxMTkxIzExIyQyIyQ3IyQwMCQzNjEwMDIjNjEjJDEjJDgjJDgz,2,신경과,0,0,건강한 가정의학과의원,의원,강서구
JDQ4MTg4MSM1MSMkMiMkNCMkMDAkNDgxMTkxIzExIyQyIyQ3IyQwMCQzNjEwMDIjNjEjJDEjJDgjJDgz,3,정신건강의학과,0,0,건강한 가정의학과의원,의원,강서구
JDQ4MTg4MSM1MSMkMiMkNCMkMDAkNDgxMTkxIzExIyQyIyQ3IyQwMCQzNjEwMDIjNjEjJDEjJDgjJDgz,4,외과,0,0,건강한 가정의학과의원,의원,강서구
JDQ4MTg4MSM1MSMkMiMkNCMkMDAkNDgxMTkxIzExIyQyIyQ3IyQwMCQzNjEwMDIjNjEjJDEjJDgjJDgz,5,정형외과,0,0,건강한 가정의학과의원,의원,강서구
JDQ4MTg4MSM1MSMkMiMkNCMkMDAkNDgxMTkxIzExIyQyIyQ3IyQwMCQzNjEwMDIjNjEjJDEjJDgjJDgz,6,신경외과,0,0,건강한 가정의학과의원,의원,강서구
JDQ4MTg4MSM1MSMkMiMkNCMkMDAkNDgxMTkxIzExIyQyIyQ3IyQwMCQzNjEwMDIjNjEjJDEjJDgjJDgz,7,심장혈관흉부외과,0,0,건강한 가정의학과의원,의원,강서구
JDQ4MTg4MSM1MSMkMiMkNCMkMDAkNDgxMTkxIzExIyQyIyQ3IyQwMCQzNjEwMDIjNjEjJDEjJDgjJDgz,8,성형외과,0,0,건강한 가정의학과의원,의원,강서구
JDQ4MTg4MSM1MSMkMiMkNCMkMDAkNDgxMTkxIzExIyQyIyQ3IyQwMCQzNjEwMDIjNjEjJDEjJDgjJDgz,9,마취통증의학과,0,0,건강한 가정의학과의원,의원,강서구
JDQ4MTg4MSM1MSMkMiMkNCMkMDAkNDgxMTkxIzExIyQyIyQ3IyQwMCQzNjEwMDIjNjEjJDEjJDgjJDgz,10,산부인과,0,0,건강한 가정의학과의원,의원,강서구
JDQ4MTg4MSM1MSMkMiMkNCMkMDAkNDgxMTkxIzExIyQyIyQ3IyQwMCQzNjEwMDIjNjEjJDEjJDgjJDgz,11,소아청소년과,0,0,건강한 가정의학과의원,의원,강서구
JDQ4MTg4MSM1MSMkMiMkNCMkMDAkNDgxMTkxIzExIyQyIyQ3IyQwMCQzNjEwMDIjNjEjJDEjJDgjJDgz,12,안과,0,0,건강한 가정의학과의원,의원,강서구
JDQ4MTg4MSM1MSMkMiMkNCMkMDAkNDgxMTkxIzExIyQyIyQ3IyQwMCQzNjEwMDIjNjEjJDEjJDgjJDgz,13,이비인후과,0,0,건강한 가정의학과의원,의원,강서구
JDQ4MTg4MSM1MSMkMiMkNCMkMDAkNDgxMTkxIzExIyQyIyQ3IyQwMCQzNjEwMDIjNjEjJDEjJDgjJDgz,14,피부과,0,0,건강한 가정의학과의원,의원,강서구
JDQ4MTg4MSM1MSMkMiMkNCMkMDAkNDgxMTkxIzExIyQyIyQ3IyQwMCQzNjEwMDIjNjEjJDEjJDgjJDgz,15,비뇨의학과,0,0,건강한 가정의학과의원,의원,강서구
JDQ4MTg4MSM1MSMkMiMkNCMkMDAkNDgxMTkxIzExIyQyIyQ3IyQwMCQzNjEwMDIjNjEjJDEjJDgjJDgz,16,영상의학과,0,0,건강한 가정의학과의원,의원,강서구
JDQ4MTg4MSM1MSMkMiMkNCMkMDAkNDgxMTkxIzExIyQyIyQ3IyQwMCQzNjEwMDIjNjEjJDEjJDgjJDgz,21,재활의학과,0,0,건강한 가정의학과의원,의원,강서구
JDQ4MTg4MSM1MSMkMiMkNCMkMDAkNDgxMTkxIzExIyQyIyQ3IyQwMCQzNjEwMDIjNjEjJDEjJDgjJDgz,23,가정의학과,1,0,건강한 가정의학과의원,의원,강서구
JDQ4MTg4MSM1MSMkMiMkNCMkMDAkNDgxOTYxIzIxIyQxIyQxIyQ4MiQ0NjE0ODEjNTEjJDEjJDYjJDgz,1,내과,1,0,건강한내과의원,의원,도봉구
JDQ4MTg4MSM1MSMkMiMkNCMkMDAkNDgxOTYxIzIxIyQxIyQxIyQ4MiQ0NjE0ODEjNTEjJDEjJDYjJDgz,11,소아청소년과,0,0,건강한내과의원,의원,도봉구
JDQ4MTg4MSM1MSMkMiMkNCMkMDAkNDgxOTYxIzIxIyQxIyQxIyQ4MiQ0NjE0ODEjNTEjJDEjJDYjJDgz,13,이비인후과,0,0,건강한내과의원,의원,도봉구
JDQ4MTg4MSM1MSMkMiMkNCMkMDAkNDgxOTYxIzIxIyQxIyQxIyQ4MiQ0NjE0ODEjNTEjJDEjJDYjJDgz,14,피부과,0,0,건강한내과의원,의원,도봉구
JDQ4MTg4MSM1MSMkMiMkNCMkMDAkNDgxOTYxIzIxIyQxIyQxIyQ4MiQ0NjE0ODEjNTEjJDEjJDYjJDgz,15,비뇨의학과,0,0,건강한내과의원,의원,도봉구
JDQ4MTg4MSM1MSMkMiMkNCMkMDAkNDgxOTYxIzIxIyQxIyQxIyQ4MiQ0NjE0ODEjNTEjJDEjJDYjJDgz,23,가정의학과,0,0,건강한내과의원,의원,도봉구
JDQ4MTg4MSM1MSMkMiMkNCMkMDAkNDgxMTkxIzIxIyQxIyQxIyQ3OSQ0NjE0ODEjNjEjJDEjJDQjJDgz,1,내과,1,0,건강한내과의원,의원,송파구
JDQ4MTg4MSM1MSMkMiMkNCMkMDAkNDgxMTkxIzIxIyQxIyQxIyQ3OSQ0NjE0ODEjNjEjJDEjJDQjJDgz,2,신경과,0,0,건강한내과의원,의원,송파구
JDQ4MTg4MSM1MSMkMiMkNCMkMDAkNDgxMTkxIzIxIyQxIyQxIyQ3OSQ0NjE0ODEjNjEjJDEjJDQjJDgz,3,정신건강의학과,0,0,건강한내과의원,의원,송파구
JDQ4MTg4MSM1MSMkMiMkNCMkMDAkNDgxMTkxIzIxIyQxIyQxIyQ3OSQ0NjE0ODEjNjEjJDEjJDQjJDgz,11,소아청소년과,0,0,건강한내과의원,의원,송파구
JDQ4MTg4MSM1MSMkMiMkNCMkMDAkNDgxMTkxIzIxIyQxIyQxIyQ3OSQ0NjE0ODEjNjEjJDEjJDQjJDgz,14,피부과,0,0,건강한내과의원,의원,송파구
JDQ4MTg4MSM1MSMkMiMkNCMkMDAkNDgxMTkxIzIxIyQxIyQxIyQ3OSQ0NjE0ODEjNjEjJDEjJDQjJDgz,16,영상의학과,0,0,건강한내과의원,의원,송파구
JDQ4MTg4MSM1MSMkMiMkNCMkMDAkNDgxMTkxIzIxIyQxIyQxIyQ3OSQ0NjE0ODEjNjEjJDEjJDQjJDgz,19,진단검사의학과,0,0,건강한내과의원,의원,송파구
JDQ4MTg4MSM1MSMkMiMkNCMkMDAkNDgxNzAyIzExIyQxIyQ3IyQwMyQyNjE0ODEjNzEjJDEjJDgjJDgz,1,내과,1,0,건강한내과의원,의원,마포구
JDQ4MTg4MSM1MSMkMiMkMCMkMDAkNDgxNzAyIzIxIyQxIyQxIyQ3MiQ0NjEwMDIjNDEjJDEjJDgjJDgz,1,내과,2,0,건강한성심의원,의원,중랑구
JDQ4MTg4MSM1MSMkMiMkMCMkMDAkNDgxNzAyIzIxIyQxIyQxIyQ3MiQ0NjEwMDIjNDEjJDEjJDgjJDgz,4,외과,1,0,건강한성심의원,의원,중랑구
JDQ4MTg4MSM1MSMkMiMkMCMkMDAkNDgxNzAyIzIxIyQxIyQxIyQ3MiQ0NjEwMDIjNDEjJDEjJDgjJDgz,5,정형외과,0,0,건강한성심의원,의원,중랑구
JDQ4MTg4MSM1MSMkMiMkMCMkMDAkNDgxNzAyIzIxIyQxIyQxIyQ3MiQ0NjEwMDIjNDEjJDEjJDgjJDgz,10,산부인과,0,0,건강한성심의원,의원,중랑구
JDQ4MTg4MSM1MSMkMiMkMCMkMDAkNDgxNzAyIzIxIyQxIyQxIyQ3MiQ0NjEwMDIjNDEjJDEjJDgjJDgz,11,소아청소년과,0,0,건강한성심의원,의원,중랑구
JDQ4MTg4MSM1MSMkMiMkMCMkMDAkNDgxNzAyIzIxIyQxIyQxIyQ3MiQ0NjEwMDIjNDEjJDEjJDgjJDgz,13,이비인후과,0,0,건강한성심의원,의원,중랑구
JDQ4MTg4MSM1MSMkMiMkMCMkMDAkNDgxNzAyIzIxIyQxIyQxIyQ3MiQ0NjEwMDIjNDEjJDEjJDgjJDgz,14,피부과,0,0,건강한성심의원,의원,중랑구
JDQ4MTg4MSM1MSMkMiMkMCMkMDAkNDgxNzAyIzIxIyQxIyQxIyQ3MiQ0NjEwMDIjNDEjJDEjJDgjJDgz,15,비뇨의학과,0,0,건강한성심의원,의원,중랑구
JDQ4MTg4MSM1MSMkMiMkMCMkMDAkNDgxNzAyIzIxIyQxIyQxIyQ3MiQ0NjEwMDIjNDEjJDEjJDgjJDgz,16,영상의학과,0,0,건강한성심의원,의원,중랑구
JDQ4MTg4MSM1MSMkMiMkMCMkMDAkNDgxNzAyIzIxIyQxIyQxIyQ3MiQ0NjEwMDIjNDEjJDEjJDgjJDgz,19,진단검사의학과,0,0,건강한성심의원,의원,중랑구
JDQ4MTg4MSM1MSMkMiMkNCMkMDAkNDgxNzAyIzExIyQxIyQzIyQ4OSQ0NjE0ODEjNjEjJDEjJDQjJDgz,1,내과,2,0,건강한우리내과의원,의원,동대문구
JDQ4MTg4MSM1MSMkMiMkNCMkMDAkNDgxNzAyIzExIyQxIyQzIyQ4OSQ0NjE0ODEjNjEjJDEjJDQjJDgz,11,소아청소년과,0,0,건강한우리내과의원,의원,동대문구
JDQ4MTg4MSM1MSMkMiMkNCMkMDAkNDgxNzAyIzExIyQxIyQzIyQ4OSQ0NjE0ODEjNjEjJDEjJDQjJDgz,13,이비인후과,0,0,건강한우리내과의원,의원,동대문구
JDQ4MTg4MSM1MSMkMiMkNCMkMDAkNDgxNzAyIzExIyQxIyQzIyQ4OSQ0NjE0ODEjNjEjJDEjJDQjJDgz,14,피부과,0,0,건강한우리내과의원,의원,동대문구
JDQ4MTg4MSM1MSMkMiMkNCMkMDAkNDgxNzAyIzExIyQxIyQzIyQ4OSQ0NjE0ODEjNjEjJDEjJDQjJDgz,20,결핵과,0,0,건강한우리내과의원,의원,동대문구
JDQ4MTg4MSM1MSMkMSMkMCMkOTkkMzgxMzUxIzUxIyQxIyQxIyQ4OSQyNjEyMjIjNDEjJDEjJDgjJDgz,1,내과,1,0,낭만병원,병원,동작구
JDQ4MTg4MSM1MSMkMSMkMCMkOTkkMzgxMzUxIzUxIyQxIyQxIyQ4OSQyNjEyMjIjNDEjJDEjJDgjJDgz,4,외과,0,0,낭만병원,병원,동작구
JDQ4MTg4MSM1MSMkMSMkMCMkOTkkMzgxMzUxIzUxIyQxIyQxIyQ4OSQyNjEyMjIjNDEjJDEjJDgjJDgz,5,정형외과,2,0,낭만병원,병원,동작구
JDQ4MTg4MSM1MSMkMSMkMCMkOTkkMzgxMzUxIzUxIyQxIyQxIyQ4OSQyNjEyMjIjNDEjJDEjJDgjJDgz,6,신경외과,0,0,낭만병원,병원,동작구
JDQ4MTg4MSM1MSMkMSMkMCMkOTkkMzgxMzUxIzUxIyQxIyQxIyQ4OSQyNjEyMjIjNDEjJDEjJDgjJDgz,9,마취통증의학과,1,0,낭만병원,병원,동작구
JDQ4MTg4MSM1MSMkMSMkMCMkOTkkMzgxMzUxIzUxIyQxIyQxIyQ4OSQyNjEyMjIjNDEjJDEjJDgjJDgz,16,영상의학과,1,0,낭만병원,병원,동작구
JDQ4MTg4MSM1MSMkMSMkMCMkOTkkMzgxMzUxIzQxIyQxIyQ3IyQwMyQzNjEyMjIjODEjJDEjJDIjJDgz,1,내과,1,0,덕수의료재단 서울브레인병원,병원,영등포구
JDQ4MTg4MSM1MSMkMSMkMCMkOTkkMzgxMzUxIzQxIyQxIyQ3IyQwMyQzNjEyMjIjODEjJDEjJDIjJDgz,2,신경과,0,0,덕수의료재단 서울브레인병원,병원,영등포구
JDQ4MTg4MSM1MSMkMSMkMCMkOTkkMzgxMzUxIzQxIyQxIyQ3IyQwMyQzNjEyMjIjODEjJDEjJDIjJDgz,21,재활의학과,2,0,덕수의료재단 서울브레인병원,병원,영등포구
JDQ4MTg4MSM1MSMkMSMkMCMkOTkkMzgxMzUxIzMxIyQxIyQzIyQxMyQyNjE4MzIjODEjJDEjJDIjJDgz,1,내과,1,0,디앤에프병원,병원,중랑구
JDQ4MTg4MSM1MSMkMSMkMCMkOTkkMzgxMzUxIzMxIyQxIyQzIyQxMyQyNjE4MzIjODEjJDEjJDIjJDgz,5,정형외과,1,0,디앤에프병원,병원,중랑구
JDQ4MTg4MSM1MSMkMSMkMCMkOTkkMzgxMzUxIzIxIyQxIyQ5IyQ4MiQ0NjE0ODEjNDEjJDEjJDgjJDgz,1,내과,4,0,메디힐병원,병원,양천구
JDQ4MTg4MSM1MSMkMSMkMCMkOTkkMzgxMzUxIzIxIyQxIyQ5IyQ4MiQ0NjE0ODEjNDEjJDEjJDgjJDgz,4,외과,2,0,메디힐병원,병원,양천구
JDQ4MTg4MSM1MSMkMSMkMCMkOTkkMzgxMzUxIzIxIyQxIyQ5IyQ4MiQ0NjE0ODEjNDEjJDEjJDgjJDgz,5,정형외과,1,0,메디힐병원,병원,양천구
JDQ4MTg4MSM1MSMkMSMkMCMkOTkkMzgxMzUxIzIxIyQxIyQ5IyQ4MiQ0NjE0ODEjNDEjJDEjJDgjJDgz,6,신경외과,1,0,메디힐병원,병원,양천구
JDQ4MTg4MSM1MSMkMSMkMCMkOTkkMzgxMzUxIzIxIyQxIyQ5IyQ4MiQ0NjE0ODEjNDEjJDEjJDgjJDgz,9,마취통증의학과,0,0,메디힐병원,병원,양천구
JDQ4MTg4MSM1MSMkMSMkMCMkOTkkMzgxMzUxIzIxIyQxIyQ5IyQ4MiQ0NjE0ODEjNDEjJDEjJDgjJDgz,10,산부인과,1,0,메디힐병원,병원,양천구
JDQ4MTg4MSM1MSMkMSMkMCMkOTkkMzgxMzUxIzIxIyQxIyQ5IyQ4MiQ0NjE0ODEjNDEjJDEjJDgjJDgz,13,이비인후과,0,0,메디힐병원,병원,양천구
JDQ4MTg4MSM1MSMkMSMkMCMkOTkkMzgxMzUxIzIxIyQxIyQ5IyQ4MiQ0NjE0ODEjNDEjJDEjJDgjJDgz,14,피부과,0,0,메디힐병원,병원,양천구
JDQ4MTg4MSM1MSMkMSMkMCMkOTkkMzgxMzUxIzIxIyQxIyQ5IyQ4MiQ0NjE0ODEjNDEjJDEjJDgjJDgz,15,비뇨의학과,1,0,메디힐병원,병원,양천구
JDQ4MTg4MSM1MSMkMSMkMCMkOTkkMzgxMzUxIzIxIyQxIyQ5IyQ4MiQ0NjE0ODEjNDEjJDEjJDgjJDgz,16,영상의학과,1,0,메디힐병원,병원,양천구
JDQ4MTg4MSM1MSMkMSMkMCMkOTkkMzgxMzUxIzIxIyQxIyQ5IyQ4MiQ0NjE0ODEjNDEjJDEjJDgjJDgz,19,진단검사의학과,0,0,메디힐병원,병원,양천구
JDQ4MTg4MSM1MSMkMSMkMCMkOTkkMzgxMzUxIzIxIyQxIyQ5IyQ4MiQ0NjE0ODEjNDEjJDEjJDgjJDgz,21,재활의학과,2,0,메디힐병원,병원,양천구
JDQ4MTg4MSM1MSMkMSMkMCMkOTkkMzgxMzUxIzIxIyQxIyQ5IyQ4MiQ0NjE0ODEjNDEjJDEjJDgjJDgz,23,가정의학과,1,0,메디힐병원,병원,양천구
